2026-04-05 20:32:50,823 [Worker-5: Loading available Gradle versions] INFO  o.e.b.c.i.u.g.PublishedGradleVersions - Gradle version information cache is not available. Remote download required.
2026-04-05 20:33:10,321 [Worker-2: Loading available Gradle versions] INFO  o.e.b.c.i.u.g.PublishedGradleVersions - Gradle version information cache is up-to-date. Trying to read.
2026-04-05 20:33:25,161 [Worker-2: Loading available Gradle versions] INFO  o.e.b.c.i.u.g.PublishedGradleVersions - Gradle version information cache is up-to-date. Trying to read.
2026-04-05 20:34:17,036 [Worker-7: Loading available Gradle versions] INFO  o.e.b.c.i.u.g.PublishedGradleVersions - Gradle version information cache is up-to-date. Trying to read.
2026-04-05 20:35:13,361 [Worker-6: Loading available Gradle versions] INFO  o.e.b.c.i.u.g.PublishedGradleVersions - Gradle version information cache is up-to-date. Trying to read.
2026-04-05 20:35:30,619 [Worker-1: Loading available Gradle versions] INFO  o.e.b.c.i.u.g.PublishedGradleVersions - Gradle version information cache is up-to-date. Trying to read.
2026-04-05 21:09:21,750 [ModalContext] INFO  o.e.m.c.i.e.AbstractTransferListenerAdapter - Downloading https://repo.maven.apache.org/maven2/org/apache/maven/archetypes/maven-archetype-quickstart/1.5/maven-archetype-quickstart-1.5.pom
2026-04-05 21:09:21,756 [ModalContext] INFO  o.e.m.c.i.e.AbstractTransferListenerAdapter - Downloaded https://repo.maven.apache.org/maven2/org/apache/maven/archetypes/maven-archetype-quickstart/1.5/maven-archetype-quickstart-1.5.pom
2026-04-05 21:09:21,817 [ModalContext] INFO  o.e.m.c.i.e.AbstractTransferListenerAdapter - Downloading https://repo.maven.apache.org/maven2/org/apache/maven/archetypes/maven-archetype-bundles/1.5/maven-archetype-bundles-1.5.pom
2026-04-05 21:09:21,818 [ModalContext] INFO  o.e.m.c.i.e.AbstractTransferListenerAdapter - Downloaded https://repo.maven.apache.org/maven2/org/apache/maven/archetypes/maven-archetype-bundles/1.5/maven-archetype-bundles-1.5.pom
2026-04-05 21:09:21,866 [ModalContext] INFO  o.e.m.c.i.e.AbstractTransferListenerAdapter - Downloading https://repo.maven.apache.org/maven2/org/apache/maven/maven-parent/43/maven-parent-43.pom
2026-04-05 21:09:21,870 [ModalContext] INFO  o.e.m.c.i.e.AbstractTransferListenerAdapter - Downloaded https://repo.maven.apache.org/maven2/org/apache/maven/maven-parent/43/maven-parent-43.pom
2026-04-05 21:09:21,910 [ModalContext] INFO  o.e.m.c.i.e.AbstractTransferListenerAdapter - Downloading https://repo.maven.apache.org/maven2/org/apache/apache/33/apache-33.pom
2026-04-05 21:09:21,913 [ModalContext] INFO  o.e.m.c.i.e.AbstractTransferListenerAdapter - Downloaded https://repo.maven.apache.org/maven2/org/apache/apache/33/apache-33.pom
2026-04-05 21:09:21,966 [ModalContext] INFO  o.e.m.c.i.e.AbstractTransferListenerAdapter - Downloading https://repo.maven.apache.org/maven2/org/junit/junit-bom/5.10.3/junit-bom-5.10.3.pom
2026-04-05 21:09:21,968 [ModalContext] INFO  o.e.m.c.i.e.AbstractTransferListenerAdapter - Downloaded https://repo.maven.apache.org/maven2/org/junit/junit-bom/5.10.3/junit-bom-5.10.3.pom
2026-04-05 21:09:22,016 [ModalContext] INFO  o.e.m.c.i.e.AbstractTransferListenerAdapter - Downloading https://repo.maven.apache.org/maven2/org/apache/maven/archetypes/maven-archetype-quickstart/1.5/maven-archetype-quickstart-1.5.jar
2026-04-05 21:09:22,018 [ModalContext] INFO  o.e.m.c.i.e.AbstractTransferListenerAdapter - Downloaded https://repo.maven.apache.org/maven2/org/apache/maven/archetypes/maven-archetype-quickstart/1.5/maven-archetype-quickstart-1.5.jar
2026-04-05 21:10:37,838 [Worker-34: Launching mavenrun-dac00305-ebfe-44f4-9163-f960a035dae5] INFO  o.eclipse.m2e.core.internal.Bundles - getClasspathEntries(Bundle=org.eclipse.m2e.maven.runtime_3.9.1101.20251020-1549 [306])
2026-04-05 21:10:37,839 [Worker-34: Launching mavenrun-dac00305-ebfe-44f4-9163-f960a035dae5] INFO  o.eclipse.m2e.core.internal.Bundles - 	Entry: /Users/krishpal/.p2/pool/plugins/org.eclipse.m2e.maven.runtime_3.9.1101.20251020-1549
2026-04-05 21:10:37,839 [Worker-34: Launching mavenrun-dac00305-ebfe-44f4-9163-f960a035dae5] INFO  o.eclipse.m2e.core.internal.Bundles - 	Entry: /Users/krishpal/.p2/pool/plugins/org.eclipse.m2e.maven.runtime_3.9.1101.20251020-1549/jars/aopalliance-1.0.jar
2026-04-05 21:10:37,839 [Worker-34: Launching mavenrun-dac00305-ebfe-44f4-9163-f960a035dae5] INFO  o.eclipse.m2e.core.internal.Bundles - 	Entry: /Users/krishpal/.p2/pool/plugins/org.eclipse.m2e.maven.runtime_3.9.1101.20251020-1549/jars/asm-9.8.jar
2026-04-05 21:10:37,839 [Worker-34: Launching mavenrun-dac00305-ebfe-44f4-9163-f960a035dae5] INFO  o.eclipse.m2e.core.internal.Bundles - 	Entry: /Users/krishpal/.p2/pool/plugins/org.eclipse.m2e.maven.runtime_3.9.1101.20251020-1549/jars/error_prone_annotations-2.38.0.jar
2026-04-05 21:10:37,839 [Worker-34: Launching mavenrun-dac00305-ebfe-44f4-9163-f960a035dae5] INFO  o.eclipse.m2e.core.internal.Bundles - 	Entry: /Users/krishpal/.p2/pool/plugins/org.eclipse.m2e.maven.runtime_3.9.1101.20251020-1549/jars/gson-2.13.1.jar
2026-04-05 21:10:37,839 [Worker-34: Launching mavenrun-dac00305-ebfe-44f4-9163-f960a035dae5] INFO  o.eclipse.m2e.core.internal.Bundles - 	Entry: /Users/krishpal/.p2/pool/plugins/org.eclipse.m2e.maven.runtime_3.9.1101.20251020-1549/jars/guice-5.1.0-classes.jar
2026-04-05 21:10:37,839 [Worker-34: Launching mavenrun-dac00305-ebfe-44f4-9163-f960a035dae5] INFO  o.eclipse.m2e.core.internal.Bundles - 	Entry: /Users/krishpal/.p2/pool/plugins/org.eclipse.m2e.maven.runtime_3.9.1101.20251020-1549/jars/httpclient-4.5.14.jar
2026-04-05 21:10:37,839 [Worker-34: Launching mavenrun-dac00305-ebfe-44f4-9163-f960a035dae5] INFO  o.eclipse.m2e.core.internal.Bundles - 	Entry: /Users/krishpal/.p2/pool/plugins/org.eclipse.m2e.maven.runtime_3.9.1101.20251020-1549/jars/httpcore-4.4.16.jar
2026-04-05 21:10:37,839 [Worker-34: Launching mavenrun-dac00305-ebfe-44f4-9163-f960a035dae5] INFO  o.eclipse.m2e.core.internal.Bundles - 	Entry: /Users/krishpal/.p2/pool/plugins/org.eclipse.m2e.maven.runtime_3.9.1101.20251020-1549/jars/jansi-2.4.2.jar
2026-04-05 21:10:37,839 [Worker-34: Launching mavenrun-dac00305-ebfe-44f4-9163-f960a035dae5] INFO  o.eclipse.m2e.core.internal.Bundles - 	Entry: /Users/krishpal/.p2/pool/plugins/org.eclipse.m2e.maven.runtime_3.9.1101.20251020-1549/jars/jcl-over-slf4j-1.7.36.jar
2026-04-05 21:10:37,839 [Worker-34: Launching mavenrun-dac00305-ebfe-44f4-9163-f960a035dae5] INFO  o.eclipse.m2e.core.internal.Bundles - 	Entry: /Users/krishpal/.p2/pool/plugins/org.eclipse.m2e.maven.runtime_3.9.1101.20251020-1549/jars/maven-artifact-3.9.11.jar
2026-04-05 21:10:37,839 [Worker-34: Launching mavenrun-dac00305-ebfe-44f4-9163-f960a035dae5] INFO  o.eclipse.m2e.core.internal.Bundles - 	Entry: /Users/krishpal/.p2/pool/plugins/org.eclipse.m2e.maven.runtime_3.9.1101.20251020-1549/jars/maven-builder-support-3.9.11.jar
2026-04-05 21:10:37,839 [Worker-34: Launching mavenrun-dac00305-ebfe-44f4-9163-f960a035dae5] INFO  o.eclipse.m2e.core.internal.Bundles - 	Entry: /Users/krishpal/.p2/pool/plugins/org.eclipse.m2e.maven.runtime_3.9.1101.20251020-1549/jars/maven-compat-3.9.11.jar
2026-04-05 21:10:37,839 [Worker-34: Launching mavenrun-dac00305-ebfe-44f4-9163-f960a035dae5] INFO  o.eclipse.m2e.core.internal.Bundles - 	Entry: /Users/krishpal/.p2/pool/plugins/org.eclipse.m2e.maven.runtime_3.9.1101.20251020-1549/jars/maven-core-3.9.11.jar
2026-04-05 21:10:37,839 [Worker-34: Launching mavenrun-dac00305-ebfe-44f4-9163-f960a035dae5] INFO  o.eclipse.m2e.core.internal.Bundles - 	Entry: /Users/krishpal/.p2/pool/plugins/org.eclipse.m2e.maven.runtime_3.9.1101.20251020-1549/jars/maven-embedder-3.9.11.jar
2026-04-05 21:10:37,839 [Worker-34: Launching mavenrun-dac00305-ebfe-44f4-9163-f960a035dae5] INFO  o.eclipse.m2e.core.internal.Bundles - 	Entry: /Users/krishpal/.p2/pool/plugins/org.eclipse.m2e.maven.runtime_3.9.1101.20251020-1549/jars/maven-model-3.9.11.jar
2026-04-05 21:10:37,839 [Worker-34: Launching mavenrun-dac00305-ebfe-44f4-9163-f960a035dae5] INFO  o.eclipse.m2e.core.internal.Bundles - 	Entry: /Users/krishpal/.p2/pool/plugins/org.eclipse.m2e.maven.runtime_3.9.1101.20251020-1549/jars/maven-model-builder-3.9.11.jar
2026-04-05 21:10:37,839 [Worker-34: Launching mavenrun-dac00305-ebfe-44f4-9163-f960a035dae5] INFO  o.eclipse.m2e.core.internal.Bundles - 	Entry: /Users/krishpal/.p2/pool/plugins/org.eclipse.m2e.maven.runtime_3.9.1101.20251020-1549/jars/maven-plugin-api-3.9.11.jar
2026-04-05 21:10:37,839 [Worker-34: Launching mavenrun-dac00305-ebfe-44f4-9163-f960a035dae5] INFO  o.eclipse.m2e.core.internal.Bundles - 	Entry: /Users/krishpal/.p2/pool/plugins/org.eclipse.m2e.maven.runtime_3.9.1101.20251020-1549/jars/maven-repository-metadata-3.9.11.jar
2026-04-05 21:10:37,839 [Worker-34: Launching mavenrun-dac00305-ebfe-44f4-9163-f960a035dae5] INFO  o.eclipse.m2e.core.internal.Bundles - 	Entry: /Users/krishpal/.p2/pool/plugins/org.eclipse.m2e.maven.runtime_3.9.1101.20251020-1549/jars/maven-resolver-api-1.9.24.jar
2026-04-05 21:10:37,839 [Worker-34: Launching mavenrun-dac00305-ebfe-44f4-9163-f960a035dae5] INFO  o.eclipse.m2e.core.internal.Bundles - 	Entry: /Users/krishpal/.p2/pool/plugins/org.eclipse.m2e.maven.runtime_3.9.1101.20251020-1549/jars/maven-resolver-connector-basic-1.9.24.jar
2026-04-05 21:10:37,839 [Worker-34: Launching mavenrun-dac00305-ebfe-44f4-9163-f960a035dae5] INFO  o.eclipse.m2e.core.internal.Bundles - 	Entry: /Users/krishpal/.p2/pool/plugins/org.eclipse.m2e.maven.runtime_3.9.1101.20251020-1549/jars/maven-resolver-impl-1.9.24.jar
2026-04-05 21:10:37,839 [Worker-34: Launching mavenrun-dac00305-ebfe-44f4-9163-f960a035dae5] INFO  o.eclipse.m2e.core.internal.Bundles - 	Entry: /Users/krishpal/.p2/pool/plugins/org.eclipse.m2e.maven.runtime_3.9.1101.20251020-1549/jars/maven-resolver-named-locks-1.9.24.jar
2026-04-05 21:10:37,840 [Worker-34: Launching mavenrun-dac00305-ebfe-44f4-9163-f960a035dae5] INFO  o.eclipse.m2e.core.internal.Bundles - 	Entry: /Users/krishpal/.p2/pool/plugins/org.eclipse.m2e.maven.runtime_3.9.1101.20251020-1549/jars/maven-resolver-provider-3.9.11.jar
2026-04-05 21:10:37,840 [Worker-34: Launching mavenrun-dac00305-ebfe-44f4-9163-f960a035dae5] INFO  o.eclipse.m2e.core.internal.Bundles - 	Entry: /Users/krishpal/.p2/pool/plugins/org.eclipse.m2e.maven.runtime_3.9.1101.20251020-1549/jars/maven-resolver-spi-1.9.24.jar
2026-04-05 21:10:37,840 [Worker-34: Launching mavenrun-dac00305-ebfe-44f4-9163-f960a035dae5] INFO  o.eclipse.m2e.core.internal.Bundles - 	Entry: /Users/krishpal/.p2/pool/plugins/org.eclipse.m2e.maven.runtime_3.9.1101.20251020-1549/jars/maven-resolver-transport-file-1.9.24.jar
2026-04-05 21:10:37,840 [Worker-34: Launching mavenrun-dac00305-ebfe-44f4-9163-f960a035dae5] INFO  o.eclipse.m2e.core.internal.Bundles - 	Entry: /Users/krishpal/.p2/pool/plugins/org.eclipse.m2e.maven.runtime_3.9.1101.20251020-1549/jars/maven-resolver-transport-http-1.9.24.jar
2026-04-05 21:10:37,840 [Worker-34: Launching mavenrun-dac00305-ebfe-44f4-9163-f960a035dae5] INFO  o.eclipse.m2e.core.internal.Bundles - 	Entry: /Users/krishpal/.p2/pool/plugins/org.eclipse.m2e.maven.runtime_3.9.1101.20251020-1549/jars/maven-resolver-transport-wagon-1.9.24.jar
2026-04-05 21:10:37,840 [Worker-34: Launching mavenrun-dac00305-ebfe-44f4-9163-f960a035dae5] INFO  o.eclipse.m2e.core.internal.Bundles - 	Entry: /Users/krishpal/.p2/pool/plugins/org.eclipse.m2e.maven.runtime_3.9.1101.20251020-1549/jars/maven-resolver-util-1.9.24.jar
2026-04-05 21:10:37,840 [Worker-34: Launching mavenrun-dac00305-ebfe-44f4-9163-f960a035dae5] INFO  o.eclipse.m2e.core.internal.Bundles - 	Entry: /Users/krishpal/.p2/pool/plugins/org.eclipse.m2e.maven.runtime_3.9.1101.20251020-1549/jars/maven-settings-3.9.11.jar
2026-04-05 21:10:37,840 [Worker-34: Launching mavenrun-dac00305-ebfe-44f4-9163-f960a035dae5] INFO  o.eclipse.m2e.core.internal.Bundles - 	Entry: /Users/krishpal/.p2/pool/plugins/org.eclipse.m2e.maven.runtime_3.9.1101.20251020-1549/jars/maven-settings-builder-3.9.11.jar
2026-04-05 21:10:37,840 [Worker-34: Launching mavenrun-dac00305-ebfe-44f4-9163-f960a035dae5] INFO  o.eclipse.m2e.core.internal.Bundles - 	Entry: /Users/krishpal/.p2/pool/plugins/org.eclipse.m2e.maven.runtime_3.9.1101.20251020-1549/jars/maven-shared-utils-3.4.2.jar
2026-04-05 21:10:37,840 [Worker-34: Launching mavenrun-dac00305-ebfe-44f4-9163-f960a035dae5] INFO  o.eclipse.m2e.core.internal.Bundles - 	Entry: /Users/krishpal/.p2/pool/plugins/org.eclipse.m2e.maven.runtime_3.9.1101.20251020-1549/jars/org.eclipse.sisu.inject-0.9.0.M4.jar
2026-04-05 21:10:37,840 [Worker-34: Launching mavenrun-dac00305-ebfe-44f4-9163-f960a035dae5] INFO  o.eclipse.m2e.core.internal.Bundles - 	Entry: /Users/krishpal/.p2/pool/plugins/org.eclipse.m2e.maven.runtime_3.9.1101.20251020-1549/jars/org.eclipse.sisu.plexus-0.9.0.M4.jar
2026-04-05 21:10:37,840 [Worker-34: Launching mavenrun-dac00305-ebfe-44f4-9163-f960a035dae5] INFO  o.eclipse.m2e.core.internal.Bundles - 	Entry: /Users/krishpal/.p2/pool/plugins/org.eclipse.m2e.maven.runtime_3.9.1101.20251020-1549/jars/plexus-build-api-0.0.7.jar
2026-04-05 21:10:37,840 [Worker-34: Launching mavenrun-dac00305-ebfe-44f4-9163-f960a035dae5] INFO  o.eclipse.m2e.core.internal.Bundles - 	Entry: /Users/krishpal/.p2/pool/plugins/org.eclipse.m2e.maven.runtime_3.9.1101.20251020-1549/jars/plexus-build-api-1.2.0.jar
2026-04-05 21:10:37,840 [Worker-34: Launching mavenrun-dac00305-ebfe-44f4-9163-f960a035dae5] INFO  o.eclipse.m2e.core.internal.Bundles - 	Entry: /Users/krishpal/.p2/pool/plugins/org.eclipse.m2e.maven.runtime_3.9.1101.20251020-1549/jars/plexus-cipher-2.0.jar
2026-04-05 21:10:37,840 [Worker-34: Launching mavenrun-dac00305-ebfe-44f4-9163-f960a035dae5] INFO  o.eclipse.m2e.core.internal.Bundles - 	Entry: /Users/krishpal/.p2/pool/plugins/org.eclipse.m2e.maven.runtime_3.9.1101.20251020-1549/jars/plexus-classworlds-2.9.0.jar
2026-04-05 21:10:37,840 [Worker-34: Launching mavenrun-dac00305-ebfe-44f4-9163-f960a035dae5] INFO  o.eclipse.m2e.core.internal.Bundles - 	Entry: /Users/krishpal/.p2/pool/plugins/org.eclipse.m2e.maven.runtime_3.9.1101.20251020-1549/jars/plexus-component-annotations-2.2.0.jar
2026-04-05 21:10:37,840 [Worker-34: Launching mavenrun-dac00305-ebfe-44f4-9163-f960a035dae5] INFO  o.eclipse.m2e.core.internal.Bundles - 	Entry: /Users/krishpal/.p2/pool/plugins/org.eclipse.m2e.maven.runtime_3.9.1101.20251020-1549/jars/plexus-interpolation-1.28.jar
2026-04-05 21:10:37,840 [Worker-34: Launching mavenrun-dac00305-ebfe-44f4-9163-f960a035dae5] INFO  o.eclipse.m2e.core.internal.Bundles - 	Entry: /Users/krishpal/.p2/pool/plugins/org.eclipse.m2e.maven.runtime_3.9.1101.20251020-1549/jars/plexus-sec-dispatcher-2.0.jar
2026-04-05 21:10:37,840 [Worker-34: Launching mavenrun-dac00305-ebfe-44f4-9163-f960a035dae5] INFO  o.eclipse.m2e.core.internal.Bundles - 	Entry: /Users/krishpal/.p2/pool/plugins/org.eclipse.m2e.maven.runtime_3.9.1101.20251020-1549/jars/plexus-utils-3.6.0.jar
2026-04-05 21:10:37,840 [Worker-34: Launching mavenrun-dac00305-ebfe-44f4-9163-f960a035dae5] INFO  o.eclipse.m2e.core.internal.Bundles - 	Entry: /Users/krishpal/.p2/pool/plugins/org.eclipse.m2e.maven.runtime_3.9.1101.20251020-1549/jars/wagon-file-3.5.3.jar
2026-04-05 21:10:37,840 [Worker-34: Launching mavenrun-dac00305-ebfe-44f4-9163-f960a035dae5] INFO  o.eclipse.m2e.core.internal.Bundles - 	Entry: /Users/krishpal/.p2/pool/plugins/org.eclipse.m2e.maven.runtime_3.9.1101.20251020-1549/jars/wagon-http-3.5.3.jar
2026-04-05 21:10:37,840 [Worker-34: Launching mavenrun-dac00305-ebfe-44f4-9163-f960a035dae5] INFO  o.eclipse.m2e.core.internal.Bundles - 	Entry: /Users/krishpal/.p2/pool/plugins/org.eclipse.m2e.maven.runtime_3.9.1101.20251020-1549/jars/wagon-http-shared-3.5.3.jar
2026-04-05 21:10:37,840 [Worker-34: Launching mavenrun-dac00305-ebfe-44f4-9163-f960a035dae5] INFO  o.eclipse.m2e.core.internal.Bundles - 	Entry: /Users/krishpal/.p2/pool/plugins/org.eclipse.m2e.maven.runtime_3.9.1101.20251020-1549/jars/wagon-provider-api-3.5.3.jar
2026-04-05 21:10:37,840 [Worker-34: Launching mavenrun-dac00305-ebfe-44f4-9163-f960a035dae5] INFO  o.eclipse.m2e.core.internal.Bundles - getClasspathEntries(Bundle=com.google.guava_33.5.0.jre [13])
2026-04-05 21:10:37,840 [Worker-34: Launching mavenrun-dac00305-ebfe-44f4-9163-f960a035dae5] INFO  o.eclipse.m2e.core.internal.Bundles - 	Entry: /Users/krishpal/.p2/pool/plugins/com.google.guava_33.5.0.jre.jar
2026-04-05 21:10:37,840 [Worker-34: Launching mavenrun-dac00305-ebfe-44f4-9163-f960a035dae5] INFO  o.eclipse.m2e.core.internal.Bundles - getClasspathEntries(Bundle=slf4j.api_2.0.17 [530])
2026-04-05 21:10:37,840 [Worker-34: Launching mavenrun-dac00305-ebfe-44f4-9163-f960a035dae5] INFO  o.eclipse.m2e.core.internal.Bundles - 	Entry: /Users/krishpal/.p2/pool/plugins/slf4j.api_2.0.17.jar
2026-04-05 21:10:37,840 [Worker-34: Launching mavenrun-dac00305-ebfe-44f4-9163-f960a035dae5] INFO  o.eclipse.m2e.core.internal.Bundles - getClasspathEntries(Bundle=jakarta.inject.jakarta.inject-api_1.0.5 [24])
2026-04-05 21:10:37,840 [Worker-34: Launching mavenrun-dac00305-ebfe-44f4-9163-f960a035dae5] INFO  o.eclipse.m2e.core.internal.Bundles - 	Entry: /Users/krishpal/.p2/pool/plugins/jakarta.inject.jakarta.inject-api_1.0.5.jar
2026-04-05 21:10:37,840 [Worker-34: Launching mavenrun-dac00305-ebfe-44f4-9163-f960a035dae5] INFO  o.eclipse.m2e.core.internal.Bundles - getClasspathEntries(Bundle=jakarta.annotation-api_1.3.5 [22])
2026-04-05 21:10:37,840 [Worker-34: Launching mavenrun-dac00305-ebfe-44f4-9163-f960a035dae5] INFO  o.eclipse.m2e.core.internal.Bundles - 	Entry: /Users/krishpal/.p2/pool/plugins/jakarta.annotation-api_1.3.5.jar
2026-04-05 21:10:37,840 [Worker-34: Launching mavenrun-dac00305-ebfe-44f4-9163-f960a035dae5] INFO  o.eclipse.m2e.core.internal.Bundles - getClasspathEntries(Bundle=org.apache.commons.cli_1.11.0 [55])
2026-04-05 21:10:37,840 [Worker-34: Launching mavenrun-dac00305-ebfe-44f4-9163-f960a035dae5] INFO  o.eclipse.m2e.core.internal.Bundles - 	Entry: /Users/krishpal/.p2/pool/plugins/org.apache.commons.cli_1.11.0.jar
2026-04-05 21:10:37,840 [Worker-34: Launching mavenrun-dac00305-ebfe-44f4-9163-f960a035dae5] INFO  o.eclipse.m2e.core.internal.Bundles - getClasspathEntries(Bundle=org.apache.commons.commons-codec_1.20.0 [56])
2026-04-05 21:10:37,841 [Worker-34: Launching mavenrun-dac00305-ebfe-44f4-9163-f960a035dae5] INFO  o.eclipse.m2e.core.internal.Bundles - 	Entry: /Users/krishpal/.p2/pool/plugins/org.apache.commons.commons-codec_1.20.0.jar
2026-04-05 21:10:37,841 [Worker-34: Launching mavenrun-dac00305-ebfe-44f4-9163-f960a035dae5] INFO  o.eclipse.m2e.core.internal.Bundles - getClasspathEntries(Bundle=com.google.guava.failureaccess_1.0.3 [14])
2026-04-05 21:10:37,841 [Worker-34: Launching mavenrun-dac00305-ebfe-44f4-9163-f960a035dae5] INFO  o.eclipse.m2e.core.internal.Bundles - 	Entry: /Users/krishpal/.p2/pool/plugins/com.google.guava.failureaccess_1.0.3.jar
2026-04-05 21:10:37,841 [Worker-34: Launching mavenrun-dac00305-ebfe-44f4-9163-f960a035dae5] INFO  o.e.m.i.launch.MavenLaunchDelegate - Run build in "/var/folders/df/w_4wcdd979xfldck5s9lnkdc0000gn/T/m2e-archetypeGenerator8709671014950730230":
2026-04-05 21:10:37,844 [Worker-34: Launching mavenrun-dac00305-ebfe-44f4-9163-f960a035dae5] INFO  o.e.m.i.launch.MavenLaunchDelegate -  mvn  -DjavaCompilerVersion=17 -DjunitVersion=5.11.0 -DarchetypeGroupId=org.apache.maven.archetypes -DarchetypeArtifactId=maven-archetype-quickstart -DarchetypeVersion=1.5 -DgroupId=com.krish -DartifactId=maven-demo -Dversion=0.0.1-SNAPSHOT -Dpackage=com.krish.maven_demo -DoutputDirectory=/Users/krishpal/eclipse-workspace -Dstyle.color=always -U archetype:generate
2026-04-05 21:10:59,103 [Worker-37: Creating maven-archetype-quickstart] INFO  o.e.m.c.i.p.ProjectConfigurationManager - Collecting project info '/pom.xml' /Users/krishpal/eclipse-workspace/maven-demo/pom.xml
2026-04-05 21:10:59,244 [Worker-37: Creating maven-archetype-quickstart] INFO  o.e.m.c.i.e.AbstractTransferListenerAdapter - Downloading https://repo.maven.apache.org/maven2/org/junit/junit-bom/5.11.0/junit-bom-5.11.0.pom
2026-04-05 21:10:59,245 [Worker-37: Creating maven-archetype-quickstart] INFO  o.e.m.c.i.e.AbstractTransferListenerAdapter - Downloaded https://repo.maven.apache.org/maven2/org/junit/junit-bom/5.11.0/junit-bom-5.11.0.pom
2026-04-05 21:10:59,376 [Worker-37: Creating maven-archetype-quickstart] INFO  o.e.m.c.i.e.AbstractTransferListenerAdapter - Downloading https://repo.maven.apache.org/maven2/org/apache/maven/plugins/maven-clean-plugin/3.4.0/maven-clean-plugin-3.4.0.jar
2026-04-05 21:10:59,378 [Worker-37: Creating maven-archetype-quickstart] INFO  o.e.m.c.i.e.AbstractTransferListenerAdapter - Downloaded https://repo.maven.apache.org/maven2/org/apache/maven/plugins/maven-clean-plugin/3.4.0/maven-clean-plugin-3.4.0.jar
2026-04-05 21:10:59,425 [Worker-37: Creating maven-archetype-quickstart] INFO  o.e.m.c.i.e.AbstractTransferListenerAdapter - Downloading https://repo.maven.apache.org/maven2/org/apache/maven/plugins/maven-surefire-plugin/3.3.0/maven-surefire-plugin-3.3.0.jar
2026-04-05 21:10:59,479 [Worker-37: Creating maven-archetype-quickstart] INFO  o.e.m.c.i.e.AbstractTransferListenerAdapter - Downloaded https://repo.maven.apache.org/maven2/org/apache/maven/plugins/maven-surefire-plugin/3.3.0/maven-surefire-plugin-3.3.0.jar
2026-04-05 21:10:59,527 [Worker-37: Creating maven-archetype-quickstart] INFO  o.e.m.c.i.e.AbstractTransferListenerAdapter - Downloading https://repo.maven.apache.org/maven2/org/apache/maven/plugins/maven-jar-plugin/3.4.2/maven-jar-plugin-3.4.2.jar
2026-04-05 21:10:59,540 [Worker-37: Creating maven-archetype-quickstart] INFO  o.e.m.c.i.e.AbstractTransferListenerAdapter - Downloaded https://repo.maven.apache.org/maven2/org/apache/maven/plugins/maven-jar-plugin/3.4.2/maven-jar-plugin-3.4.2.jar
2026-04-05 21:10:59,635 [Worker-37: Creating maven-archetype-quickstart] INFO  o.e.m.c.i.l.LifecycleMappingFactory - Using org.eclipse.m2e.jdt.JarLifecycleMapping lifecycle mapping for MavenProject: com.krish:maven-demo:0.0.1-SNAPSHOT @ /Users/krishpal/eclipse-workspace/maven-demo/pom.xml.
2026-04-05 21:10:59,689 [Worker-37: Creating maven-archetype-quickstart] INFO  o.e.m.c.i.e.AbstractTransferListenerAdapter - Downloading https://repo.maven.apache.org/maven2/org/junit/jupiter/junit-jupiter-api/5.11.0/junit-jupiter-api-5.11.0.pom
2026-04-05 21:10:59,690 [Worker-37: Creating maven-archetype-quickstart] INFO  o.e.m.c.i.e.AbstractTransferListenerAdapter - Downloaded https://repo.maven.apache.org/maven2/org/junit/jupiter/junit-jupiter-api/5.11.0/junit-jupiter-api-5.11.0.pom
2026-04-05 21:10:59,736 [Worker-37: Creating maven-archetype-quickstart] INFO  o.e.m.c.i.e.AbstractTransferListenerAdapter - Downloading https://repo.maven.apache.org/maven2/org/junit/platform/junit-platform-commons/1.11.0/junit-platform-commons-1.11.0.pom
2026-04-05 21:10:59,736 [Worker-37: Creating maven-archetype-quickstart] INFO  o.e.m.c.i.e.AbstractTransferListenerAdapter - Downloaded https://repo.maven.apache.org/maven2/org/junit/platform/junit-platform-commons/1.11.0/junit-platform-commons-1.11.0.pom
2026-04-05 21:10:59,775 [Worker-37: Creating maven-archetype-quickstart] INFO  o.e.m.c.i.e.AbstractTransferListenerAdapter - Downloading https://repo.maven.apache.org/maven2/org/junit/jupiter/junit-jupiter-params/5.11.0/junit-jupiter-params-5.11.0.pom
2026-04-05 21:10:59,776 [Worker-37: Creating maven-archetype-quickstart] INFO  o.e.m.c.i.e.AbstractTransferListenerAdapter - Downloaded https://repo.maven.apache.org/maven2/org/junit/jupiter/junit-jupiter-params/5.11.0/junit-jupiter-params-5.11.0.pom
2026-04-05 21:10:59,825 [Worker-37: Creating maven-archetype-quickstart] INFO  o.e.m.c.i.e.AbstractTransferListenerAdapter - Downloading https://repo.maven.apache.org/maven2/org/junit/jupiter/junit-jupiter-api/5.11.0/junit-jupiter-api-5.11.0.jar
2026-04-05 21:10:59,901 [Worker-37: Creating maven-archetype-quickstart] INFO  o.e.m.c.i.e.AbstractTransferListenerAdapter - Downloaded https://repo.maven.apache.org/maven2/org/junit/jupiter/junit-jupiter-api/5.11.0/junit-jupiter-api-5.11.0.jar
2026-04-05 21:10:59,950 [BasicRepositoryConnector-repo.maven.apache.org-0-1] INFO  o.e.m.c.i.e.AbstractTransferListenerAdapter - Downloading https://repo.maven.apache.org/maven2/org/junit/jupiter/junit-jupiter-params/5.11.0/junit-jupiter-params-5.11.0.jar
2026-04-05 21:11:00,124 [BasicRepositoryConnector-repo.maven.apache.org-0-0] INFO  o.e.m.c.i.e.AbstractTransferListenerAdapter - Downloading https://repo.maven.apache.org/maven2/org/junit/platform/junit-platform-commons/1.11.0/junit-platform-commons-1.11.0.jar
2026-04-05 21:11:00,125 [BasicRepositoryConnector-repo.maven.apache.org-0-1] INFO  o.e.m.c.i.e.AbstractTransferListenerAdapter - Downloaded https://repo.maven.apache.org/maven2/org/junit/jupiter/junit-jupiter-params/5.11.0/junit-jupiter-params-5.11.0.jar
2026-04-05 21:11:00,191 [BasicRepositoryConnector-repo.maven.apache.org-0-0] INFO  o.e.m.c.i.e.AbstractTransferListenerAdapter - Downloaded https://repo.maven.apache.org/maven2/org/junit/platform/junit-platform-commons/1.11.0/junit-platform-commons-1.11.0.jar
2026-04-05 21:11:00,263 [Worker-37: Creating maven-archetype-quickstart] INFO  o.e.m.c.i.e.AbstractTransferListenerAdapter - Downloading https://repo.maven.apache.org/maven2/org/apache/maven/plugins/maven-surefire-plugin/3.3.0/maven-surefire-plugin-3.3.0.pom
2026-04-05 21:11:00,264 [Worker-37: Creating maven-archetype-quickstart] INFO  o.e.m.c.i.e.AbstractTransferListenerAdapter - Downloaded https://repo.maven.apache.org/maven2/org/apache/maven/plugins/maven-surefire-plugin/3.3.0/maven-surefire-plugin-3.3.0.pom
2026-04-05 21:11:00,310 [Worker-37: Creating maven-archetype-quickstart] INFO  o.e.m.c.i.e.AbstractTransferListenerAdapter - Downloading https://repo.maven.apache.org/maven2/org/apache/maven/surefire/surefire/3.3.0/surefire-3.3.0.pom
2026-04-05 21:11:00,311 [Worker-37: Creating maven-archetype-quickstart] INFO  o.e.m.c.i.e.AbstractTransferListenerAdapter - Downloaded https://repo.maven.apache.org/maven2/org/apache/maven/surefire/surefire/3.3.0/surefire-3.3.0.pom
2026-04-05 21:11:00,360 [Worker-37: Creating maven-archetype-quickstart] INFO  o.e.m.c.i.e.AbstractTransferListenerAdapter - Downloading https://repo.maven.apache.org/maven2/org/apache/maven/plugins/maven-jar-plugin/3.4.2/maven-jar-plugin-3.4.2.pom
2026-04-05 21:11:00,361 [Worker-37: Creating maven-archetype-quickstart] INFO  o.e.m.c.i.e.AbstractTransferListenerAdapter - Downloaded https://repo.maven.apache.org/maven2/org/apache/maven/plugins/maven-jar-plugin/3.4.2/maven-jar-plugin-3.4.2.pom
2026-04-05 21:11:00,502 [Worker-37: Creating maven-archetype-quickstart] INFO  o.e.m.j.i.AbstractJavaProjectConfigurator - Adding source folder /maven-demo/src/main/java
2026-04-05 21:11:00,502 [Worker-37: Creating maven-archetype-quickstart] INFO  o.e.m.j.i.AbstractJavaProjectConfigurator - Adding resource folder /maven-demo/src/main/resources
2026-04-05 21:11:00,503 [Worker-37: Creating maven-archetype-quickstart] INFO  o.e.m.j.i.AbstractJavaProjectConfigurator - Adding source folder /maven-demo/src/test/java
2026-04-05 21:11:00,503 [Worker-37: Creating maven-archetype-quickstart] INFO  o.e.m.j.i.AbstractJavaProjectConfigurator - Adding resource folder /maven-demo/src/test/resources
2026-04-05 21:11:00,516 [Worker-37: Creating maven-archetype-quickstart] WARN  o.apache.maven.project.MavenProject - Direct modification of compileSourceRoots through clear() is deprecated and will not work in Maven 4.0.0. Please use the add/remove methods instead. If you're using a plugin that causes this warning, please upgrade to the latest version and report an issue if the warning persists. To disable these warnings, set -Dmaven.project.sourceRoots.warningsDisabled=true on the command line, in the .mvn/maven.config file, or in project POM properties.
2026-04-05 21:11:00,517 [Worker-37: Creating maven-archetype-quickstart] WARN  o.apache.maven.project.MavenProject - Direct modification of compileSourceRoots through add() is deprecated and will not work in Maven 4.0.0. Please use the add/remove methods instead. If you're using a plugin that causes this warning, please upgrade to the latest version and report an issue if the warning persists. To disable these warnings, set -Dmaven.project.sourceRoots.warningsDisabled=true on the command line, in the .mvn/maven.config file, or in project POM properties.
2026-04-05 21:11:00,517 [Worker-37: Creating maven-archetype-quickstart] WARN  o.apache.maven.project.MavenProject - Direct modification of testCompileSourceRoots through clear() is deprecated and will not work in Maven 4.0.0. Please use the add/remove methods instead. If you're using a plugin that causes this warning, please upgrade to the latest version and report an issue if the warning persists. To disable these warnings, set -Dmaven.project.sourceRoots.warningsDisabled=true on the command line, in the .mvn/maven.config file, or in project POM properties.
2026-04-05 21:11:00,517 [Worker-37: Creating maven-archetype-quickstart] WARN  o.apache.maven.project.MavenProject - Direct modification of testCompileSourceRoots through add() is deprecated and will not work in Maven 4.0.0. Please use the add/remove methods instead. If you're using a plugin that causes this warning, please upgrade to the latest version and report an issue if the warning persists. To disable these warnings, set -Dmaven.project.sourceRoots.warningsDisabled=true on the command line, in the .mvn/maven.config file, or in project POM properties.
2026-04-05 21:11:00,525 [Worker-37: Creating maven-archetype-quickstart] INFO  o.e.m.c.i.p.ProjectConfigurationManager - Imported and configured 1 project(s) in 1 sec
2026-04-05 21:11:00,787 [Worker-34: Building] INFO  o.a.m.s.f.DefaultMavenResourcesFiltering - skip non existing resourceDirectory /Users/krishpal/eclipse-workspace/maven-demo/src/main/resources
2026-04-05 21:11:00,789 [Worker-34: Building] INFO  o.a.m.s.f.DefaultMavenResourcesFiltering - skip non existing resourceDirectory /Users/krishpal/eclipse-workspace/maven-demo/src/test/resources
2026-04-05 21:11:00,843 [Worker-34: Building] WARN  o.apache.maven.project.MavenProject - Direct modification of compileSourceRoots through clear() is deprecated and will not work in Maven 4.0.0. Please use the add/remove methods instead. If you're using a plugin that causes this warning, please upgrade to the latest version and report an issue if the warning persists. To disable these warnings, set -Dmaven.project.sourceRoots.warningsDisabled=true on the command line, in the .mvn/maven.config file, or in project POM properties.
2026-04-05 21:11:00,844 [Worker-34: Building] WARN  o.apache.maven.project.MavenProject - Direct modification of compileSourceRoots through add() is deprecated and will not work in Maven 4.0.0. Please use the add/remove methods instead. If you're using a plugin that causes this warning, please upgrade to the latest version and report an issue if the warning persists. To disable these warnings, set -Dmaven.project.sourceRoots.warningsDisabled=true on the command line, in the .mvn/maven.config file, or in project POM properties.
2026-04-05 21:11:00,844 [Worker-34: Building] WARN  o.apache.maven.project.MavenProject - Direct modification of testCompileSourceRoots through clear() is deprecated and will not work in Maven 4.0.0. Please use the add/remove methods instead. If you're using a plugin that causes this warning, please upgrade to the latest version and report an issue if the warning persists. To disable these warnings, set -Dmaven.project.sourceRoots.warningsDisabled=true on the command line, in the .mvn/maven.config file, or in project POM properties.
2026-04-05 21:11:00,844 [Worker-34: Building] WARN  o.apache.maven.project.MavenProject - Direct modification of testCompileSourceRoots through add() is deprecated and will not work in Maven 4.0.0. Please use the add/remove methods instead. If you're using a plugin that causes this warning, please upgrade to the latest version and report an issue if the warning persists. To disable these warnings, set -Dmaven.project.sourceRoots.warningsDisabled=true on the command line, in the .mvn/maven.config file, or in project POM properties.
2026-04-05 21:11:01,633 [Worker-40: Download sources and javadoc] INFO  o.e.m.c.i.e.AbstractTransferListenerAdapter - Downloading https://repo.maven.apache.org/maven2/org/junit/jupiter/junit-jupiter-api/5.11.0/junit-jupiter-api-5.11.0-sources.jar
2026-04-05 21:11:01,808 [Worker-40: Download sources and javadoc] INFO  o.e.m.c.i.e.AbstractTransferListenerAdapter - Downloaded https://repo.maven.apache.org/maven2/org/junit/jupiter/junit-jupiter-api/5.11.0/junit-jupiter-api-5.11.0-sources.jar
2026-04-05 21:11:01,809 [Worker-40: Download sources and javadoc] INFO  o.e.m.j.internal.DownloadSourcesJob - Downloaded sources for org.junit.jupiter:junit-jupiter-api:5.11.0
2026-04-05 21:11:01,924 [Worker-40: Download sources and javadoc] INFO  o.e.m.c.i.e.AbstractTransferListenerAdapter - Downloading https://repo.maven.apache.org/maven2/org/opentest4j/opentest4j/1.3.0/opentest4j-1.3.0-sources.jar
2026-04-05 21:11:01,926 [Worker-40: Download sources and javadoc] INFO  o.e.m.c.i.e.AbstractTransferListenerAdapter - Downloaded https://repo.maven.apache.org/maven2/org/opentest4j/opentest4j/1.3.0/opentest4j-1.3.0-sources.jar
2026-04-05 21:11:01,927 [Worker-40: Download sources and javadoc] INFO  o.e.m.j.internal.DownloadSourcesJob - Downloaded sources for org.opentest4j:opentest4j:1.3.0
2026-04-05 21:11:02,042 [Worker-40: Download sources and javadoc] INFO  o.e.m.c.i.e.AbstractTransferListenerAdapter - Downloading https://repo.maven.apache.org/maven2/org/junit/platform/junit-platform-commons/1.11.0/junit-platform-commons-1.11.0-sources.jar
2026-04-05 21:11:02,091 [Worker-40: Download sources and javadoc] INFO  o.e.m.c.i.e.AbstractTransferListenerAdapter - Downloaded https://repo.maven.apache.org/maven2/org/junit/platform/junit-platform-commons/1.11.0/junit-platform-commons-1.11.0-sources.jar
2026-04-05 21:11:02,091 [Worker-40: Download sources and javadoc] INFO  o.e.m.j.internal.DownloadSourcesJob - Downloaded sources for org.junit.platform:junit-platform-commons:1.11.0
2026-04-05 21:11:02,227 [Worker-40: Download sources and javadoc] INFO  o.e.m.c.i.e.AbstractTransferListenerAdapter - Downloading https://repo.maven.apache.org/maven2/org/apiguardian/apiguardian-api/1.1.2/apiguardian-api-1.1.2-sources.jar
2026-04-05 21:11:02,228 [Worker-40: Download sources and javadoc] INFO  o.e.m.c.i.e.AbstractTransferListenerAdapter - Downloaded https://repo.maven.apache.org/maven2/org/apiguardian/apiguardian-api/1.1.2/apiguardian-api-1.1.2-sources.jar
2026-04-05 21:11:02,229 [Worker-40: Download sources and javadoc] INFO  o.e.m.j.internal.DownloadSourcesJob - Downloaded sources for org.apiguardian:apiguardian-api:1.1.2
2026-04-05 21:11:02,361 [Worker-40: Download sources and javadoc] INFO  o.e.m.c.i.e.AbstractTransferListenerAdapter - Downloading https://repo.maven.apache.org/maven2/org/junit/jupiter/junit-jupiter-params/5.11.0/junit-jupiter-params-5.11.0-sources.jar
2026-04-05 21:11:02,402 [Worker-40: Download sources and javadoc] INFO  o.e.m.c.i.e.AbstractTransferListenerAdapter - Downloaded https://repo.maven.apache.org/maven2/org/junit/jupiter/junit-jupiter-params/5.11.0/junit-jupiter-params-5.11.0-sources.jar
2026-04-05 21:11:02,405 [Worker-40: Download sources and javadoc] INFO  o.e.m.j.internal.DownloadSourcesJob - Downloaded sources for org.junit.jupiter:junit-jupiter-params:5.11.0
2026-04-05 21:13:47,700 [Worker-40: Launching mavenrun-7038baeb-ddf5-40e6-adfa-4589bec877e9] INFO  o.eclipse.m2e.core.internal.Bundles - getClasspathEntries(Bundle=org.eclipse.m2e.maven.runtime_3.9.1101.20251020-1549 [306])
2026-04-05 21:13:47,701 [Worker-40: Launching mavenrun-7038baeb-ddf5-40e6-adfa-4589bec877e9] INFO  o.eclipse.m2e.core.internal.Bundles - 	Entry: /Users/krishpal/.p2/pool/plugins/org.eclipse.m2e.maven.runtime_3.9.1101.20251020-1549
2026-04-05 21:13:47,701 [Worker-40: Launching mavenrun-7038baeb-ddf5-40e6-adfa-4589bec877e9] INFO  o.eclipse.m2e.core.internal.Bundles - 	Entry: /Users/krishpal/.p2/pool/plugins/org.eclipse.m2e.maven.runtime_3.9.1101.20251020-1549/jars/aopalliance-1.0.jar
2026-04-05 21:13:47,702 [Worker-40: Launching mavenrun-7038baeb-ddf5-40e6-adfa-4589bec877e9] INFO  o.eclipse.m2e.core.internal.Bundles - 	Entry: /Users/krishpal/.p2/pool/plugins/org.eclipse.m2e.maven.runtime_3.9.1101.20251020-1549/jars/asm-9.8.jar
2026-04-05 21:13:47,702 [Worker-40: Launching mavenrun-7038baeb-ddf5-40e6-adfa-4589bec877e9] INFO  o.eclipse.m2e.core.internal.Bundles - 	Entry: /Users/krishpal/.p2/pool/plugins/org.eclipse.m2e.maven.runtime_3.9.1101.20251020-1549/jars/error_prone_annotations-2.38.0.jar
2026-04-05 21:13:47,702 [Worker-40: Launching mavenrun-7038baeb-ddf5-40e6-adfa-4589bec877e9] INFO  o.eclipse.m2e.core.internal.Bundles - 	Entry: /Users/krishpal/.p2/pool/plugins/org.eclipse.m2e.maven.runtime_3.9.1101.20251020-1549/jars/gson-2.13.1.jar
2026-04-05 21:13:47,702 [Worker-40: Launching mavenrun-7038baeb-ddf5-40e6-adfa-4589bec877e9] INFO  o.eclipse.m2e.core.internal.Bundles - 	Entry: /Users/krishpal/.p2/pool/plugins/org.eclipse.m2e.maven.runtime_3.9.1101.20251020-1549/jars/guice-5.1.0-classes.jar
2026-04-05 21:13:47,702 [Worker-40: Launching mavenrun-7038baeb-ddf5-40e6-adfa-4589bec877e9] INFO  o.eclipse.m2e.core.internal.Bundles - 	Entry: /Users/krishpal/.p2/pool/plugins/org.eclipse.m2e.maven.runtime_3.9.1101.20251020-1549/jars/httpclient-4.5.14.jar
2026-04-05 21:13:47,702 [Worker-40: Launching mavenrun-7038baeb-ddf5-40e6-adfa-4589bec877e9] INFO  o.eclipse.m2e.core.internal.Bundles - 	Entry: /Users/krishpal/.p2/pool/plugins/org.eclipse.m2e.maven.runtime_3.9.1101.20251020-1549/jars/httpcore-4.4.16.jar
2026-04-05 21:13:47,702 [Worker-40: Launching mavenrun-7038baeb-ddf5-40e6-adfa-4589bec877e9] INFO  o.eclipse.m2e.core.internal.Bundles - 	Entry: /Users/krishpal/.p2/pool/plugins/org.eclipse.m2e.maven.runtime_3.9.1101.20251020-1549/jars/jansi-2.4.2.jar
2026-04-05 21:13:47,702 [Worker-40: Launching mavenrun-7038baeb-ddf5-40e6-adfa-4589bec877e9] INFO  o.eclipse.m2e.core.internal.Bundles - 	Entry: /Users/krishpal/.p2/pool/plugins/org.eclipse.m2e.maven.runtime_3.9.1101.20251020-1549/jars/jcl-over-slf4j-1.7.36.jar
2026-04-05 21:13:47,702 [Worker-40: Launching mavenrun-7038baeb-ddf5-40e6-adfa-4589bec877e9] INFO  o.eclipse.m2e.core.internal.Bundles - 	Entry: /Users/krishpal/.p2/pool/plugins/org.eclipse.m2e.maven.runtime_3.9.1101.20251020-1549/jars/maven-artifact-3.9.11.jar
2026-04-05 21:13:47,702 [Worker-40: Launching mavenrun-7038baeb-ddf5-40e6-adfa-4589bec877e9] INFO  o.eclipse.m2e.core.internal.Bundles - 	Entry: /Users/krishpal/.p2/pool/plugins/org.eclipse.m2e.maven.runtime_3.9.1101.20251020-1549/jars/maven-builder-support-3.9.11.jar
2026-04-05 21:13:47,702 [Worker-40: Launching mavenrun-7038baeb-ddf5-40e6-adfa-4589bec877e9] INFO  o.eclipse.m2e.core.internal.Bundles - 	Entry: /Users/krishpal/.p2/pool/plugins/org.eclipse.m2e.maven.runtime_3.9.1101.20251020-1549/jars/maven-compat-3.9.11.jar
2026-04-05 21:13:47,702 [Worker-40: Launching mavenrun-7038baeb-ddf5-40e6-adfa-4589bec877e9] INFO  o.eclipse.m2e.core.internal.Bundles - 	Entry: /Users/krishpal/.p2/pool/plugins/org.eclipse.m2e.maven.runtime_3.9.1101.20251020-1549/jars/maven-core-3.9.11.jar
2026-04-05 21:13:47,702 [Worker-40: Launching mavenrun-7038baeb-ddf5-40e6-adfa-4589bec877e9] INFO  o.eclipse.m2e.core.internal.Bundles - 	Entry: /Users/krishpal/.p2/pool/plugins/org.eclipse.m2e.maven.runtime_3.9.1101.20251020-1549/jars/maven-embedder-3.9.11.jar
2026-04-05 21:13:47,702 [Worker-40: Launching mavenrun-7038baeb-ddf5-40e6-adfa-4589bec877e9] INFO  o.eclipse.m2e.core.internal.Bundles - 	Entry: /Users/krishpal/.p2/pool/plugins/org.eclipse.m2e.maven.runtime_3.9.1101.20251020-1549/jars/maven-model-3.9.11.jar
2026-04-05 21:13:47,702 [Worker-40: Launching mavenrun-7038baeb-ddf5-40e6-adfa-4589bec877e9] INFO  o.eclipse.m2e.core.internal.Bundles - 	Entry: /Users/krishpal/.p2/pool/plugins/org.eclipse.m2e.maven.runtime_3.9.1101.20251020-1549/jars/maven-model-builder-3.9.11.jar
2026-04-05 21:13:47,702 [Worker-40: Launching mavenrun-7038baeb-ddf5-40e6-adfa-4589bec877e9] INFO  o.eclipse.m2e.core.internal.Bundles - 	Entry: /Users/krishpal/.p2/pool/plugins/org.eclipse.m2e.maven.runtime_3.9.1101.20251020-1549/jars/maven-plugin-api-3.9.11.jar
2026-04-05 21:13:47,702 [Worker-40: Launching mavenrun-7038baeb-ddf5-40e6-adfa-4589bec877e9] INFO  o.eclipse.m2e.core.internal.Bundles - 	Entry: /Users/krishpal/.p2/pool/plugins/org.eclipse.m2e.maven.runtime_3.9.1101.20251020-1549/jars/maven-repository-metadata-3.9.11.jar
2026-04-05 21:13:47,702 [Worker-40: Launching mavenrun-7038baeb-ddf5-40e6-adfa-4589bec877e9] INFO  o.eclipse.m2e.core.internal.Bundles - 	Entry: /Users/krishpal/.p2/pool/plugins/org.eclipse.m2e.maven.runtime_3.9.1101.20251020-1549/jars/maven-resolver-api-1.9.24.jar
2026-04-05 21:13:47,702 [Worker-40: Launching mavenrun-7038baeb-ddf5-40e6-adfa-4589bec877e9] INFO  o.eclipse.m2e.core.internal.Bundles - 	Entry: /Users/krishpal/.p2/pool/plugins/org.eclipse.m2e.maven.runtime_3.9.1101.20251020-1549/jars/maven-resolver-connector-basic-1.9.24.jar
2026-04-05 21:13:47,702 [Worker-40: Launching mavenrun-7038baeb-ddf5-40e6-adfa-4589bec877e9] INFO  o.eclipse.m2e.core.internal.Bundles - 	Entry: /Users/krishpal/.p2/pool/plugins/org.eclipse.m2e.maven.runtime_3.9.1101.20251020-1549/jars/maven-resolver-impl-1.9.24.jar
2026-04-05 21:13:47,702 [Worker-40: Launching mavenrun-7038baeb-ddf5-40e6-adfa-4589bec877e9] INFO  o.eclipse.m2e.core.internal.Bundles - 	Entry: /Users/krishpal/.p2/pool/plugins/org.eclipse.m2e.maven.runtime_3.9.1101.20251020-1549/jars/maven-resolver-named-locks-1.9.24.jar
2026-04-05 21:13:47,702 [Worker-40: Launching mavenrun-7038baeb-ddf5-40e6-adfa-4589bec877e9] INFO  o.eclipse.m2e.core.internal.Bundles - 	Entry: /Users/krishpal/.p2/pool/plugins/org.eclipse.m2e.maven.runtime_3.9.1101.20251020-1549/jars/maven-resolver-provider-3.9.11.jar
2026-04-05 21:13:47,703 [Worker-40: Launching mavenrun-7038baeb-ddf5-40e6-adfa-4589bec877e9] INFO  o.eclipse.m2e.core.internal.Bundles - 	Entry: /Users/krishpal/.p2/pool/plugins/org.eclipse.m2e.maven.runtime_3.9.1101.20251020-1549/jars/maven-resolver-spi-1.9.24.jar
2026-04-05 21:13:47,703 [Worker-40: Launching mavenrun-7038baeb-ddf5-40e6-adfa-4589bec877e9] INFO  o.eclipse.m2e.core.internal.Bundles - 	Entry: /Users/krishpal/.p2/pool/plugins/org.eclipse.m2e.maven.runtime_3.9.1101.20251020-1549/jars/maven-resolver-transport-file-1.9.24.jar
2026-04-05 21:13:47,703 [Worker-40: Launching mavenrun-7038baeb-ddf5-40e6-adfa-4589bec877e9] INFO  o.eclipse.m2e.core.internal.Bundles - 	Entry: /Users/krishpal/.p2/pool/plugins/org.eclipse.m2e.maven.runtime_3.9.1101.20251020-1549/jars/maven-resolver-transport-http-1.9.24.jar
2026-04-05 21:13:47,703 [Worker-40: Launching mavenrun-7038baeb-ddf5-40e6-adfa-4589bec877e9] INFO  o.eclipse.m2e.core.internal.Bundles - 	Entry: /Users/krishpal/.p2/pool/plugins/org.eclipse.m2e.maven.runtime_3.9.1101.20251020-1549/jars/maven-resolver-transport-wagon-1.9.24.jar
2026-04-05 21:13:47,703 [Worker-40: Launching mavenrun-7038baeb-ddf5-40e6-adfa-4589bec877e9] INFO  o.eclipse.m2e.core.internal.Bundles - 	Entry: /Users/krishpal/.p2/pool/plugins/org.eclipse.m2e.maven.runtime_3.9.1101.20251020-1549/jars/maven-resolver-util-1.9.24.jar
2026-04-05 21:13:47,703 [Worker-40: Launching mavenrun-7038baeb-ddf5-40e6-adfa-4589bec877e9] INFO  o.eclipse.m2e.core.internal.Bundles - 	Entry: /Users/krishpal/.p2/pool/plugins/org.eclipse.m2e.maven.runtime_3.9.1101.20251020-1549/jars/maven-settings-3.9.11.jar
2026-04-05 21:13:47,703 [Worker-40: Launching mavenrun-7038baeb-ddf5-40e6-adfa-4589bec877e9] INFO  o.eclipse.m2e.core.internal.Bundles - 	Entry: /Users/krishpal/.p2/pool/plugins/org.eclipse.m2e.maven.runtime_3.9.1101.20251020-1549/jars/maven-settings-builder-3.9.11.jar
2026-04-05 21:13:47,703 [Worker-40: Launching mavenrun-7038baeb-ddf5-40e6-adfa-4589bec877e9] INFO  o.eclipse.m2e.core.internal.Bundles - 	Entry: /Users/krishpal/.p2/pool/plugins/org.eclipse.m2e.maven.runtime_3.9.1101.20251020-1549/jars/maven-shared-utils-3.4.2.jar
2026-04-05 21:13:47,703 [Worker-40: Launching mavenrun-7038baeb-ddf5-40e6-adfa-4589bec877e9] INFO  o.eclipse.m2e.core.internal.Bundles - 	Entry: /Users/krishpal/.p2/pool/plugins/org.eclipse.m2e.maven.runtime_3.9.1101.20251020-1549/jars/org.eclipse.sisu.inject-0.9.0.M4.jar
2026-04-05 21:13:47,703 [Worker-40: Launching mavenrun-7038baeb-ddf5-40e6-adfa-4589bec877e9] INFO  o.eclipse.m2e.core.internal.Bundles - 	Entry: /Users/krishpal/.p2/pool/plugins/org.eclipse.m2e.maven.runtime_3.9.1101.20251020-1549/jars/org.eclipse.sisu.plexus-0.9.0.M4.jar
2026-04-05 21:13:47,703 [Worker-40: Launching mavenrun-7038baeb-ddf5-40e6-adfa-4589bec877e9] INFO  o.eclipse.m2e.core.internal.Bundles - 	Entry: /Users/krishpal/.p2/pool/plugins/org.eclipse.m2e.maven.runtime_3.9.1101.20251020-1549/jars/plexus-build-api-0.0.7.jar
2026-04-05 21:13:47,703 [Worker-40: Launching mavenrun-7038baeb-ddf5-40e6-adfa-4589bec877e9] INFO  o.eclipse.m2e.core.internal.Bundles - 	Entry: /Users/krishpal/.p2/pool/plugins/org.eclipse.m2e.maven.runtime_3.9.1101.20251020-1549/jars/plexus-build-api-1.2.0.jar
2026-04-05 21:13:47,703 [Worker-40: Launching mavenrun-7038baeb-ddf5-40e6-adfa-4589bec877e9] INFO  o.eclipse.m2e.core.internal.Bundles - 	Entry: /Users/krishpal/.p2/pool/plugins/org.eclipse.m2e.maven.runtime_3.9.1101.20251020-1549/jars/plexus-cipher-2.0.jar
2026-04-05 21:13:47,703 [Worker-40: Launching mavenrun-7038baeb-ddf5-40e6-adfa-4589bec877e9] INFO  o.eclipse.m2e.core.internal.Bundles - 	Entry: /Users/krishpal/.p2/pool/plugins/org.eclipse.m2e.maven.runtime_3.9.1101.20251020-1549/jars/plexus-classworlds-2.9.0.jar
2026-04-05 21:13:47,703 [Worker-40: Launching mavenrun-7038baeb-ddf5-40e6-adfa-4589bec877e9] INFO  o.eclipse.m2e.core.internal.Bundles - 	Entry: /Users/krishpal/.p2/pool/plugins/org.eclipse.m2e.maven.runtime_3.9.1101.20251020-1549/jars/plexus-component-annotations-2.2.0.jar
2026-04-05 21:13:47,703 [Worker-40: Launching mavenrun-7038baeb-ddf5-40e6-adfa-4589bec877e9] INFO  o.eclipse.m2e.core.internal.Bundles - 	Entry: /Users/krishpal/.p2/pool/plugins/org.eclipse.m2e.maven.runtime_3.9.1101.20251020-1549/jars/plexus-interpolation-1.28.jar
2026-04-05 21:13:47,703 [Worker-40: Launching mavenrun-7038baeb-ddf5-40e6-adfa-4589bec877e9] INFO  o.eclipse.m2e.core.internal.Bundles - 	Entry: /Users/krishpal/.p2/pool/plugins/org.eclipse.m2e.maven.runtime_3.9.1101.20251020-1549/jars/plexus-sec-dispatcher-2.0.jar
2026-04-05 21:13:47,703 [Worker-40: Launching mavenrun-7038baeb-ddf5-40e6-adfa-4589bec877e9] INFO  o.eclipse.m2e.core.internal.Bundles - 	Entry: /Users/krishpal/.p2/pool/plugins/org.eclipse.m2e.maven.runtime_3.9.1101.20251020-1549/jars/plexus-utils-3.6.0.jar
2026-04-05 21:13:47,703 [Worker-40: Launching mavenrun-7038baeb-ddf5-40e6-adfa-4589bec877e9] INFO  o.eclipse.m2e.core.internal.Bundles - 	Entry: /Users/krishpal/.p2/pool/plugins/org.eclipse.m2e.maven.runtime_3.9.1101.20251020-1549/jars/wagon-file-3.5.3.jar
2026-04-05 21:13:47,703 [Worker-40: Launching mavenrun-7038baeb-ddf5-40e6-adfa-4589bec877e9] INFO  o.eclipse.m2e.core.internal.Bundles - 	Entry: /Users/krishpal/.p2/pool/plugins/org.eclipse.m2e.maven.runtime_3.9.1101.20251020-1549/jars/wagon-http-3.5.3.jar
2026-04-05 21:13:47,704 [Worker-40: Launching mavenrun-7038baeb-ddf5-40e6-adfa-4589bec877e9] INFO  o.eclipse.m2e.core.internal.Bundles - 	Entry: /Users/krishpal/.p2/pool/plugins/org.eclipse.m2e.maven.runtime_3.9.1101.20251020-1549/jars/wagon-http-shared-3.5.3.jar
2026-04-05 21:13:47,704 [Worker-40: Launching mavenrun-7038baeb-ddf5-40e6-adfa-4589bec877e9] INFO  o.eclipse.m2e.core.internal.Bundles - 	Entry: /Users/krishpal/.p2/pool/plugins/org.eclipse.m2e.maven.runtime_3.9.1101.20251020-1549/jars/wagon-provider-api-3.5.3.jar
2026-04-05 21:13:47,704 [Worker-40: Launching mavenrun-7038baeb-ddf5-40e6-adfa-4589bec877e9] INFO  o.eclipse.m2e.core.internal.Bundles - getClasspathEntries(Bundle=com.google.guava_33.5.0.jre [13])
2026-04-05 21:13:47,704 [Worker-40: Launching mavenrun-7038baeb-ddf5-40e6-adfa-4589bec877e9] INFO  o.eclipse.m2e.core.internal.Bundles - 	Entry: /Users/krishpal/.p2/pool/plugins/com.google.guava_33.5.0.jre.jar
2026-04-05 21:13:47,704 [Worker-40: Launching mavenrun-7038baeb-ddf5-40e6-adfa-4589bec877e9] INFO  o.eclipse.m2e.core.internal.Bundles - getClasspathEntries(Bundle=slf4j.api_2.0.17 [530])
2026-04-05 21:13:47,704 [Worker-40: Launching mavenrun-7038baeb-ddf5-40e6-adfa-4589bec877e9] INFO  o.eclipse.m2e.core.internal.Bundles - 	Entry: /Users/krishpal/.p2/pool/plugins/slf4j.api_2.0.17.jar
2026-04-05 21:13:47,704 [Worker-40: Launching mavenrun-7038baeb-ddf5-40e6-adfa-4589bec877e9] INFO  o.eclipse.m2e.core.internal.Bundles - getClasspathEntries(Bundle=jakarta.inject.jakarta.inject-api_1.0.5 [24])
2026-04-05 21:13:47,704 [Worker-40: Launching mavenrun-7038baeb-ddf5-40e6-adfa-4589bec877e9] INFO  o.eclipse.m2e.core.internal.Bundles - 	Entry: /Users/krishpal/.p2/pool/plugins/jakarta.inject.jakarta.inject-api_1.0.5.jar
2026-04-05 21:13:47,704 [Worker-40: Launching mavenrun-7038baeb-ddf5-40e6-adfa-4589bec877e9] INFO  o.eclipse.m2e.core.internal.Bundles - getClasspathEntries(Bundle=jakarta.annotation-api_1.3.5 [22])
2026-04-05 21:13:47,704 [Worker-40: Launching mavenrun-7038baeb-ddf5-40e6-adfa-4589bec877e9] INFO  o.eclipse.m2e.core.internal.Bundles - 	Entry: /Users/krishpal/.p2/pool/plugins/jakarta.annotation-api_1.3.5.jar
2026-04-05 21:13:47,704 [Worker-40: Launching mavenrun-7038baeb-ddf5-40e6-adfa-4589bec877e9] INFO  o.eclipse.m2e.core.internal.Bundles - getClasspathEntries(Bundle=org.apache.commons.cli_1.11.0 [55])
2026-04-05 21:13:47,705 [Worker-40: Launching mavenrun-7038baeb-ddf5-40e6-adfa-4589bec877e9] INFO  o.eclipse.m2e.core.internal.Bundles - 	Entry: /Users/krishpal/.p2/pool/plugins/org.apache.commons.cli_1.11.0.jar
2026-04-05 21:13:47,705 [Worker-40: Launching mavenrun-7038baeb-ddf5-40e6-adfa-4589bec877e9] INFO  o.eclipse.m2e.core.internal.Bundles - getClasspathEntries(Bundle=org.apache.commons.commons-codec_1.20.0 [56])
2026-04-05 21:13:47,705 [Worker-40: Launching mavenrun-7038baeb-ddf5-40e6-adfa-4589bec877e9] INFO  o.eclipse.m2e.core.internal.Bundles - 	Entry: /Users/krishpal/.p2/pool/plugins/org.apache.commons.commons-codec_1.20.0.jar
2026-04-05 21:13:47,705 [Worker-40: Launching mavenrun-7038baeb-ddf5-40e6-adfa-4589bec877e9] INFO  o.eclipse.m2e.core.internal.Bundles - getClasspathEntries(Bundle=com.google.guava.failureaccess_1.0.3 [14])
2026-04-05 21:13:47,705 [Worker-40: Launching mavenrun-7038baeb-ddf5-40e6-adfa-4589bec877e9] INFO  o.eclipse.m2e.core.internal.Bundles - 	Entry: /Users/krishpal/.p2/pool/plugins/com.google.guava.failureaccess_1.0.3.jar
2026-04-05 21:13:47,706 [Worker-40: Launching mavenrun-7038baeb-ddf5-40e6-adfa-4589bec877e9] INFO  o.e.m.i.launch.MavenLaunchDelegate - Run build in "/var/folders/df/w_4wcdd979xfldck5s9lnkdc0000gn/T/m2e-archetypeGenerator16305676895024025728":
2026-04-05 21:13:47,706 [Worker-40: Launching mavenrun-7038baeb-ddf5-40e6-adfa-4589bec877e9] INFO  o.e.m.i.launch.MavenLaunchDelegate -  mvn  -DarchetypeGroupId=org.apache.maven.archetypes -DarchetypeArtifactId=maven-archetype-quickstart -DarchetypeVersion=1.1 -DgroupId=com.krish -DartifactId=JDBCGodaam -Dversion=0.0.1-SNAPSHOT -Dpackage=com.krish.JDBCGodaam -DoutputDirectory=/Users/krishpal/eclipse-workspace -Dstyle.color=always -U archetype:generate
2026-04-05 21:21:11,806 [Worker-45: Launching mavenrun-788ba23d-9ea2-44d5-87b3-161b911ae42a] INFO  o.eclipse.m2e.core.internal.Bundles - getClasspathEntries(Bundle=org.eclipse.m2e.maven.runtime_3.9.1101.20251020-1549 [306])
2026-04-05 21:21:11,807 [Worker-45: Launching mavenrun-788ba23d-9ea2-44d5-87b3-161b911ae42a] INFO  o.eclipse.m2e.core.internal.Bundles - 	Entry: /Users/krishpal/.p2/pool/plugins/org.eclipse.m2e.maven.runtime_3.9.1101.20251020-1549
2026-04-05 21:21:11,807 [Worker-45: Launching mavenrun-788ba23d-9ea2-44d5-87b3-161b911ae42a] INFO  o.eclipse.m2e.core.internal.Bundles - 	Entry: /Users/krishpal/.p2/pool/plugins/org.eclipse.m2e.maven.runtime_3.9.1101.20251020-1549/jars/aopalliance-1.0.jar
2026-04-05 21:21:11,807 [Worker-45: Launching mavenrun-788ba23d-9ea2-44d5-87b3-161b911ae42a] INFO  o.eclipse.m2e.core.internal.Bundles - 	Entry: /Users/krishpal/.p2/pool/plugins/org.eclipse.m2e.maven.runtime_3.9.1101.20251020-1549/jars/asm-9.8.jar
2026-04-05 21:21:11,807 [Worker-45: Launching mavenrun-788ba23d-9ea2-44d5-87b3-161b911ae42a] INFO  o.eclipse.m2e.core.internal.Bundles - 	Entry: /Users/krishpal/.p2/pool/plugins/org.eclipse.m2e.maven.runtime_3.9.1101.20251020-1549/jars/error_prone_annotations-2.38.0.jar
2026-04-05 21:21:11,807 [Worker-45: Launching mavenrun-788ba23d-9ea2-44d5-87b3-161b911ae42a] INFO  o.eclipse.m2e.core.internal.Bundles - 	Entry: /Users/krishpal/.p2/pool/plugins/org.eclipse.m2e.maven.runtime_3.9.1101.20251020-1549/jars/gson-2.13.1.jar
2026-04-05 21:21:11,807 [Worker-45: Launching mavenrun-788ba23d-9ea2-44d5-87b3-161b911ae42a] INFO  o.eclipse.m2e.core.internal.Bundles - 	Entry: /Users/krishpal/.p2/pool/plugins/org.eclipse.m2e.maven.runtime_3.9.1101.20251020-1549/jars/guice-5.1.0-classes.jar
2026-04-05 21:21:11,807 [Worker-45: Launching mavenrun-788ba23d-9ea2-44d5-87b3-161b911ae42a] INFO  o.eclipse.m2e.core.internal.Bundles - 	Entry: /Users/krishpal/.p2/pool/plugins/org.eclipse.m2e.maven.runtime_3.9.1101.20251020-1549/jars/httpclient-4.5.14.jar
2026-04-05 21:21:11,807 [Worker-45: Launching mavenrun-788ba23d-9ea2-44d5-87b3-161b911ae42a] INFO  o.eclipse.m2e.core.internal.Bundles - 	Entry: /Users/krishpal/.p2/pool/plugins/org.eclipse.m2e.maven.runtime_3.9.1101.20251020-1549/jars/httpcore-4.4.16.jar
2026-04-05 21:21:11,807 [Worker-45: Launching mavenrun-788ba23d-9ea2-44d5-87b3-161b911ae42a] INFO  o.eclipse.m2e.core.internal.Bundles - 	Entry: /Users/krishpal/.p2/pool/plugins/org.eclipse.m2e.maven.runtime_3.9.1101.20251020-1549/jars/jansi-2.4.2.jar
2026-04-05 21:21:11,807 [Worker-45: Launching mavenrun-788ba23d-9ea2-44d5-87b3-161b911ae42a] INFO  o.eclipse.m2e.core.internal.Bundles - 	Entry: /Users/krishpal/.p2/pool/plugins/org.eclipse.m2e.maven.runtime_3.9.1101.20251020-1549/jars/jcl-over-slf4j-1.7.36.jar
2026-04-05 21:21:11,807 [Worker-45: Launching mavenrun-788ba23d-9ea2-44d5-87b3-161b911ae42a] INFO  o.eclipse.m2e.core.internal.Bundles - 	Entry: /Users/krishpal/.p2/pool/plugins/org.eclipse.m2e.maven.runtime_3.9.1101.20251020-1549/jars/maven-artifact-3.9.11.jar
2026-04-05 21:21:11,807 [Worker-45: Launching mavenrun-788ba23d-9ea2-44d5-87b3-161b911ae42a] INFO  o.eclipse.m2e.core.internal.Bundles - 	Entry: /Users/krishpal/.p2/pool/plugins/org.eclipse.m2e.maven.runtime_3.9.1101.20251020-1549/jars/maven-builder-support-3.9.11.jar
2026-04-05 21:21:11,807 [Worker-45: Launching mavenrun-788ba23d-9ea2-44d5-87b3-161b911ae42a] INFO  o.eclipse.m2e.core.internal.Bundles - 	Entry: /Users/krishpal/.p2/pool/plugins/org.eclipse.m2e.maven.runtime_3.9.1101.20251020-1549/jars/maven-compat-3.9.11.jar
2026-04-05 21:21:11,807 [Worker-45: Launching mavenrun-788ba23d-9ea2-44d5-87b3-161b911ae42a] INFO  o.eclipse.m2e.core.internal.Bundles - 	Entry: /Users/krishpal/.p2/pool/plugins/org.eclipse.m2e.maven.runtime_3.9.1101.20251020-1549/jars/maven-core-3.9.11.jar
2026-04-05 21:21:11,807 [Worker-45: Launching mavenrun-788ba23d-9ea2-44d5-87b3-161b911ae42a] INFO  o.eclipse.m2e.core.internal.Bundles - 	Entry: /Users/krishpal/.p2/pool/plugins/org.eclipse.m2e.maven.runtime_3.9.1101.20251020-1549/jars/maven-embedder-3.9.11.jar
2026-04-05 21:21:11,807 [Worker-45: Launching mavenrun-788ba23d-9ea2-44d5-87b3-161b911ae42a] INFO  o.eclipse.m2e.core.internal.Bundles - 	Entry: /Users/krishpal/.p2/pool/plugins/org.eclipse.m2e.maven.runtime_3.9.1101.20251020-1549/jars/maven-model-3.9.11.jar
2026-04-05 21:21:11,807 [Worker-45: Launching mavenrun-788ba23d-9ea2-44d5-87b3-161b911ae42a] INFO  o.eclipse.m2e.core.internal.Bundles - 	Entry: /Users/krishpal/.p2/pool/plugins/org.eclipse.m2e.maven.runtime_3.9.1101.20251020-1549/jars/maven-model-builder-3.9.11.jar
2026-04-05 21:21:11,807 [Worker-45: Launching mavenrun-788ba23d-9ea2-44d5-87b3-161b911ae42a] INFO  o.eclipse.m2e.core.internal.Bundles - 	Entry: /Users/krishpal/.p2/pool/plugins/org.eclipse.m2e.maven.runtime_3.9.1101.20251020-1549/jars/maven-plugin-api-3.9.11.jar
2026-04-05 21:21:11,808 [Worker-45: Launching mavenrun-788ba23d-9ea2-44d5-87b3-161b911ae42a] INFO  o.eclipse.m2e.core.internal.Bundles - 	Entry: /Users/krishpal/.p2/pool/plugins/org.eclipse.m2e.maven.runtime_3.9.1101.20251020-1549/jars/maven-repository-metadata-3.9.11.jar
2026-04-05 21:21:11,808 [Worker-45: Launching mavenrun-788ba23d-9ea2-44d5-87b3-161b911ae42a] INFO  o.eclipse.m2e.core.internal.Bundles - 	Entry: /Users/krishpal/.p2/pool/plugins/org.eclipse.m2e.maven.runtime_3.9.1101.20251020-1549/jars/maven-resolver-api-1.9.24.jar
2026-04-05 21:21:11,808 [Worker-45: Launching mavenrun-788ba23d-9ea2-44d5-87b3-161b911ae42a] INFO  o.eclipse.m2e.core.internal.Bundles - 	Entry: /Users/krishpal/.p2/pool/plugins/org.eclipse.m2e.maven.runtime_3.9.1101.20251020-1549/jars/maven-resolver-connector-basic-1.9.24.jar
2026-04-05 21:21:11,808 [Worker-45: Launching mavenrun-788ba23d-9ea2-44d5-87b3-161b911ae42a] INFO  o.eclipse.m2e.core.internal.Bundles - 	Entry: /Users/krishpal/.p2/pool/plugins/org.eclipse.m2e.maven.runtime_3.9.1101.20251020-1549/jars/maven-resolver-impl-1.9.24.jar
2026-04-05 21:21:11,808 [Worker-45: Launching mavenrun-788ba23d-9ea2-44d5-87b3-161b911ae42a] INFO  o.eclipse.m2e.core.internal.Bundles - 	Entry: /Users/krishpal/.p2/pool/plugins/org.eclipse.m2e.maven.runtime_3.9.1101.20251020-1549/jars/maven-resolver-named-locks-1.9.24.jar
2026-04-05 21:21:11,808 [Worker-45: Launching mavenrun-788ba23d-9ea2-44d5-87b3-161b911ae42a] INFO  o.eclipse.m2e.core.internal.Bundles - 	Entry: /Users/krishpal/.p2/pool/plugins/org.eclipse.m2e.maven.runtime_3.9.1101.20251020-1549/jars/maven-resolver-provider-3.9.11.jar
2026-04-05 21:21:11,808 [Worker-45: Launching mavenrun-788ba23d-9ea2-44d5-87b3-161b911ae42a] INFO  o.eclipse.m2e.core.internal.Bundles - 	Entry: /Users/krishpal/.p2/pool/plugins/org.eclipse.m2e.maven.runtime_3.9.1101.20251020-1549/jars/maven-resolver-spi-1.9.24.jar
2026-04-05 21:21:11,808 [Worker-45: Launching mavenrun-788ba23d-9ea2-44d5-87b3-161b911ae42a] INFO  o.eclipse.m2e.core.internal.Bundles - 	Entry: /Users/krishpal/.p2/pool/plugins/org.eclipse.m2e.maven.runtime_3.9.1101.20251020-1549/jars/maven-resolver-transport-file-1.9.24.jar
2026-04-05 21:21:11,808 [Worker-45: Launching mavenrun-788ba23d-9ea2-44d5-87b3-161b911ae42a] INFO  o.eclipse.m2e.core.internal.Bundles - 	Entry: /Users/krishpal/.p2/pool/plugins/org.eclipse.m2e.maven.runtime_3.9.1101.20251020-1549/jars/maven-resolver-transport-http-1.9.24.jar
2026-04-05 21:21:11,808 [Worker-45: Launching mavenrun-788ba23d-9ea2-44d5-87b3-161b911ae42a] INFO  o.eclipse.m2e.core.internal.Bundles - 	Entry: /Users/krishpal/.p2/pool/plugins/org.eclipse.m2e.maven.runtime_3.9.1101.20251020-1549/jars/maven-resolver-transport-wagon-1.9.24.jar
2026-04-05 21:21:11,808 [Worker-45: Launching mavenrun-788ba23d-9ea2-44d5-87b3-161b911ae42a] INFO  o.eclipse.m2e.core.internal.Bundles - 	Entry: /Users/krishpal/.p2/pool/plugins/org.eclipse.m2e.maven.runtime_3.9.1101.20251020-1549/jars/maven-resolver-util-1.9.24.jar
2026-04-05 21:21:11,808 [Worker-45: Launching mavenrun-788ba23d-9ea2-44d5-87b3-161b911ae42a] INFO  o.eclipse.m2e.core.internal.Bundles - 	Entry: /Users/krishpal/.p2/pool/plugins/org.eclipse.m2e.maven.runtime_3.9.1101.20251020-1549/jars/maven-settings-3.9.11.jar
2026-04-05 21:21:11,808 [Worker-45: Launching mavenrun-788ba23d-9ea2-44d5-87b3-161b911ae42a] INFO  o.eclipse.m2e.core.internal.Bundles - 	Entry: /Users/krishpal/.p2/pool/plugins/org.eclipse.m2e.maven.runtime_3.9.1101.20251020-1549/jars/maven-settings-builder-3.9.11.jar
2026-04-05 21:21:11,808 [Worker-45: Launching mavenrun-788ba23d-9ea2-44d5-87b3-161b911ae42a] INFO  o.eclipse.m2e.core.internal.Bundles - 	Entry: /Users/krishpal/.p2/pool/plugins/org.eclipse.m2e.maven.runtime_3.9.1101.20251020-1549/jars/maven-shared-utils-3.4.2.jar
2026-04-05 21:21:11,808 [Worker-45: Launching mavenrun-788ba23d-9ea2-44d5-87b3-161b911ae42a] INFO  o.eclipse.m2e.core.internal.Bundles - 	Entry: /Users/krishpal/.p2/pool/plugins/org.eclipse.m2e.maven.runtime_3.9.1101.20251020-1549/jars/org.eclipse.sisu.inject-0.9.0.M4.jar
2026-04-05 21:21:11,808 [Worker-45: Launching mavenrun-788ba23d-9ea2-44d5-87b3-161b911ae42a] INFO  o.eclipse.m2e.core.internal.Bundles - 	Entry: /Users/krishpal/.p2/pool/plugins/org.eclipse.m2e.maven.runtime_3.9.1101.20251020-1549/jars/org.eclipse.sisu.plexus-0.9.0.M4.jar
2026-04-05 21:21:11,808 [Worker-45: Launching mavenrun-788ba23d-9ea2-44d5-87b3-161b911ae42a] INFO  o.eclipse.m2e.core.internal.Bundles - 	Entry: /Users/krishpal/.p2/pool/plugins/org.eclipse.m2e.maven.runtime_3.9.1101.20251020-1549/jars/plexus-build-api-0.0.7.jar
2026-04-05 21:21:11,808 [Worker-45: Launching mavenrun-788ba23d-9ea2-44d5-87b3-161b911ae42a] INFO  o.eclipse.m2e.core.internal.Bundles - 	Entry: /Users/krishpal/.p2/pool/plugins/org.eclipse.m2e.maven.runtime_3.9.1101.20251020-1549/jars/plexus-build-api-1.2.0.jar
2026-04-05 21:21:11,808 [Worker-45: Launching mavenrun-788ba23d-9ea2-44d5-87b3-161b911ae42a] INFO  o.eclipse.m2e.core.internal.Bundles - 	Entry: /Users/krishpal/.p2/pool/plugins/org.eclipse.m2e.maven.runtime_3.9.1101.20251020-1549/jars/plexus-cipher-2.0.jar
2026-04-05 21:21:11,808 [Worker-45: Launching mavenrun-788ba23d-9ea2-44d5-87b3-161b911ae42a] INFO  o.eclipse.m2e.core.internal.Bundles - 	Entry: /Users/krishpal/.p2/pool/plugins/org.eclipse.m2e.maven.runtime_3.9.1101.20251020-1549/jars/plexus-classworlds-2.9.0.jar
2026-04-05 21:21:11,808 [Worker-45: Launching mavenrun-788ba23d-9ea2-44d5-87b3-161b911ae42a] INFO  o.eclipse.m2e.core.internal.Bundles - 	Entry: /Users/krishpal/.p2/pool/plugins/org.eclipse.m2e.maven.runtime_3.9.1101.20251020-1549/jars/plexus-component-annotations-2.2.0.jar
2026-04-05 21:21:11,808 [Worker-45: Launching mavenrun-788ba23d-9ea2-44d5-87b3-161b911ae42a] INFO  o.eclipse.m2e.core.internal.Bundles - 	Entry: /Users/krishpal/.p2/pool/plugins/org.eclipse.m2e.maven.runtime_3.9.1101.20251020-1549/jars/plexus-interpolation-1.28.jar
2026-04-05 21:21:11,808 [Worker-45: Launching mavenrun-788ba23d-9ea2-44d5-87b3-161b911ae42a] INFO  o.eclipse.m2e.core.internal.Bundles - 	Entry: /Users/krishpal/.p2/pool/plugins/org.eclipse.m2e.maven.runtime_3.9.1101.20251020-1549/jars/plexus-sec-dispatcher-2.0.jar
2026-04-05 21:21:11,808 [Worker-45: Launching mavenrun-788ba23d-9ea2-44d5-87b3-161b911ae42a] INFO  o.eclipse.m2e.core.internal.Bundles - 	Entry: /Users/krishpal/.p2/pool/plugins/org.eclipse.m2e.maven.runtime_3.9.1101.20251020-1549/jars/plexus-utils-3.6.0.jar
2026-04-05 21:21:11,809 [Worker-45: Launching mavenrun-788ba23d-9ea2-44d5-87b3-161b911ae42a] INFO  o.eclipse.m2e.core.internal.Bundles - 	Entry: /Users/krishpal/.p2/pool/plugins/org.eclipse.m2e.maven.runtime_3.9.1101.20251020-1549/jars/wagon-file-3.5.3.jar
2026-04-05 21:21:11,809 [Worker-45: Launching mavenrun-788ba23d-9ea2-44d5-87b3-161b911ae42a] INFO  o.eclipse.m2e.core.internal.Bundles - 	Entry: /Users/krishpal/.p2/pool/plugins/org.eclipse.m2e.maven.runtime_3.9.1101.20251020-1549/jars/wagon-http-3.5.3.jar
2026-04-05 21:21:11,809 [Worker-45: Launching mavenrun-788ba23d-9ea2-44d5-87b3-161b911ae42a] INFO  o.eclipse.m2e.core.internal.Bundles - 	Entry: /Users/krishpal/.p2/pool/plugins/org.eclipse.m2e.maven.runtime_3.9.1101.20251020-1549/jars/wagon-http-shared-3.5.3.jar
2026-04-05 21:21:11,809 [Worker-45: Launching mavenrun-788ba23d-9ea2-44d5-87b3-161b911ae42a] INFO  o.eclipse.m2e.core.internal.Bundles - 	Entry: /Users/krishpal/.p2/pool/plugins/org.eclipse.m2e.maven.runtime_3.9.1101.20251020-1549/jars/wagon-provider-api-3.5.3.jar
2026-04-05 21:21:11,809 [Worker-45: Launching mavenrun-788ba23d-9ea2-44d5-87b3-161b911ae42a] INFO  o.eclipse.m2e.core.internal.Bundles - getClasspathEntries(Bundle=com.google.guava_33.5.0.jre [13])
2026-04-05 21:21:11,809 [Worker-45: Launching mavenrun-788ba23d-9ea2-44d5-87b3-161b911ae42a] INFO  o.eclipse.m2e.core.internal.Bundles - 	Entry: /Users/krishpal/.p2/pool/plugins/com.google.guava_33.5.0.jre.jar
2026-04-05 21:21:11,809 [Worker-45: Launching mavenrun-788ba23d-9ea2-44d5-87b3-161b911ae42a] INFO  o.eclipse.m2e.core.internal.Bundles - getClasspathEntries(Bundle=slf4j.api_2.0.17 [530])
2026-04-05 21:21:11,809 [Worker-45: Launching mavenrun-788ba23d-9ea2-44d5-87b3-161b911ae42a] INFO  o.eclipse.m2e.core.internal.Bundles - 	Entry: /Users/krishpal/.p2/pool/plugins/slf4j.api_2.0.17.jar
2026-04-05 21:21:11,809 [Worker-45: Launching mavenrun-788ba23d-9ea2-44d5-87b3-161b911ae42a] INFO  o.eclipse.m2e.core.internal.Bundles - getClasspathEntries(Bundle=jakarta.inject.jakarta.inject-api_1.0.5 [24])
2026-04-05 21:21:11,809 [Worker-45: Launching mavenrun-788ba23d-9ea2-44d5-87b3-161b911ae42a] INFO  o.eclipse.m2e.core.internal.Bundles - 	Entry: /Users/krishpal/.p2/pool/plugins/jakarta.inject.jakarta.inject-api_1.0.5.jar
2026-04-05 21:21:11,809 [Worker-45: Launching mavenrun-788ba23d-9ea2-44d5-87b3-161b911ae42a] INFO  o.eclipse.m2e.core.internal.Bundles - getClasspathEntries(Bundle=jakarta.annotation-api_1.3.5 [22])
2026-04-05 21:21:11,809 [Worker-45: Launching mavenrun-788ba23d-9ea2-44d5-87b3-161b911ae42a] INFO  o.eclipse.m2e.core.internal.Bundles - 	Entry: /Users/krishpal/.p2/pool/plugins/jakarta.annotation-api_1.3.5.jar
2026-04-05 21:21:11,809 [Worker-45: Launching mavenrun-788ba23d-9ea2-44d5-87b3-161b911ae42a] INFO  o.eclipse.m2e.core.internal.Bundles - getClasspathEntries(Bundle=org.apache.commons.cli_1.11.0 [55])
2026-04-05 21:21:11,809 [Worker-45: Launching mavenrun-788ba23d-9ea2-44d5-87b3-161b911ae42a] INFO  o.eclipse.m2e.core.internal.Bundles - 	Entry: /Users/krishpal/.p2/pool/plugins/org.apache.commons.cli_1.11.0.jar
2026-04-05 21:21:11,809 [Worker-45: Launching mavenrun-788ba23d-9ea2-44d5-87b3-161b911ae42a] INFO  o.eclipse.m2e.core.internal.Bundles - getClasspathEntries(Bundle=org.apache.commons.commons-codec_1.20.0 [56])
2026-04-05 21:21:11,810 [Worker-45: Launching mavenrun-788ba23d-9ea2-44d5-87b3-161b911ae42a] INFO  o.eclipse.m2e.core.internal.Bundles - 	Entry: /Users/krishpal/.p2/pool/plugins/org.apache.commons.commons-codec_1.20.0.jar
2026-04-05 21:21:11,810 [Worker-45: Launching mavenrun-788ba23d-9ea2-44d5-87b3-161b911ae42a] INFO  o.eclipse.m2e.core.internal.Bundles - getClasspathEntries(Bundle=com.google.guava.failureaccess_1.0.3 [14])
2026-04-05 21:21:11,810 [Worker-45: Launching mavenrun-788ba23d-9ea2-44d5-87b3-161b911ae42a] INFO  o.eclipse.m2e.core.internal.Bundles - 	Entry: /Users/krishpal/.p2/pool/plugins/com.google.guava.failureaccess_1.0.3.jar
2026-04-05 21:21:11,811 [Worker-45: Launching mavenrun-788ba23d-9ea2-44d5-87b3-161b911ae42a] INFO  o.e.m.i.launch.MavenLaunchDelegate - Run build in "/var/folders/df/w_4wcdd979xfldck5s9lnkdc0000gn/T/m2e-archetypeGenerator17622627875416374913":
2026-04-05 21:21:11,812 [Worker-45: Launching mavenrun-788ba23d-9ea2-44d5-87b3-161b911ae42a] INFO  o.e.m.i.launch.MavenLaunchDelegate -  mvn  -DjavaCompilerVersion=17 -DjunitVersion=5.11.0 -DarchetypeGroupId=org.apache.maven.archetypes -DarchetypeArtifactId=maven-archetype-quickstart -DarchetypeVersion=1.5 -DgroupId=com.krish -DartifactId=JDBCGodaam -Dversion=0.0.1-SNAPSHOT -Dpackage=com.krish.JDBCGodaam -DoutputDirectory=/Users/krishpal/eclipse-workspace -Dstyle.color=always -U archetype:generate
2026-04-05 21:21:17,968 [Worker-43: Creating maven-archetype-quickstart] INFO  o.e.m.c.i.p.ProjectConfigurationManager - Collecting project info '/pom.xml' /Users/krishpal/eclipse-workspace/JDBCGodaam/pom.xml
2026-04-05 21:21:17,997 [Worker-43: Creating maven-archetype-quickstart] INFO  o.e.m.c.i.l.LifecycleMappingFactory - Using org.eclipse.m2e.jdt.JarLifecycleMapping lifecycle mapping for MavenProject: com.krish:JDBCGodaam:0.0.1-SNAPSHOT @ /Users/krishpal/eclipse-workspace/JDBCGodaam/pom.xml.
2026-04-05 21:21:18,027 [Worker-43: Creating maven-archetype-quickstart] INFO  o.e.m.j.i.AbstractJavaProjectConfigurator - Not adding source folder /JDBCGodaam/src/main/java because it overlaps with /JDBCGodaam/src
2026-04-05 21:21:18,028 [Worker-43: Creating maven-archetype-quickstart] INFO  o.e.m.j.i.AbstractJavaProjectConfigurator - Adding resource folder /JDBCGodaam/src/main/resources
2026-04-05 21:21:18,028 [Worker-43: Creating maven-archetype-quickstart] INFO  o.e.m.j.i.AbstractJavaProjectConfigurator - Not adding source folder /JDBCGodaam/src/test/java because it overlaps with /JDBCGodaam/src
2026-04-05 21:21:18,028 [Worker-43: Creating maven-archetype-quickstart] INFO  o.e.m.j.i.AbstractJavaProjectConfigurator - Adding resource folder /JDBCGodaam/src/test/resources
2026-04-05 21:21:18,029 [Worker-43: Creating maven-archetype-quickstart] WARN  o.apache.maven.project.MavenProject - Direct modification of compileSourceRoots through clear() is deprecated and will not work in Maven 4.0.0. Please use the add/remove methods instead. If you're using a plugin that causes this warning, please upgrade to the latest version and report an issue if the warning persists. To disable these warnings, set -Dmaven.project.sourceRoots.warningsDisabled=true on the command line, in the .mvn/maven.config file, or in project POM properties.
2026-04-05 21:21:18,029 [Worker-43: Creating maven-archetype-quickstart] WARN  o.apache.maven.project.MavenProject - Direct modification of compileSourceRoots through add() is deprecated and will not work in Maven 4.0.0. Please use the add/remove methods instead. If you're using a plugin that causes this warning, please upgrade to the latest version and report an issue if the warning persists. To disable these warnings, set -Dmaven.project.sourceRoots.warningsDisabled=true on the command line, in the .mvn/maven.config file, or in project POM properties.
2026-04-05 21:21:18,029 [Worker-43: Creating maven-archetype-quickstart] WARN  o.apache.maven.project.MavenProject - Direct modification of testCompileSourceRoots through clear() is deprecated and will not work in Maven 4.0.0. Please use the add/remove methods instead. If you're using a plugin that causes this warning, please upgrade to the latest version and report an issue if the warning persists. To disable these warnings, set -Dmaven.project.sourceRoots.warningsDisabled=true on the command line, in the .mvn/maven.config file, or in project POM properties.
2026-04-05 21:21:18,029 [Worker-43: Creating maven-archetype-quickstart] WARN  o.apache.maven.project.MavenProject - Direct modification of testCompileSourceRoots through add() is deprecated and will not work in Maven 4.0.0. Please use the add/remove methods instead. If you're using a plugin that causes this warning, please upgrade to the latest version and report an issue if the warning persists. To disable these warnings, set -Dmaven.project.sourceRoots.warningsDisabled=true on the command line, in the .mvn/maven.config file, or in project POM properties.
2026-04-05 21:21:18,230 [Worker-53: Building] INFO  o.a.m.s.f.DefaultMavenResourcesFiltering - skip non existing resourceDirectory /Users/krishpal/eclipse-workspace/JDBCGodaam/src/main/resources
2026-04-05 21:21:18,232 [Worker-53: Building] INFO  o.a.m.s.f.DefaultMavenResourcesFiltering - skip non existing resourceDirectory /Users/krishpal/eclipse-workspace/JDBCGodaam/src/test/resources
2026-04-05 21:21:18,237 [Worker-53: Building] WARN  o.apache.maven.project.MavenProject - Direct modification of compileSourceRoots through clear() is deprecated and will not work in Maven 4.0.0. Please use the add/remove methods instead. If you're using a plugin that causes this warning, please upgrade to the latest version and report an issue if the warning persists. To disable these warnings, set -Dmaven.project.sourceRoots.warningsDisabled=true on the command line, in the .mvn/maven.config file, or in project POM properties.
2026-04-05 21:21:18,237 [Worker-53: Building] WARN  o.apache.maven.project.MavenProject - Direct modification of compileSourceRoots through add() is deprecated and will not work in Maven 4.0.0. Please use the add/remove methods instead. If you're using a plugin that causes this warning, please upgrade to the latest version and report an issue if the warning persists. To disable these warnings, set -Dmaven.project.sourceRoots.warningsDisabled=true on the command line, in the .mvn/maven.config file, or in project POM properties.
2026-04-05 21:21:18,238 [Worker-53: Building] WARN  o.apache.maven.project.MavenProject - Direct modification of testCompileSourceRoots through clear() is deprecated and will not work in Maven 4.0.0. Please use the add/remove methods instead. If you're using a plugin that causes this warning, please upgrade to the latest version and report an issue if the warning persists. To disable these warnings, set -Dmaven.project.sourceRoots.warningsDisabled=true on the command line, in the .mvn/maven.config file, or in project POM properties.
2026-04-05 21:21:18,238 [Worker-53: Building] WARN  o.apache.maven.project.MavenProject - Direct modification of testCompileSourceRoots through add() is deprecated and will not work in Maven 4.0.0. Please use the add/remove methods instead. If you're using a plugin that causes this warning, please upgrade to the latest version and report an issue if the warning persists. To disable these warnings, set -Dmaven.project.sourceRoots.warningsDisabled=true on the command line, in the .mvn/maven.config file, or in project POM properties.
2026-04-05 21:21:19,255 [Worker-53: Building] INFO  o.a.m.s.f.DefaultMavenResourcesFiltering - skip non existing resourceDirectory /Users/krishpal/eclipse-workspace/JDBCGodaam/src/main/resources
2026-04-05 21:21:19,255 [Worker-53: Building] INFO  o.a.m.s.f.DefaultMavenResourcesFiltering - skip non existing resourceDirectory /Users/krishpal/eclipse-workspace/JDBCGodaam/src/test/resources
2026-04-05 21:21:19,258 [Worker-53: Building] WARN  o.apache.maven.project.MavenProject - Direct modification of compileSourceRoots through clear() is deprecated and will not work in Maven 4.0.0. Please use the add/remove methods instead. If you're using a plugin that causes this warning, please upgrade to the latest version and report an issue if the warning persists. To disable these warnings, set -Dmaven.project.sourceRoots.warningsDisabled=true on the command line, in the .mvn/maven.config file, or in project POM properties.
2026-04-05 21:21:19,259 [Worker-53: Building] WARN  o.apache.maven.project.MavenProject - Direct modification of compileSourceRoots through add() is deprecated and will not work in Maven 4.0.0. Please use the add/remove methods instead. If you're using a plugin that causes this warning, please upgrade to the latest version and report an issue if the warning persists. To disable these warnings, set -Dmaven.project.sourceRoots.warningsDisabled=true on the command line, in the .mvn/maven.config file, or in project POM properties.
2026-04-05 21:21:19,259 [Worker-53: Building] WARN  o.apache.maven.project.MavenProject - Direct modification of testCompileSourceRoots through clear() is deprecated and will not work in Maven 4.0.0. Please use the add/remove methods instead. If you're using a plugin that causes this warning, please upgrade to the latest version and report an issue if the warning persists. To disable these warnings, set -Dmaven.project.sourceRoots.warningsDisabled=true on the command line, in the .mvn/maven.config file, or in project POM properties.
2026-04-05 21:21:19,259 [Worker-53: Building] WARN  o.apache.maven.project.MavenProject - Direct modification of testCompileSourceRoots through add() is deprecated and will not work in Maven 4.0.0. Please use the add/remove methods instead. If you're using a plugin that causes this warning, please upgrade to the latest version and report an issue if the warning persists. To disable these warnings, set -Dmaven.project.sourceRoots.warningsDisabled=true on the command line, in the .mvn/maven.config file, or in project POM properties.
2026-04-06 14:40:20,779 [Worker-24: Loading available Gradle versions] INFO  o.e.b.c.i.u.g.PublishedGradleVersions - Gradle version information cache is up-to-date. Trying to read.
2026-04-06 16:06:05,594 [Worker-8: Loading available Gradle versions] INFO  o.e.b.c.i.u.g.PublishedGradleVersions - Gradle version information cache is up-to-date. Trying to read.
2026-04-06 16:27:04,708 [Worker-5: Loading available Gradle versions] INFO  o.e.b.c.i.u.g.PublishedGradleVersions - Gradle version information cache is up-to-date. Trying to read.
2026-04-06 20:58:09,271 [Worker-6: Loading available Gradle versions] INFO  o.e.b.c.i.u.g.PublishedGradleVersions - Gradle version information cache is out-of-date. Trying to update.
2026-04-06 22:38:04,132 [Worker-3: Loading available Gradle versions] INFO  o.e.b.c.i.u.g.PublishedGradleVersions - Gradle version information cache is up-to-date. Trying to read.
2026-04-06 22:38:13,357 [Worker-9: Loading available Gradle versions] INFO  o.e.b.c.i.u.g.PublishedGradleVersions - Gradle version information cache is up-to-date. Trying to read.
2026-04-06 22:47:45,683 [Worker-8: Loading available Gradle versions] INFO  o.e.b.c.i.u.g.PublishedGradleVersions - Gradle version information cache is up-to-date. Trying to read.
2026-04-06 22:58:12,700 [Worker-59: https://mirrors.nju.edu.cn/eclipse//releases/2026-03/202603111000/plugins/org.eclipse.gef_3.25.0.202602162234.jar] INFO  o.a.h.c.h.i.c.HttpRequestRetryExec - ex-0000000521 recoverable I/O exception (java.net.SocketException) caught when sending request to https://mirrors.nju.edu.cn:443;request will be automatically re-executed in 0 MILLISECONDS (exec count 2)
2026-04-06 22:58:21,389 [Worker-60: https://mirrors.nju.edu.cn/eclipse//releases/2026-03/202603111000/plugins/org.eclipse.emf.transaction_1.10.0.202510231413.jar] INFO  o.a.h.c.h.i.c.HttpRequestRetryExec - ex-0000000518 recoverable I/O exception (java.net.SocketException) caught when sending request to https://mirrors.nju.edu.cn:443;request will be automatically re-executed in 0 MILLISECONDS (exec count 2)
2026-04-06 22:58:48,190 [Worker-54: https://mirrors.nju.edu.cn/eclipse//releases/2026-03/202603111000/plugins/org.eclipse.datatools.sqltools.sql_1.3.0.202412071309.jar] INFO  o.a.h.c.h.i.c.HttpRequestRetryExec - ex-0000000516 recoverable I/O exception (java.net.SocketException) caught when sending request to https://mirrors.nju.edu.cn:443;request will be automatically re-executed in 0 MILLISECONDS (exec count 2)
2026-04-06 22:58:48,190 [Worker-50: https://mirrors.nju.edu.cn/eclipse//releases/2026-03/202603111000/plugins/org.eclipse.dltk.testing_6.4.2.202509021500.jar] INFO  o.a.h.c.h.i.c.HttpRequestRetryExec - ex-0000000510 recoverable I/O exception (java.net.SocketException) caught when sending request to https://mirrors.nju.edu.cn:443;request will be automatically re-executed in 0 MILLISECONDS (exec count 2)
2026-04-06 22:59:28,553 [Worker-33: https://mirrors.nju.edu.cn/eclipse//releases/2026-03/202603111000/plugins/org.eclipse.jetty.ee.webapp_12.1.6.jar] INFO  o.a.h.c.h.i.c.HttpRequestRetryExec - ex-0000000531 recoverable I/O exception (java.net.SocketException) caught when sending request to https://mirrors.nju.edu.cn:443;request will be automatically re-executed in 0 MILLISECONDS (exec count 2)
2026-04-06 23:00:22,837 [Worker-49: https://mirrors.nju.edu.cn/eclipse//releases/2026-03/202603111000/plugins/org.eclipse.jetty.ee8.plus_12.1.6.jar] INFO  o.a.h.c.h.i.c.HttpRequestRetryExec - ex-0000000536 recoverable I/O exception (java.net.SocketException) caught when sending request to https://mirrors.nju.edu.cn:443;request will be automatically re-executed in 0 MILLISECONDS (exec count 2)
2026-04-06 23:00:27,851 [Worker-43: https://mirrors.nju.edu.cn/eclipse//releases/2026-03/202603111000/features/org.eclipse.m2e.wtp.jaxrs.feature_1.6.1.20231024-1618.jar] INFO  o.a.h.c.h.i.c.HttpRequestRetryExec - ex-0000000554 recoverable I/O exception (java.net.SocketException) caught when sending request to https://mirrors.nju.edu.cn:443;request will be automatically re-executed in 0 MILLISECONDS (exec count 2)
2026-04-06 23:00:52,956 [Worker-50: https://mirrors.nju.edu.cn/eclipse//releases/2026-03/202603111000/plugins/org.eclipse.m2e.wtp.jpa_1.6.1.20231024-1618.jar] INFO  o.a.h.c.h.i.c.HttpRequestRetryExec - ex-0000000555 recoverable I/O exception (java.net.SocketException) caught when sending request to https://mirrors.nju.edu.cn:443;request will be automatically re-executed in 0 MILLISECONDS (exec count 2)
2026-04-06 23:01:09,321 [Worker-45: https://mirrors.nju.edu.cn/eclipse//releases/2026-03/202603111000/plugins/org.eclipse.gef_3.25.0.202602162234.jar] INFO  o.a.h.c.h.i.c.HttpRequestRetryExec - ex-0000000556 recoverable I/O exception (java.net.SocketException) caught when sending request to https://mirrors.nju.edu.cn:443;request will be automatically re-executed in 0 MILLISECONDS (exec count 2)
2026-04-06 23:01:54,267 [Worker-47: https://mirrors.nju.edu.cn/eclipse//releases/2026-03/202603111000/plugins/org.eclipse.jetty.ee8.plus_12.1.6.jar] INFO  o.a.h.c.h.i.c.HttpRequestRetryExec - ex-0000000575 recoverable I/O exception (java.net.SocketException) caught when sending request to https://mirrors.nju.edu.cn:443;request will be automatically re-executed in 0 MILLISECONDS (exec count 2)
2026-04-06 23:02:19,565 [Worker-53: https://mirrors.nju.edu.cn/eclipse//releases/2026-03/202603111000/plugins/org.eclipse.jetty.ee8.webapp_12.1.6.jar] INFO  o.a.h.c.h.i.c.HttpRequestRetryExec - ex-0000000571 recoverable I/O exception (java.net.SocketException) caught when sending request to https://mirrors.nju.edu.cn:443;request will be automatically re-executed in 0 MILLISECONDS (exec count 2)
2026-04-06 23:02:28,182 [Worker-48: https://mirrors.nju.edu.cn/eclipse//releases/2026-03/202603111000/features/org.eclipse.php_8.4.0.202512011310.jar] INFO  o.a.h.c.h.i.c.HttpRequestRetryExec - ex-0000000585 recoverable I/O exception (java.net.SocketException) caught when sending request to https://mirrors.nju.edu.cn:443;request will be automatically re-executed in 0 MILLISECONDS (exec count 2)
2026-04-06 23:02:33,194 [Worker-24: https://mirrors.nju.edu.cn/eclipse//releases/2026-03/202603111000/plugins/org.apache.xalan_2.7.3.v20260304-1000.jar] INFO  o.a.h.c.h.i.c.HttpRequestRetryExec - ex-0000000586 recoverable I/O exception (org.apache.hc.core5.http.NoHttpResponseException) caught when sending request to https://mirrors.nju.edu.cn:443;request will be automatically re-executed in 0 MILLISECONDS (exec count 2)
2026-04-06 23:04:14,603 [Worker-50: https://mirrors.nju.edu.cn/eclipse//releases/2026-03/202603111000/features/org.eclipse.wst.web_ui.feature_3.41.0.v202601060332.jar] INFO  o.a.h.c.h.i.c.HttpRequestRetryExec - ex-0000000617 recoverable I/O exception (java.net.SocketException) caught when sending request to https://mirrors.nju.edu.cn:443;request will be automatically re-executed in 0 MILLISECONDS (exec count 2)
2026-04-06 23:04:20,861 [Worker-59: https://mirrors.nju.edu.cn/eclipse//releases/2026-03/202603111000/features/org.eclipse.wst.web_core.feature_3.41.0.v202601060332.jar] INFO  o.a.h.c.h.i.c.HttpRequestRetryExec - ex-0000000616 recoverable I/O exception (org.apache.hc.core5.http.NoHttpResponseException) caught when sending request to https://mirrors.nju.edu.cn:443;request will be automatically re-executed in 0 MILLISECONDS (exec count 2)
2026-04-06 23:04:32,900 [Worker-29: https://mirrors.nju.edu.cn/eclipse//releases/2026-03/202603111000/plugins/org.eclipse.php.server.ui_8.4.0.202512011310.jar] INFO  o.a.h.c.h.i.c.HttpRequestRetryExec - ex-0000000598 recoverable I/O exception (java.net.SocketException) caught when sending request to https://mirrors.nju.edu.cn:443;request will be automatically re-executed in 0 MILLISECONDS (exec count 2)
2026-04-06 23:06:26,500 [Worker-1: Loading available Gradle versions] INFO  o.e.b.c.i.u.g.PublishedGradleVersions - Gradle version information cache is up-to-date. Trying to read.
2026-04-06 23:08:09,264 [Worker-8: https://download.jboss.org/jbosstools/photon/stable/updates/site.xml] INFO  o.a.h.c.h.i.c.HttpRequestRetryExec - ex-0000000021 https://download.jboss.org:443 responded with status 503; request will be automatically re-executed in 1 SECONDS (exec count 2)
2026-04-06 23:08:12,262 [Worker-5: https://download.jboss.org/jbosstools/photon/stable/updates/compositeContent.jar] INFO  o.a.h.c.h.i.c.HttpRequestRetryExec - ex-0000000036 https://download.jboss.org:443 responded with status 503; request will be automatically re-executed in 1 SECONDS (exec count 2)
2026-04-06 23:08:15,415 [Worker-18: https://download.jboss.org/jbosstools/targetplatforms/jbosstoolstarget/4.29.0.Final-SNAPSHOT/REPO/p2.index] INFO  o.a.h.c.h.i.c.HttpRequestRetryExec - ex-0000000055 https://download.jboss.org:443 responded with status 503; request will be automatically re-executed in 1 SECONDS (exec count 2)
2026-04-06 23:08:19,259 [Worker-25: https://download.jboss.org/jbosstools/targetplatforms/jbtcentraltarget/4.28.0.AM1-SNAPSHOT/REPO/p2.index] INFO  o.a.h.c.h.i.c.HttpRequestRetryExec - ex-0000000076 https://download.jboss.org:443 responded with status 503; request will be automatically re-executed in 1 SECONDS (exec count 2)
2026-04-06 23:08:53,235 [Worker-4: Building] INFO  o.a.m.s.f.DefaultMavenResourcesFiltering - skip non existing resourceDirectory /Users/krishpal/eclipse-workspace/JDBCGodaam/src/main/resources
2026-04-06 23:08:53,237 [Worker-4: Building] INFO  o.a.m.s.f.DefaultMavenResourcesFiltering - skip non existing resourceDirectory /Users/krishpal/eclipse-workspace/JDBCGodaam/src/test/resources
2026-04-06 23:08:53,355 [Worker-4: Building] WARN  o.apache.maven.project.MavenProject - Plugin is modifying compileSourceRoots through clear(), which will not work in Maven 4.0.0. Use MavenProject.addCompileSourceRoot()/removeCompileSourceRoot() methods instead. If using a plugin, please upgrade to the latest version or report the issue to the plugin maintainer. To disable these warnings, set -Dmaven.project.sourceRoots.warningsDisabled=true on the command line, in the .mvn/maven.config file, or in project POM properties.
2026-04-06 23:08:53,356 [Worker-4: Building] WARN  o.apache.maven.project.MavenProject - Plugin is modifying compileSourceRoots through add(), which will not work in Maven 4.0.0. Use MavenProject.addCompileSourceRoot()/removeCompileSourceRoot() methods instead. If using a plugin, please upgrade to the latest version or report the issue to the plugin maintainer. To disable these warnings, set -Dmaven.project.sourceRoots.warningsDisabled=true on the command line, in the .mvn/maven.config file, or in project POM properties.
2026-04-06 23:08:53,356 [Worker-4: Building] WARN  o.apache.maven.project.MavenProject - Plugin is modifying testCompileSourceRoots through clear(), which will not work in Maven 4.0.0. Use MavenProject.addTestCompileSourceRoot()/removeTestCompileSourceRoot() methods instead. If using a plugin, please upgrade to the latest version or report the issue to the plugin maintainer. To disable these warnings, set -Dmaven.project.sourceRoots.warningsDisabled=true on the command line, in the .mvn/maven.config file, or in project POM properties.
2026-04-06 23:08:53,356 [Worker-4: Building] WARN  o.apache.maven.project.MavenProject - Plugin is modifying testCompileSourceRoots through add(), which will not work in Maven 4.0.0. Use MavenProject.addTestCompileSourceRoot()/removeTestCompileSourceRoot() methods instead. If using a plugin, please upgrade to the latest version or report the issue to the plugin maintainer. To disable these warnings, set -Dmaven.project.sourceRoots.warningsDisabled=true on the command line, in the .mvn/maven.config file, or in project POM properties.
2026-04-08 22:19:35,689 [Worker-12: Loading available Gradle versions] INFO  o.e.b.c.i.u.g.PublishedGradleVersions - Gradle version information cache is out-of-date. Trying to update.
2026-04-08 22:19:37,319 [Worker-21: Building] INFO  o.a.m.s.f.DefaultMavenResourcesFiltering - skip non existing resourceDirectory /Users/krishpal/eclipse-workspace/JDBCGodaam/src/main/resources
2026-04-08 22:19:37,321 [Worker-21: Building] INFO  o.a.m.s.f.DefaultMavenResourcesFiltering - skip non existing resourceDirectory /Users/krishpal/eclipse-workspace/JDBCGodaam/src/test/resources
2026-04-08 22:19:37,465 [Worker-21: Building] WARN  o.apache.maven.project.MavenProject - Plugin is modifying compileSourceRoots through clear(), which will not work in Maven 4.0.0. Use MavenProject.addCompileSourceRoot()/removeCompileSourceRoot() methods instead. If using a plugin, please upgrade to the latest version or report the issue to the plugin maintainer. To disable these warnings, set -Dmaven.project.sourceRoots.warningsDisabled=true on the command line, in the .mvn/maven.config file, or in project POM properties.
2026-04-08 22:19:37,465 [Worker-21: Building] WARN  o.apache.maven.project.MavenProject - Plugin is modifying compileSourceRoots through add(), which will not work in Maven 4.0.0. Use MavenProject.addCompileSourceRoot()/removeCompileSourceRoot() methods instead. If using a plugin, please upgrade to the latest version or report the issue to the plugin maintainer. To disable these warnings, set -Dmaven.project.sourceRoots.warningsDisabled=true on the command line, in the .mvn/maven.config file, or in project POM properties.
2026-04-08 22:19:37,465 [Worker-21: Building] WARN  o.apache.maven.project.MavenProject - Plugin is modifying testCompileSourceRoots through clear(), which will not work in Maven 4.0.0. Use MavenProject.addTestCompileSourceRoot()/removeTestCompileSourceRoot() methods instead. If using a plugin, please upgrade to the latest version or report the issue to the plugin maintainer. To disable these warnings, set -Dmaven.project.sourceRoots.warningsDisabled=true on the command line, in the .mvn/maven.config file, or in project POM properties.
2026-04-08 22:19:37,465 [Worker-21: Building] WARN  o.apache.maven.project.MavenProject - Plugin is modifying testCompileSourceRoots through add(), which will not work in Maven 4.0.0. Use MavenProject.addTestCompileSourceRoot()/removeTestCompileSourceRoot() methods instead. If using a plugin, please upgrade to the latest version or report the issue to the plugin maintainer. To disable these warnings, set -Dmaven.project.sourceRoots.warningsDisabled=true on the command line, in the .mvn/maven.config file, or in project POM properties.
2026-04-08 22:20:25,722 [Worker-5: Loading available Gradle versions] INFO  o.e.b.c.i.u.g.PublishedGradleVersions - Gradle version information cache is up-to-date. Trying to read.
2026-04-09 03:57:16,099 [Worker-11: Loading available Gradle versions] INFO  o.e.b.c.i.u.g.PublishedGradleVersions - Gradle version information cache is up-to-date. Trying to read.
2026-04-09 03:57:17,682 [Worker-10: Building] INFO  o.a.m.s.f.DefaultMavenResourcesFiltering - skip non existing resourceDirectory /Users/krishpal/eclipse-workspace/JDBCGodaam/src/main/resources
2026-04-09 03:57:17,684 [Worker-10: Building] INFO  o.a.m.s.f.DefaultMavenResourcesFiltering - skip non existing resourceDirectory /Users/krishpal/eclipse-workspace/JDBCGodaam/src/test/resources
2026-04-09 03:57:17,786 [Worker-10: Building] WARN  o.apache.maven.project.MavenProject - Plugin is modifying compileSourceRoots through clear(), which will not work in Maven 4.0.0. Use MavenProject.addCompileSourceRoot()/removeCompileSourceRoot() methods instead. If using a plugin, please upgrade to the latest version or report the issue to the plugin maintainer. To disable these warnings, set -Dmaven.project.sourceRoots.warningsDisabled=true on the command line, in the .mvn/maven.config file, or in project POM properties.
2026-04-09 03:57:17,786 [Worker-10: Building] WARN  o.apache.maven.project.MavenProject - Plugin is modifying compileSourceRoots through add(), which will not work in Maven 4.0.0. Use MavenProject.addCompileSourceRoot()/removeCompileSourceRoot() methods instead. If using a plugin, please upgrade to the latest version or report the issue to the plugin maintainer. To disable these warnings, set -Dmaven.project.sourceRoots.warningsDisabled=true on the command line, in the .mvn/maven.config file, or in project POM properties.
2026-04-09 03:57:17,786 [Worker-10: Building] WARN  o.apache.maven.project.MavenProject - Plugin is modifying testCompileSourceRoots through clear(), which will not work in Maven 4.0.0. Use MavenProject.addTestCompileSourceRoot()/removeTestCompileSourceRoot() methods instead. If using a plugin, please upgrade to the latest version or report the issue to the plugin maintainer. To disable these warnings, set -Dmaven.project.sourceRoots.warningsDisabled=true on the command line, in the .mvn/maven.config file, or in project POM properties.
2026-04-09 03:57:17,786 [Worker-10: Building] WARN  o.apache.maven.project.MavenProject - Plugin is modifying testCompileSourceRoots through add(), which will not work in Maven 4.0.0. Use MavenProject.addTestCompileSourceRoot()/removeTestCompileSourceRoot() methods instead. If using a plugin, please upgrade to the latest version or report the issue to the plugin maintainer. To disable these warnings, set -Dmaven.project.sourceRoots.warningsDisabled=true on the command line, in the .mvn/maven.config file, or in project POM properties.
2026-04-09 03:57:34,544 [Worker-8: Loading available Gradle versions] INFO  o.e.b.c.i.u.g.PublishedGradleVersions - Gradle version information cache is up-to-date. Trying to read.
2026-04-09 22:27:01,204 [Worker-11: Loading available Gradle versions] INFO  o.e.b.c.i.u.g.PublishedGradleVersions - Gradle version information cache is out-of-date. Trying to update.
2026-04-09 22:27:21,774 [Worker-3: Loading available Gradle versions] INFO  o.e.b.c.i.u.g.PublishedGradleVersions - Gradle version information cache is up-to-date. Trying to read.
2026-04-10 02:19:17,907 [Worker-9: Loading available Gradle versions] INFO  o.e.b.c.i.u.g.PublishedGradleVersions - Gradle version information cache is up-to-date. Trying to read.
2026-04-10 03:07:00,748 [Worker-9: Loading available Gradle versions] INFO  o.e.b.c.i.u.g.PublishedGradleVersions - Gradle version information cache is up-to-date. Trying to read.
2026-04-11 03:10:52,632 [Worker-0: Loading available Gradle versions] INFO  o.e.b.c.i.u.g.PublishedGradleVersions - Gradle version information cache is out-of-date. Trying to update.
2026-04-11 03:17:38,091 [Worker-6: Loading available Gradle versions] INFO  o.e.b.c.i.u.g.PublishedGradleVersions - Gradle version information cache is up-to-date. Trying to read.
2026-04-11 04:18:59,986 [Worker-9: Loading available Gradle versions] INFO  o.e.b.c.i.u.g.PublishedGradleVersions - Gradle version information cache is up-to-date. Trying to read.
2026-04-11 05:23:44,175 [Worker-9: Loading available Gradle versions] INFO  o.e.b.c.i.u.g.PublishedGradleVersions - Gradle version information cache is up-to-date. Trying to read.
2026-04-11 05:28:29,622 [Worker-20: Loading available Gradle versions] INFO  o.e.b.c.i.u.g.PublishedGradleVersions - Gradle version information cache is up-to-date. Trying to read.
2026-04-12 03:23:35,897 [Worker-11: Loading available Gradle versions] INFO  o.e.b.c.i.u.g.PublishedGradleVersions - Gradle version information cache is out-of-date. Trying to update.
2026-04-12 03:23:52,453 [Worker-6: Loading available Gradle versions] INFO  o.e.b.c.i.u.g.PublishedGradleVersions - Gradle version information cache is up-to-date. Trying to read.
2026-04-12 03:54:27,178 [Worker-12: Loading available Gradle versions] INFO  o.e.b.c.i.u.g.PublishedGradleVersions - Gradle version information cache is up-to-date. Trying to read.
2026-04-19 10:06:01,839 [Worker-5: Loading available Gradle versions] INFO  o.e.b.c.i.u.g.PublishedGradleVersions - Gradle version information cache is out-of-date. Trying to update.
2026-04-21 22:42:20,205 [Worker-11: Loading available Gradle versions] INFO  o.e.b.c.i.u.g.PublishedGradleVersions - Gradle version information cache is out-of-date. Trying to update.
2026-04-21 22:42:33,732 [Worker-5: Loading available Gradle versions] INFO  o.e.b.c.i.u.g.PublishedGradleVersions - Gradle version information cache is up-to-date. Trying to read.
2026-04-22 16:15:57,520 [Worker-16: Loading available Gradle versions] INFO  o.e.b.c.i.u.g.PublishedGradleVersions - Gradle version information cache is up-to-date. Trying to read.
2026-04-23 14:24:27,593 [Worker-33: Loading available Gradle versions] INFO  o.e.b.c.i.u.g.PublishedGradleVersions - Gradle version information cache is out-of-date. Trying to update.
2026-04-23 14:25:41,821 [Worker-18: Loading available Gradle versions] INFO  o.e.b.c.i.u.g.PublishedGradleVersions - Gradle version information cache is up-to-date. Trying to read.
2026-04-24 06:56:20,840 [Worker-29: Loading available Gradle versions] INFO  o.e.b.c.i.u.g.PublishedGradleVersions - Gradle version information cache is up-to-date. Trying to read.
2026-04-24 07:04:07,989 [Worker-1: Loading available Gradle versions] INFO  o.e.b.c.i.u.g.PublishedGradleVersions - Gradle version information cache is up-to-date. Trying to read.
2026-04-24 07:20:58,278 [Worker-1: Loading available Gradle versions] INFO  o.e.b.c.i.u.g.PublishedGradleVersions - Gradle version information cache is up-to-date. Trying to read.
2026-04-24 07:30:14,920 [Worker-2: Loading available Gradle versions] INFO  o.e.b.c.i.u.g.PublishedGradleVersions - Gradle version information cache is up-to-date. Trying to read.
2026-04-24 15:14:05,185 [Worker-18: Loading available Gradle versions] INFO  o.e.b.c.i.u.g.PublishedGradleVersions - Gradle version information cache is out-of-date. Trying to update.
2026-04-25 04:20:47,992 [Worker-3: Loading available Gradle versions] INFO  o.e.b.c.i.u.g.PublishedGradleVersions - Gradle version information cache is up-to-date. Trying to read.
2026-04-25 09:07:17,407 [Worker-9: Loading available Gradle versions] INFO  o.e.b.c.i.u.g.PublishedGradleVersions - Gradle version information cache is up-to-date. Trying to read.
2026-05-03 12:00:04,901 [Worker-9: Loading available Gradle versions] INFO  o.e.b.c.i.u.g.PublishedGradleVersions - Gradle version information cache is out-of-date. Trying to update.
2026-05-05 15:46:44,173 [Worker-10: Loading available Gradle versions] INFO  o.e.b.c.i.u.g.PublishedGradleVersions - Gradle version information cache is out-of-date. Trying to update.
2026-05-08 18:05:51,530 [Worker-9: Loading available Gradle versions] INFO  o.e.b.c.i.u.g.PublishedGradleVersions - Gradle version information cache is out-of-date. Trying to update.
2026-05-08 18:07:27,669 [Worker-9: Loading available Gradle versions] INFO  o.e.b.c.i.u.g.PublishedGradleVersions - Gradle version information cache is up-to-date. Trying to read.
2026-05-08 18:08:54,332 [Worker-24: Update Maven projects configuration] INFO  o.e.m.c.i.p.ProjectConfigurationManager - Update started
2026-05-08 18:08:54,604 [Worker-24: Update Maven projects configuration] INFO  o.e.m.c.i.e.AbstractTransferListenerAdapter - Downloading https://repo.maven.apache.org/maven2/org/springframework/boot/spring-boot-starter-parent/2.6.3/spring-boot-starter-parent-2.6.3.pom
2026-05-08 18:08:54,606 [Worker-24: Update Maven projects configuration] INFO  o.e.m.c.i.e.AbstractTransferListenerAdapter - Downloaded https://repo.maven.apache.org/maven2/org/springframework/boot/spring-boot-starter-parent/2.6.3/spring-boot-starter-parent-2.6.3.pom
2026-05-08 18:08:54,656 [Worker-24: Update Maven projects configuration] INFO  o.e.m.c.i.e.AbstractTransferListenerAdapter - Downloading https://repo.maven.apache.org/maven2/org/springframework/boot/spring-boot-dependencies/2.6.3/spring-boot-dependencies-2.6.3.pom
2026-05-08 18:08:54,660 [Worker-24: Update Maven projects configuration] INFO  o.e.m.c.i.e.AbstractTransferListenerAdapter - Downloaded https://repo.maven.apache.org/maven2/org/springframework/boot/spring-boot-dependencies/2.6.3/spring-boot-dependencies-2.6.3.pom
2026-05-08 18:08:54,721 [Worker-24: Update Maven projects configuration] INFO  o.e.m.c.i.e.AbstractTransferListenerAdapter - Downloading https://repo.maven.apache.org/maven2/com/datastax/oss/java-driver-bom/4.13.0/java-driver-bom-4.13.0.pom
2026-05-08 18:08:54,722 [Worker-24: Update Maven projects configuration] INFO  o.e.m.c.i.e.AbstractTransferListenerAdapter - Downloaded https://repo.maven.apache.org/maven2/com/datastax/oss/java-driver-bom/4.13.0/java-driver-bom-4.13.0.pom
2026-05-08 18:08:54,761 [Worker-24: Update Maven projects configuration] INFO  o.e.m.c.i.e.AbstractTransferListenerAdapter - Downloading https://repo.maven.apache.org/maven2/io/dropwizard/metrics/metrics-bom/4.2.7/metrics-bom-4.2.7.pom
2026-05-08 18:08:54,762 [Worker-24: Update Maven projects configuration] INFO  o.e.m.c.i.e.AbstractTransferListenerAdapter - Downloaded https://repo.maven.apache.org/maven2/io/dropwizard/metrics/metrics-bom/4.2.7/metrics-bom-4.2.7.pom
2026-05-08 18:08:54,797 [Worker-24: Update Maven projects configuration] INFO  o.e.m.c.i.e.AbstractTransferListenerAdapter - Downloading https://repo.maven.apache.org/maven2/io/dropwizard/metrics/metrics-parent/4.2.7/metrics-parent-4.2.7.pom
2026-05-08 18:08:54,797 [Worker-24: Update Maven projects configuration] INFO  o.e.m.c.i.e.AbstractTransferListenerAdapter - Downloaded https://repo.maven.apache.org/maven2/io/dropwizard/metrics/metrics-parent/4.2.7/metrics-parent-4.2.7.pom
2026-05-08 18:08:54,845 [Worker-24: Update Maven projects configuration] INFO  o.e.m.c.i.e.AbstractTransferListenerAdapter - Downloading https://repo.maven.apache.org/maven2/org/codehaus/groovy/groovy-bom/3.0.9/groovy-bom-3.0.9.pom
2026-05-08 18:08:54,847 [Worker-24: Update Maven projects configuration] INFO  o.e.m.c.i.e.AbstractTransferListenerAdapter - Downloaded https://repo.maven.apache.org/maven2/org/codehaus/groovy/groovy-bom/3.0.9/groovy-bom-3.0.9.pom
2026-05-08 18:08:54,892 [Worker-24: Update Maven projects configuration] INFO  o.e.m.c.i.e.AbstractTransferListenerAdapter - Downloading https://repo.maven.apache.org/maven2/org/infinispan/infinispan-bom/12.1.11.Final/infinispan-bom-12.1.11.Final.pom
2026-05-08 18:08:54,893 [Worker-24: Update Maven projects configuration] INFO  o.e.m.c.i.e.AbstractTransferListenerAdapter - Downloaded https://repo.maven.apache.org/maven2/org/infinispan/infinispan-bom/12.1.11.Final/infinispan-bom-12.1.11.Final.pom
2026-05-08 18:08:54,943 [Worker-24: Update Maven projects configuration] INFO  o.e.m.c.i.e.AbstractTransferListenerAdapter - Downloading https://repo.maven.apache.org/maven2/org/infinispan/infinispan-build-configuration-parent/12.1.11.Final/infinispan-build-configuration-parent-12.1.11.Final.pom
2026-05-08 18:08:54,944 [Worker-24: Update Maven projects configuration] INFO  o.e.m.c.i.e.AbstractTransferListenerAdapter - Downloaded https://repo.maven.apache.org/maven2/org/infinispan/infinispan-build-configuration-parent/12.1.11.Final/infinispan-build-configuration-parent-12.1.11.Final.pom
2026-05-08 18:08:54,989 [Worker-24: Update Maven projects configuration] INFO  o.e.m.c.i.e.AbstractTransferListenerAdapter - Downloading https://repo.maven.apache.org/maven2/org/jboss/jboss-parent/36/jboss-parent-36.pom
2026-05-08 18:08:54,991 [Worker-24: Update Maven projects configuration] INFO  o.e.m.c.i.e.AbstractTransferListenerAdapter - Downloaded https://repo.maven.apache.org/maven2/org/jboss/jboss-parent/36/jboss-parent-36.pom
2026-05-08 18:08:55,032 [Worker-24: Update Maven projects configuration] INFO  o.e.m.c.i.e.AbstractTransferListenerAdapter - Downloading https://repo.maven.apache.org/maven2/com/fasterxml/jackson/jackson-bom/2.13.1/jackson-bom-2.13.1.pom
2026-05-08 18:08:55,033 [Worker-24: Update Maven projects configuration] INFO  o.e.m.c.i.e.AbstractTransferListenerAdapter - Downloaded https://repo.maven.apache.org/maven2/com/fasterxml/jackson/jackson-bom/2.13.1/jackson-bom-2.13.1.pom
2026-05-08 18:08:55,079 [Worker-24: Update Maven projects configuration] INFO  o.e.m.c.i.e.AbstractTransferListenerAdapter - Downloading https://repo.maven.apache.org/maven2/com/fasterxml/jackson/jackson-parent/2.13/jackson-parent-2.13.pom
2026-05-08 18:08:55,079 [Worker-24: Update Maven projects configuration] INFO  o.e.m.c.i.e.AbstractTransferListenerAdapter - Downloaded https://repo.maven.apache.org/maven2/com/fasterxml/jackson/jackson-parent/2.13/jackson-parent-2.13.pom
2026-05-08 18:08:55,126 [Worker-24: Update Maven projects configuration] INFO  o.e.m.c.i.e.AbstractTransferListenerAdapter - Downloading https://repo.maven.apache.org/maven2/com/fasterxml/oss-parent/43/oss-parent-43.pom
2026-05-08 18:08:55,127 [Worker-24: Update Maven projects configuration] INFO  o.e.m.c.i.e.AbstractTransferListenerAdapter - Downloaded https://repo.maven.apache.org/maven2/com/fasterxml/oss-parent/43/oss-parent-43.pom
2026-05-08 18:08:55,172 [Worker-24: Update Maven projects configuration] INFO  o.e.m.c.i.e.AbstractTransferListenerAdapter - Downloading https://repo.maven.apache.org/maven2/org/glassfish/jersey/jersey-bom/2.35/jersey-bom-2.35.pom
2026-05-08 18:08:55,173 [Worker-24: Update Maven projects configuration] INFO  o.e.m.c.i.e.AbstractTransferListenerAdapter - Downloaded https://repo.maven.apache.org/maven2/org/glassfish/jersey/jersey-bom/2.35/jersey-bom-2.35.pom
2026-05-08 18:08:55,234 [Worker-24: Update Maven projects configuration] INFO  o.e.m.c.i.e.AbstractTransferListenerAdapter - Downloading https://repo.maven.apache.org/maven2/org/eclipse/jetty/jetty-bom/9.4.44.v20210927/jetty-bom-9.4.44.v20210927.pom
2026-05-08 18:08:55,235 [Worker-24: Update Maven projects configuration] INFO  o.e.m.c.i.e.AbstractTransferListenerAdapter - Downloaded https://repo.maven.apache.org/maven2/org/eclipse/jetty/jetty-bom/9.4.44.v20210927/jetty-bom-9.4.44.v20210927.pom
2026-05-08 18:08:55,290 [Worker-24: Update Maven projects configuration] INFO  o.e.m.c.i.e.AbstractTransferListenerAdapter - Downloading https://repo.maven.apache.org/maven2/org/jetbrains/kotlin/kotlin-bom/1.6.10/kotlin-bom-1.6.10.pom
2026-05-08 18:08:55,291 [Worker-24: Update Maven projects configuration] INFO  o.e.m.c.i.e.AbstractTransferListenerAdapter - Downloaded https://repo.maven.apache.org/maven2/org/jetbrains/kotlin/kotlin-bom/1.6.10/kotlin-bom-1.6.10.pom
2026-05-08 18:08:55,341 [Worker-24: Update Maven projects configuration] INFO  o.e.m.c.i.e.AbstractTransferListenerAdapter - Downloading https://repo.maven.apache.org/maven2/org/jetbrains/kotlinx/kotlinx-coroutines-bom/1.5.2/kotlinx-coroutines-bom-1.5.2.pom
2026-05-08 18:08:55,342 [Worker-24: Update Maven projects configuration] INFO  o.e.m.c.i.e.AbstractTransferListenerAdapter - Downloaded https://repo.maven.apache.org/maven2/org/jetbrains/kotlinx/kotlinx-coroutines-bom/1.5.2/kotlinx-coroutines-bom-1.5.2.pom
2026-05-08 18:08:55,386 [Worker-24: Update Maven projects configuration] INFO  o.e.m.c.i.e.AbstractTransferListenerAdapter - Downloading https://repo.maven.apache.org/maven2/org/apache/logging/log4j/log4j-bom/2.17.1/log4j-bom-2.17.1.pom
2026-05-08 18:08:55,387 [Worker-24: Update Maven projects configuration] INFO  o.e.m.c.i.e.AbstractTransferListenerAdapter - Downloaded https://repo.maven.apache.org/maven2/org/apache/logging/log4j/log4j-bom/2.17.1/log4j-bom-2.17.1.pom
2026-05-08 18:08:55,431 [Worker-24: Update Maven projects configuration] INFO  o.e.m.c.i.e.AbstractTransferListenerAdapter - Downloading https://repo.maven.apache.org/maven2/org/apache/logging/logging-parent/3/logging-parent-3.pom
2026-05-08 18:08:55,432 [Worker-24: Update Maven projects configuration] INFO  o.e.m.c.i.e.AbstractTransferListenerAdapter - Downloaded https://repo.maven.apache.org/maven2/org/apache/logging/logging-parent/3/logging-parent-3.pom
2026-05-08 18:08:55,480 [Worker-24: Update Maven projects configuration] INFO  o.e.m.c.i.e.AbstractTransferListenerAdapter - Downloading https://repo.maven.apache.org/maven2/io/micrometer/micrometer-bom/1.8.2/micrometer-bom-1.8.2.pom
2026-05-08 18:08:55,481 [Worker-24: Update Maven projects configuration] INFO  o.e.m.c.i.e.AbstractTransferListenerAdapter - Downloaded https://repo.maven.apache.org/maven2/io/micrometer/micrometer-bom/1.8.2/micrometer-bom-1.8.2.pom
2026-05-08 18:08:55,527 [Worker-24: Update Maven projects configuration] INFO  o.e.m.c.i.e.AbstractTransferListenerAdapter - Downloading https://repo.maven.apache.org/maven2/io/netty/netty-bom/4.1.73.Final/netty-bom-4.1.73.Final.pom
2026-05-08 18:08:55,529 [Worker-24: Update Maven projects configuration] INFO  o.e.m.c.i.e.AbstractTransferListenerAdapter - Downloaded https://repo.maven.apache.org/maven2/io/netty/netty-bom/4.1.73.Final/netty-bom-4.1.73.Final.pom
2026-05-08 18:08:55,642 [Worker-24: Update Maven projects configuration] INFO  o.e.m.c.i.e.AbstractTransferListenerAdapter - Downloading https://repo.maven.apache.org/maven2/com/oracle/database/jdbc/ojdbc-bom/21.3.0.0/ojdbc-bom-21.3.0.0.pom
2026-05-08 18:08:55,646 [Worker-24: Update Maven projects configuration] INFO  o.e.m.c.i.e.AbstractTransferListenerAdapter - Downloaded https://repo.maven.apache.org/maven2/com/oracle/database/jdbc/ojdbc-bom/21.3.0.0/ojdbc-bom-21.3.0.0.pom
2026-05-08 18:08:55,697 [Worker-24: Update Maven projects configuration] INFO  o.e.m.c.i.e.AbstractTransferListenerAdapter - Downloading https://repo.maven.apache.org/maven2/io/prometheus/simpleclient_bom/0.12.0/simpleclient_bom-0.12.0.pom
2026-05-08 18:08:55,701 [Worker-24: Update Maven projects configuration] INFO  o.e.m.c.i.e.AbstractTransferListenerAdapter - Downloaded https://repo.maven.apache.org/maven2/io/prometheus/simpleclient_bom/0.12.0/simpleclient_bom-0.12.0.pom
2026-05-08 18:08:55,747 [Worker-24: Update Maven projects configuration] INFO  o.e.m.c.i.e.AbstractTransferListenerAdapter - Downloading https://repo.maven.apache.org/maven2/io/prometheus/parent/0.12.0/parent-0.12.0.pom
2026-05-08 18:08:55,748 [Worker-24: Update Maven projects configuration] INFO  o.e.m.c.i.e.AbstractTransferListenerAdapter - Downloaded https://repo.maven.apache.org/maven2/io/prometheus/parent/0.12.0/parent-0.12.0.pom
2026-05-08 18:08:55,786 [Worker-24: Update Maven projects configuration] INFO  o.e.m.c.i.e.AbstractTransferListenerAdapter - Downloading https://repo.maven.apache.org/maven2/com/querydsl/querydsl-bom/5.0.0/querydsl-bom-5.0.0.pom
2026-05-08 18:08:55,787 [Worker-24: Update Maven projects configuration] INFO  o.e.m.c.i.e.AbstractTransferListenerAdapter - Downloaded https://repo.maven.apache.org/maven2/com/querydsl/querydsl-bom/5.0.0/querydsl-bom-5.0.0.pom
2026-05-08 18:08:55,834 [Worker-24: Update Maven projects configuration] INFO  o.e.m.c.i.e.AbstractTransferListenerAdapter - Downloading https://repo.maven.apache.org/maven2/io/r2dbc/r2dbc-bom/Arabba-SR12/r2dbc-bom-Arabba-SR12.pom
2026-05-08 18:08:55,836 [Worker-24: Update Maven projects configuration] INFO  o.e.m.c.i.e.AbstractTransferListenerAdapter - Downloaded https://repo.maven.apache.org/maven2/io/r2dbc/r2dbc-bom/Arabba-SR12/r2dbc-bom-Arabba-SR12.pom
2026-05-08 18:08:55,895 [Worker-24: Update Maven projects configuration] INFO  o.e.m.c.i.e.AbstractTransferListenerAdapter - Downloading https://repo.maven.apache.org/maven2/io/projectreactor/reactor-bom/2020.0.15/reactor-bom-2020.0.15.pom
2026-05-08 18:08:55,896 [Worker-24: Update Maven projects configuration] INFO  o.e.m.c.i.e.AbstractTransferListenerAdapter - Downloaded https://repo.maven.apache.org/maven2/io/projectreactor/reactor-bom/2020.0.15/reactor-bom-2020.0.15.pom
2026-05-08 18:08:55,939 [Worker-24: Update Maven projects configuration] INFO  o.e.m.c.i.e.AbstractTransferListenerAdapter - Downloading https://repo.maven.apache.org/maven2/io/rsocket/rsocket-bom/1.1.1/rsocket-bom-1.1.1.pom
2026-05-08 18:08:55,941 [Worker-24: Update Maven projects configuration] INFO  o.e.m.c.i.e.AbstractTransferListenerAdapter - Downloaded https://repo.maven.apache.org/maven2/io/rsocket/rsocket-bom/1.1.1/rsocket-bom-1.1.1.pom
2026-05-08 18:08:55,993 [Worker-24: Update Maven projects configuration] INFO  o.e.m.c.i.e.AbstractTransferListenerAdapter - Downloading https://repo.maven.apache.org/maven2/org/springframework/data/spring-data-bom/2021.1.1/spring-data-bom-2021.1.1.pom
2026-05-08 18:08:55,995 [Worker-24: Update Maven projects configuration] INFO  o.e.m.c.i.e.AbstractTransferListenerAdapter - Downloaded https://repo.maven.apache.org/maven2/org/springframework/data/spring-data-bom/2021.1.1/spring-data-bom-2021.1.1.pom
2026-05-08 18:08:56,058 [Worker-24: Update Maven projects configuration] INFO  o.e.m.c.i.e.AbstractTransferListenerAdapter - Downloading https://repo.maven.apache.org/maven2/org/springframework/spring-framework-bom/5.3.15/spring-framework-bom-5.3.15.pom
2026-05-08 18:08:56,062 [Worker-24: Update Maven projects configuration] INFO  o.e.m.c.i.e.AbstractTransferListenerAdapter - Downloaded https://repo.maven.apache.org/maven2/org/springframework/spring-framework-bom/5.3.15/spring-framework-bom-5.3.15.pom
2026-05-08 18:08:56,127 [Worker-24: Update Maven projects configuration] INFO  o.e.m.c.i.e.AbstractTransferListenerAdapter - Downloading https://repo.maven.apache.org/maven2/org/springframework/integration/spring-integration-bom/5.5.8/spring-integration-bom-5.5.8.pom
2026-05-08 18:08:56,130 [Worker-24: Update Maven projects configuration] INFO  o.e.m.c.i.e.AbstractTransferListenerAdapter - Downloaded https://repo.maven.apache.org/maven2/org/springframework/integration/spring-integration-bom/5.5.8/spring-integration-bom-5.5.8.pom
2026-05-08 18:08:56,183 [Worker-24: Update Maven projects configuration] INFO  o.e.m.c.i.e.AbstractTransferListenerAdapter - Downloading https://repo.maven.apache.org/maven2/org/springframework/security/spring-security-bom/5.6.1/spring-security-bom-5.6.1.pom
2026-05-08 18:08:56,188 [Worker-24: Update Maven projects configuration] INFO  o.e.m.c.i.e.AbstractTransferListenerAdapter - Downloaded https://repo.maven.apache.org/maven2/org/springframework/security/spring-security-bom/5.6.1/spring-security-bom-5.6.1.pom
2026-05-08 18:08:56,246 [Worker-24: Update Maven projects configuration] INFO  o.e.m.c.i.e.AbstractTransferListenerAdapter - Downloading https://repo.maven.apache.org/maven2/org/springframework/session/spring-session-bom/2021.1.1/spring-session-bom-2021.1.1.pom
2026-05-08 18:08:56,248 [Worker-24: Update Maven projects configuration] INFO  o.e.m.c.i.e.AbstractTransferListenerAdapter - Downloaded https://repo.maven.apache.org/maven2/org/springframework/session/spring-session-bom/2021.1.1/spring-session-bom-2021.1.1.pom
2026-05-08 18:08:56,387 [Worker-24: Update Maven projects configuration] INFO  o.e.m.c.i.e.AbstractTransferListenerAdapter - Downloading https://repo.maven.apache.org/maven2/org/springframework/boot/spring-boot-maven-plugin/2.6.3/spring-boot-maven-plugin-2.6.3.pom
2026-05-08 18:08:56,387 [Worker-24: Update Maven projects configuration] INFO  o.e.m.c.i.e.AbstractTransferListenerAdapter - Downloaded https://repo.maven.apache.org/maven2/org/springframework/boot/spring-boot-maven-plugin/2.6.3/spring-boot-maven-plugin-2.6.3.pom
2026-05-08 18:08:56,428 [Worker-24: Update Maven projects configuration] INFO  o.e.m.c.i.e.AbstractTransferListenerAdapter - Downloading https://repo.maven.apache.org/maven2/org/springframework/boot/spring-boot-maven-plugin/2.6.3/spring-boot-maven-plugin-2.6.3.jar
2026-05-08 18:08:56,463 [Worker-24: Update Maven projects configuration] INFO  o.e.m.c.i.e.AbstractTransferListenerAdapter - Downloaded https://repo.maven.apache.org/maven2/org/springframework/boot/spring-boot-maven-plugin/2.6.3/spring-boot-maven-plugin-2.6.3.jar
2026-05-08 18:08:56,518 [Worker-24: Update Maven projects configuration] INFO  o.e.m.c.i.e.AbstractTransferListenerAdapter - Downloading https://repo.maven.apache.org/maven2/org/apache/maven/plugins/maven-clean-plugin/3.1.0/maven-clean-plugin-3.1.0.jar
2026-05-08 18:08:56,526 [Worker-24: Update Maven projects configuration] INFO  o.e.m.c.i.e.AbstractTransferListenerAdapter - Downloaded https://repo.maven.apache.org/maven2/org/apache/maven/plugins/maven-clean-plugin/3.1.0/maven-clean-plugin-3.1.0.jar
2026-05-08 18:08:56,566 [Worker-24: Update Maven projects configuration] INFO  o.e.m.c.i.e.AbstractTransferListenerAdapter - Downloading https://repo.maven.apache.org/maven2/org/apache/maven/plugins/maven-resources-plugin/3.2.0/maven-resources-plugin-3.2.0.jar
2026-05-08 18:08:56,570 [Worker-24: Update Maven projects configuration] INFO  o.e.m.c.i.e.AbstractTransferListenerAdapter - Downloaded https://repo.maven.apache.org/maven2/org/apache/maven/plugins/maven-resources-plugin/3.2.0/maven-resources-plugin-3.2.0.jar
2026-05-08 18:08:56,611 [Worker-24: Update Maven projects configuration] INFO  o.e.m.c.i.e.AbstractTransferListenerAdapter - Downloading https://repo.maven.apache.org/maven2/org/apache/maven/plugins/maven-compiler-plugin/3.8.1/maven-compiler-plugin-3.8.1.jar
2026-05-08 18:08:56,617 [Worker-24: Update Maven projects configuration] INFO  o.e.m.c.i.e.AbstractTransferListenerAdapter - Downloaded https://repo.maven.apache.org/maven2/org/apache/maven/plugins/maven-compiler-plugin/3.8.1/maven-compiler-plugin-3.8.1.jar
2026-05-08 18:08:56,661 [Worker-24: Update Maven projects configuration] INFO  o.e.m.c.i.e.AbstractTransferListenerAdapter - Downloading https://repo.maven.apache.org/maven2/org/apache/maven/plugins/maven-surefire-plugin/2.22.2/maven-surefire-plugin-2.22.2.jar
2026-05-08 18:08:56,667 [Worker-24: Update Maven projects configuration] INFO  o.e.m.c.i.e.AbstractTransferListenerAdapter - Downloaded https://repo.maven.apache.org/maven2/org/apache/maven/plugins/maven-surefire-plugin/2.22.2/maven-surefire-plugin-2.22.2.jar
2026-05-08 18:08:56,724 [Worker-24: Update Maven projects configuration] INFO  o.e.m.c.i.e.AbstractTransferListenerAdapter - Downloading https://repo.maven.apache.org/maven2/org/apache/maven/plugins/maven-jar-plugin/3.2.2/maven-jar-plugin-3.2.2.jar
2026-05-08 18:08:56,727 [Worker-24: Update Maven projects configuration] INFO  o.e.m.c.i.e.AbstractTransferListenerAdapter - Downloaded https://repo.maven.apache.org/maven2/org/apache/maven/plugins/maven-jar-plugin/3.2.2/maven-jar-plugin-3.2.2.jar
2026-05-08 18:08:56,769 [Worker-24: Update Maven projects configuration] INFO  o.e.m.c.i.e.AbstractTransferListenerAdapter - Downloading https://repo.maven.apache.org/maven2/org/apache/maven/plugins/maven-install-plugin/2.5.2/maven-install-plugin-2.5.2.jar
2026-05-08 18:08:56,775 [Worker-24: Update Maven projects configuration] INFO  o.e.m.c.i.e.AbstractTransferListenerAdapter - Downloaded https://repo.maven.apache.org/maven2/org/apache/maven/plugins/maven-install-plugin/2.5.2/maven-install-plugin-2.5.2.jar
2026-05-08 18:08:56,825 [Worker-24: Update Maven projects configuration] INFO  o.e.m.c.i.e.AbstractTransferListenerAdapter - Downloading https://repo.maven.apache.org/maven2/org/apache/maven/plugins/maven-deploy-plugin/2.8.2/maven-deploy-plugin-2.8.2.jar
2026-05-08 18:08:56,833 [Worker-24: Update Maven projects configuration] INFO  o.e.m.c.i.e.AbstractTransferListenerAdapter - Downloaded https://repo.maven.apache.org/maven2/org/apache/maven/plugins/maven-deploy-plugin/2.8.2/maven-deploy-plugin-2.8.2.jar
2026-05-08 18:08:56,887 [Worker-24: Update Maven projects configuration] INFO  o.e.m.c.i.e.AbstractTransferListenerAdapter - Downloading https://repo.maven.apache.org/maven2/org/apache/maven/plugins/maven-compiler-plugin/3.8.1/maven-compiler-plugin-3.8.1.pom
2026-05-08 18:08:56,888 [Worker-24: Update Maven projects configuration] INFO  o.e.m.c.i.e.AbstractTransferListenerAdapter - Downloaded https://repo.maven.apache.org/maven2/org/apache/maven/plugins/maven-compiler-plugin/3.8.1/maven-compiler-plugin-3.8.1.pom
2026-05-08 18:08:56,933 [Worker-24: Update Maven projects configuration] INFO  o.e.m.c.i.e.AbstractTransferListenerAdapter - Downloading https://repo.maven.apache.org/maven2/org/apache/maven/plugins/maven-plugins/33/maven-plugins-33.pom
2026-05-08 18:08:56,934 [Worker-24: Update Maven projects configuration] INFO  o.e.m.c.i.e.AbstractTransferListenerAdapter - Downloaded https://repo.maven.apache.org/maven2/org/apache/maven/plugins/maven-plugins/33/maven-plugins-33.pom
2026-05-08 18:08:57,038 [Worker-24: Update Maven projects configuration] INFO  o.e.m.c.i.e.AbstractTransferListenerAdapter - Downloading https://repo.maven.apache.org/maven2/org/apache/maven/maven-core/2.2.1/maven-core-2.2.1.pom
2026-05-08 18:08:57,039 [Worker-24: Update Maven projects configuration] INFO  o.e.m.c.i.e.AbstractTransferListenerAdapter - Downloaded https://repo.maven.apache.org/maven2/org/apache/maven/maven-core/2.2.1/maven-core-2.2.1.pom
2026-05-08 18:08:57,077 [Worker-24: Update Maven projects configuration] INFO  o.e.m.c.i.e.AbstractTransferListenerAdapter - Downloading https://repo.maven.apache.org/maven2/org/apache/maven/maven-settings/2.2.1/maven-settings-2.2.1.pom
2026-05-08 18:08:57,079 [Worker-24: Update Maven projects configuration] INFO  o.e.m.c.i.e.AbstractTransferListenerAdapter - Downloaded https://repo.maven.apache.org/maven2/org/apache/maven/maven-settings/2.2.1/maven-settings-2.2.1.pom
2026-05-08 18:08:57,120 [Worker-24: Update Maven projects configuration] INFO  o.e.m.c.i.e.AbstractTransferListenerAdapter - Downloading https://repo.maven.apache.org/maven2/org/codehaus/plexus/plexus-interpolation/1.11/plexus-interpolation-1.11.pom
2026-05-08 18:08:57,121 [Worker-24: Update Maven projects configuration] INFO  o.e.m.c.i.e.AbstractTransferListenerAdapter - Downloaded https://repo.maven.apache.org/maven2/org/codehaus/plexus/plexus-interpolation/1.11/plexus-interpolation-1.11.pom
2026-05-08 18:08:57,165 [Worker-24: Update Maven projects configuration] INFO  o.e.m.c.i.e.AbstractTransferListenerAdapter - Downloading https://repo.maven.apache.org/maven2/org/apache/maven/maven-plugin-parameter-documenter/2.2.1/maven-plugin-parameter-documenter-2.2.1.pom
2026-05-08 18:08:57,166 [Worker-24: Update Maven projects configuration] INFO  o.e.m.c.i.e.AbstractTransferListenerAdapter - Downloaded https://repo.maven.apache.org/maven2/org/apache/maven/maven-plugin-parameter-documenter/2.2.1/maven-plugin-parameter-documenter-2.2.1.pom
2026-05-08 18:08:57,220 [Worker-24: Update Maven projects configuration] INFO  o.e.m.c.i.e.AbstractTransferListenerAdapter - Downloading https://repo.maven.apache.org/maven2/org/slf4j/slf4j-jdk14/1.5.6/slf4j-jdk14-1.5.6.pom
2026-05-08 18:08:57,221 [Worker-24: Update Maven projects configuration] INFO  o.e.m.c.i.e.AbstractTransferListenerAdapter - Downloaded https://repo.maven.apache.org/maven2/org/slf4j/slf4j-jdk14/1.5.6/slf4j-jdk14-1.5.6.pom
2026-05-08 18:08:57,261 [Worker-24: Update Maven projects configuration] INFO  o.e.m.c.i.e.AbstractTransferListenerAdapter - Downloading https://repo.maven.apache.org/maven2/org/slf4j/slf4j-parent/1.5.6/slf4j-parent-1.5.6.pom
2026-05-08 18:08:57,262 [Worker-24: Update Maven projects configuration] INFO  o.e.m.c.i.e.AbstractTransferListenerAdapter - Downloaded https://repo.maven.apache.org/maven2/org/slf4j/slf4j-parent/1.5.6/slf4j-parent-1.5.6.pom
2026-05-08 18:08:57,307 [Worker-24: Update Maven projects configuration] INFO  o.e.m.c.i.e.AbstractTransferListenerAdapter - Downloading https://repo.maven.apache.org/maven2/org/slf4j/slf4j-api/1.5.6/slf4j-api-1.5.6.pom
2026-05-08 18:08:57,308 [Worker-24: Update Maven projects configuration] INFO  o.e.m.c.i.e.AbstractTransferListenerAdapter - Downloaded https://repo.maven.apache.org/maven2/org/slf4j/slf4j-api/1.5.6/slf4j-api-1.5.6.pom
2026-05-08 18:08:57,356 [Worker-24: Update Maven projects configuration] INFO  o.e.m.c.i.e.AbstractTransferListenerAdapter - Downloading https://repo.maven.apache.org/maven2/org/slf4j/jcl-over-slf4j/1.5.6/jcl-over-slf4j-1.5.6.pom
2026-05-08 18:08:57,357 [Worker-24: Update Maven projects configuration] INFO  o.e.m.c.i.e.AbstractTransferListenerAdapter - Downloaded https://repo.maven.apache.org/maven2/org/slf4j/jcl-over-slf4j/1.5.6/jcl-over-slf4j-1.5.6.pom
2026-05-08 18:08:57,396 [Worker-24: Update Maven projects configuration] INFO  o.e.m.c.i.e.AbstractTransferListenerAdapter - Downloading https://repo.maven.apache.org/maven2/org/apache/maven/maven-profile/2.2.1/maven-profile-2.2.1.pom
2026-05-08 18:08:57,397 [Worker-24: Update Maven projects configuration] INFO  o.e.m.c.i.e.AbstractTransferListenerAdapter - Downloaded https://repo.maven.apache.org/maven2/org/apache/maven/maven-profile/2.2.1/maven-profile-2.2.1.pom
2026-05-08 18:08:57,441 [Worker-24: Update Maven projects configuration] INFO  o.e.m.c.i.e.AbstractTransferListenerAdapter - Downloading https://repo.maven.apache.org/maven2/org/apache/maven/maven-repository-metadata/2.2.1/maven-repository-metadata-2.2.1.pom
2026-05-08 18:08:57,442 [Worker-24: Update Maven projects configuration] INFO  o.e.m.c.i.e.AbstractTransferListenerAdapter - Downloaded https://repo.maven.apache.org/maven2/org/apache/maven/maven-repository-metadata/2.2.1/maven-repository-metadata-2.2.1.pom
2026-05-08 18:08:57,495 [Worker-24: Update Maven projects configuration] INFO  o.e.m.c.i.e.AbstractTransferListenerAdapter - Downloading https://repo.maven.apache.org/maven2/org/apache/maven/maven-error-diagnostics/2.2.1/maven-error-diagnostics-2.2.1.pom
2026-05-08 18:08:57,496 [Worker-24: Update Maven projects configuration] INFO  o.e.m.c.i.e.AbstractTransferListenerAdapter - Downloaded https://repo.maven.apache.org/maven2/org/apache/maven/maven-error-diagnostics/2.2.1/maven-error-diagnostics-2.2.1.pom
2026-05-08 18:08:57,542 [Worker-24: Update Maven projects configuration] INFO  o.e.m.c.i.e.AbstractTransferListenerAdapter - Downloading https://repo.maven.apache.org/maven2/org/apache/maven/maven-project/2.2.1/maven-project-2.2.1.pom
2026-05-08 18:08:57,543 [Worker-24: Update Maven projects configuration] INFO  o.e.m.c.i.e.AbstractTransferListenerAdapter - Downloaded https://repo.maven.apache.org/maven2/org/apache/maven/maven-project/2.2.1/maven-project-2.2.1.pom
2026-05-08 18:08:57,586 [Worker-24: Update Maven projects configuration] INFO  o.e.m.c.i.e.AbstractTransferListenerAdapter - Downloading https://repo.maven.apache.org/maven2/org/apache/maven/maven-artifact-manager/2.2.1/maven-artifact-manager-2.2.1.pom
2026-05-08 18:08:57,587 [Worker-24: Update Maven projects configuration] INFO  o.e.m.c.i.e.AbstractTransferListenerAdapter - Downloaded https://repo.maven.apache.org/maven2/org/apache/maven/maven-artifact-manager/2.2.1/maven-artifact-manager-2.2.1.pom
2026-05-08 18:08:57,628 [Worker-24: Update Maven projects configuration] INFO  o.e.m.c.i.e.AbstractTransferListenerAdapter - Downloading https://repo.maven.apache.org/maven2/backport-util-concurrent/backport-util-concurrent/3.1/backport-util-concurrent-3.1.pom
2026-05-08 18:08:57,629 [Worker-24: Update Maven projects configuration] INFO  o.e.m.c.i.e.AbstractTransferListenerAdapter - Downloaded https://repo.maven.apache.org/maven2/backport-util-concurrent/backport-util-concurrent/3.1/backport-util-concurrent-3.1.pom
2026-05-08 18:08:57,671 [Worker-24: Update Maven projects configuration] INFO  o.e.m.c.i.e.AbstractTransferListenerAdapter - Downloading https://repo.maven.apache.org/maven2/org/apache/maven/maven-plugin-registry/2.2.1/maven-plugin-registry-2.2.1.pom
2026-05-08 18:08:57,672 [Worker-24: Update Maven projects configuration] INFO  o.e.m.c.i.e.AbstractTransferListenerAdapter - Downloaded https://repo.maven.apache.org/maven2/org/apache/maven/maven-plugin-registry/2.2.1/maven-plugin-registry-2.2.1.pom
2026-05-08 18:08:57,720 [Worker-24: Update Maven projects configuration] INFO  o.e.m.c.i.e.AbstractTransferListenerAdapter - Downloading https://repo.maven.apache.org/maven2/org/apache/maven/maven-plugin-descriptor/2.2.1/maven-plugin-descriptor-2.2.1.pom
2026-05-08 18:08:57,721 [Worker-24: Update Maven projects configuration] INFO  o.e.m.c.i.e.AbstractTransferListenerAdapter - Downloaded https://repo.maven.apache.org/maven2/org/apache/maven/maven-plugin-descriptor/2.2.1/maven-plugin-descriptor-2.2.1.pom
2026-05-08 18:08:57,762 [Worker-24: Update Maven projects configuration] INFO  o.e.m.c.i.e.AbstractTransferListenerAdapter - Downloading https://repo.maven.apache.org/maven2/org/apache/maven/maven-monitor/2.2.1/maven-monitor-2.2.1.pom
2026-05-08 18:08:57,763 [Worker-24: Update Maven projects configuration] INFO  o.e.m.c.i.e.AbstractTransferListenerAdapter - Downloaded https://repo.maven.apache.org/maven2/org/apache/maven/maven-monitor/2.2.1/maven-monitor-2.2.1.pom
2026-05-08 18:08:57,806 [Worker-24: Update Maven projects configuration] INFO  o.e.m.c.i.e.AbstractTransferListenerAdapter - Downloading https://repo.maven.apache.org/maven2/org/apache/maven/shared/maven-shared-utils/0.1/maven-shared-utils-0.1.pom
2026-05-08 18:08:57,807 [Worker-24: Update Maven projects configuration] INFO  o.e.m.c.i.e.AbstractTransferListenerAdapter - Downloaded https://repo.maven.apache.org/maven2/org/apache/maven/shared/maven-shared-utils/0.1/maven-shared-utils-0.1.pom
2026-05-08 18:08:57,868 [Worker-24: Update Maven projects configuration] INFO  o.e.m.c.i.e.AbstractTransferListenerAdapter - Downloading https://repo.maven.apache.org/maven2/org/codehaus/plexus/plexus-java/0.9.10/plexus-java-0.9.10.pom
2026-05-08 18:08:57,870 [Worker-24: Update Maven projects configuration] INFO  o.e.m.c.i.e.AbstractTransferListenerAdapter - Downloaded https://repo.maven.apache.org/maven2/org/codehaus/plexus/plexus-java/0.9.10/plexus-java-0.9.10.pom
2026-05-08 18:08:57,904 [Worker-24: Update Maven projects configuration] INFO  o.e.m.c.i.e.AbstractTransferListenerAdapter - Downloading https://repo.maven.apache.org/maven2/org/codehaus/plexus/plexus-languages/0.9.10/plexus-languages-0.9.10.pom
2026-05-08 18:08:57,905 [Worker-24: Update Maven projects configuration] INFO  o.e.m.c.i.e.AbstractTransferListenerAdapter - Downloaded https://repo.maven.apache.org/maven2/org/codehaus/plexus/plexus-languages/0.9.10/plexus-languages-0.9.10.pom
2026-05-08 18:08:57,947 [Worker-24: Update Maven projects configuration] INFO  o.e.m.c.i.e.AbstractTransferListenerAdapter - Downloading https://repo.maven.apache.org/maven2/org/ow2/asm/asm/6.2/asm-6.2.pom
2026-05-08 18:08:57,948 [Worker-24: Update Maven projects configuration] INFO  o.e.m.c.i.e.AbstractTransferListenerAdapter - Downloaded https://repo.maven.apache.org/maven2/org/ow2/asm/asm/6.2/asm-6.2.pom
2026-05-08 18:08:57,997 [Worker-24: Update Maven projects configuration] INFO  o.e.m.c.i.e.AbstractTransferListenerAdapter - Downloading https://repo.maven.apache.org/maven2/org/codehaus/plexus/plexus-compiler-api/2.8.4/plexus-compiler-api-2.8.4.pom
2026-05-08 18:08:57,998 [Worker-24: Update Maven projects configuration] INFO  o.e.m.c.i.e.AbstractTransferListenerAdapter - Downloaded https://repo.maven.apache.org/maven2/org/codehaus/plexus/plexus-compiler-api/2.8.4/plexus-compiler-api-2.8.4.pom
2026-05-08 18:08:58,042 [Worker-24: Update Maven projects configuration] INFO  o.e.m.c.i.e.AbstractTransferListenerAdapter - Downloading https://repo.maven.apache.org/maven2/org/codehaus/plexus/plexus-compiler/2.8.4/plexus-compiler-2.8.4.pom
2026-05-08 18:08:58,044 [Worker-24: Update Maven projects configuration] INFO  o.e.m.c.i.e.AbstractTransferListenerAdapter - Downloaded https://repo.maven.apache.org/maven2/org/codehaus/plexus/plexus-compiler/2.8.4/plexus-compiler-2.8.4.pom
2026-05-08 18:08:58,086 [Worker-24: Update Maven projects configuration] INFO  o.e.m.c.i.e.AbstractTransferListenerAdapter - Downloading https://repo.maven.apache.org/maven2/org/codehaus/plexus/plexus-components/4.0/plexus-components-4.0.pom
2026-05-08 18:08:58,088 [Worker-24: Update Maven projects configuration] INFO  o.e.m.c.i.e.AbstractTransferListenerAdapter - Downloaded https://repo.maven.apache.org/maven2/org/codehaus/plexus/plexus-components/4.0/plexus-components-4.0.pom
2026-05-08 18:08:58,136 [Worker-24: Update Maven projects configuration] INFO  o.e.m.c.i.e.AbstractTransferListenerAdapter - Downloading https://repo.maven.apache.org/maven2/org/codehaus/plexus/plexus-utils/3.0.22/plexus-utils-3.0.22.pom
2026-05-08 18:08:58,138 [Worker-24: Update Maven projects configuration] INFO  o.e.m.c.i.e.AbstractTransferListenerAdapter - Downloaded https://repo.maven.apache.org/maven2/org/codehaus/plexus/plexus-utils/3.0.22/plexus-utils-3.0.22.pom
2026-05-08 18:08:58,185 [Worker-24: Update Maven projects configuration] INFO  o.e.m.c.i.e.AbstractTransferListenerAdapter - Downloading https://repo.maven.apache.org/maven2/org/codehaus/plexus/plexus-compiler-manager/2.8.4/plexus-compiler-manager-2.8.4.pom
2026-05-08 18:08:58,187 [Worker-24: Update Maven projects configuration] INFO  o.e.m.c.i.e.AbstractTransferListenerAdapter - Downloaded https://repo.maven.apache.org/maven2/org/codehaus/plexus/plexus-compiler-manager/2.8.4/plexus-compiler-manager-2.8.4.pom
2026-05-08 18:08:58,235 [Worker-24: Update Maven projects configuration] INFO  o.e.m.c.i.e.AbstractTransferListenerAdapter - Downloading https://repo.maven.apache.org/maven2/org/codehaus/plexus/plexus-compiler-javac/2.8.4/plexus-compiler-javac-2.8.4.pom
2026-05-08 18:08:58,238 [Worker-24: Update Maven projects configuration] INFO  o.e.m.c.i.e.AbstractTransferListenerAdapter - Downloaded https://repo.maven.apache.org/maven2/org/codehaus/plexus/plexus-compiler-javac/2.8.4/plexus-compiler-javac-2.8.4.pom
2026-05-08 18:08:58,290 [Worker-24: Update Maven projects configuration] INFO  o.e.m.c.i.e.AbstractTransferListenerAdapter - Downloading https://repo.maven.apache.org/maven2/org/codehaus/plexus/plexus-compilers/2.8.4/plexus-compilers-2.8.4.pom
2026-05-08 18:08:58,293 [Worker-24: Update Maven projects configuration] INFO  o.e.m.c.i.e.AbstractTransferListenerAdapter - Downloaded https://repo.maven.apache.org/maven2/org/codehaus/plexus/plexus-compilers/2.8.4/plexus-compilers-2.8.4.pom
2026-05-08 18:08:58,356 [BasicRepositoryConnector-repo.maven.apache.org-0-0] INFO  o.e.m.c.i.e.AbstractTransferListenerAdapter - Downloading https://repo.maven.apache.org/maven2/org/apache/maven/maven-plugin-api/3.0/maven-plugin-api-3.0.jar
2026-05-08 18:08:58,371 [BasicRepositoryConnector-repo.maven.apache.org-0-0] INFO  o.e.m.c.i.e.AbstractTransferListenerAdapter - Downloaded https://repo.maven.apache.org/maven2/org/apache/maven/maven-plugin-api/3.0/maven-plugin-api-3.0.jar
2026-05-08 18:08:58,426 [BasicRepositoryConnector-repo.maven.apache.org-0-0] INFO  o.e.m.c.i.e.AbstractTransferListenerAdapter - Downloading https://repo.maven.apache.org/maven2/org/apache/maven/maven-artifact/3.0/maven-artifact-3.0.jar
2026-05-08 18:08:58,434 [BasicRepositoryConnector-repo.maven.apache.org-0-0] INFO  o.e.m.c.i.e.AbstractTransferListenerAdapter - Downloaded https://repo.maven.apache.org/maven2/org/apache/maven/maven-artifact/3.0/maven-artifact-3.0.jar
2026-05-08 18:08:58,441 [BasicRepositoryConnector-repo.maven.apache.org-0-2] INFO  o.e.m.c.i.e.AbstractTransferListenerAdapter - Downloading https://repo.maven.apache.org/maven2/org/sonatype/sisu/sisu-inject-plexus/1.4.2/sisu-inject-plexus-1.4.2.jar
2026-05-08 18:08:58,457 [BasicRepositoryConnector-repo.maven.apache.org-0-4] INFO  o.e.m.c.i.e.AbstractTransferListenerAdapter - Downloading https://repo.maven.apache.org/maven2/org/sonatype/sisu/sisu-guice/2.1.7/sisu-guice-2.1.7-noaop.jar
2026-05-08 18:08:58,461 [BasicRepositoryConnector-repo.maven.apache.org-0-1] INFO  o.e.m.c.i.e.AbstractTransferListenerAdapter - Downloading https://repo.maven.apache.org/maven2/org/apache/maven/maven-model/3.0/maven-model-3.0.jar
2026-05-08 18:08:58,478 [BasicRepositoryConnector-repo.maven.apache.org-0-3] INFO  o.e.m.c.i.e.AbstractTransferListenerAdapter - Downloading https://repo.maven.apache.org/maven2/org/sonatype/sisu/sisu-inject-bean/1.4.2/sisu-inject-bean-1.4.2.jar
2026-05-08 18:08:58,496 [BasicRepositoryConnector-repo.maven.apache.org-0-0] INFO  o.e.m.c.i.e.AbstractTransferListenerAdapter - Downloading https://repo.maven.apache.org/maven2/org/codehaus/plexus/plexus-utils/2.0.4/plexus-utils-2.0.4.jar
2026-05-08 18:08:58,743 [BasicRepositoryConnector-repo.maven.apache.org-0-3] INFO  o.e.m.c.i.e.AbstractTransferListenerAdapter - Downloaded https://repo.maven.apache.org/maven2/org/sonatype/sisu/sisu-inject-bean/1.4.2/sisu-inject-bean-1.4.2.jar
2026-05-08 18:08:58,751 [BasicRepositoryConnector-repo.maven.apache.org-0-0] INFO  o.e.m.c.i.e.AbstractTransferListenerAdapter - Downloaded https://repo.maven.apache.org/maven2/org/codehaus/plexus/plexus-utils/2.0.4/plexus-utils-2.0.4.jar
2026-05-08 18:08:58,759 [BasicRepositoryConnector-repo.maven.apache.org-0-2] INFO  o.e.m.c.i.e.AbstractTransferListenerAdapter - Downloaded https://repo.maven.apache.org/maven2/org/sonatype/sisu/sisu-inject-plexus/1.4.2/sisu-inject-plexus-1.4.2.jar
2026-05-08 18:08:58,769 [BasicRepositoryConnector-repo.maven.apache.org-0-1] INFO  o.e.m.c.i.e.AbstractTransferListenerAdapter - Downloaded https://repo.maven.apache.org/maven2/org/apache/maven/maven-model/3.0/maven-model-3.0.jar
2026-05-08 18:08:58,829 [BasicRepositoryConnector-repo.maven.apache.org-0-0] INFO  o.e.m.c.i.e.AbstractTransferListenerAdapter - Downloading https://repo.maven.apache.org/maven2/org/apache/maven/maven-settings/3.0/maven-settings-3.0.jar
2026-05-08 18:08:58,831 [BasicRepositoryConnector-repo.maven.apache.org-0-3] INFO  o.e.m.c.i.e.AbstractTransferListenerAdapter - Downloading https://repo.maven.apache.org/maven2/org/apache/maven/maven-core/3.0/maven-core-3.0.jar
2026-05-08 18:08:58,842 [BasicRepositoryConnector-repo.maven.apache.org-0-1] INFO  o.e.m.c.i.e.AbstractTransferListenerAdapter - Downloading https://repo.maven.apache.org/maven2/org/apache/maven/maven-repository-metadata/3.0/maven-repository-metadata-3.0.jar
2026-05-08 18:08:58,843 [BasicRepositoryConnector-repo.maven.apache.org-0-0] INFO  o.e.m.c.i.e.AbstractTransferListenerAdapter - Downloaded https://repo.maven.apache.org/maven2/org/apache/maven/maven-settings/3.0/maven-settings-3.0.jar
2026-05-08 18:08:58,846 [BasicRepositoryConnector-repo.maven.apache.org-0-2] INFO  o.e.m.c.i.e.AbstractTransferListenerAdapter - Downloading https://repo.maven.apache.org/maven2/org/apache/maven/maven-settings-builder/3.0/maven-settings-builder-3.0.jar
2026-05-08 18:08:58,852 [BasicRepositoryConnector-repo.maven.apache.org-0-1] INFO  o.e.m.c.i.e.AbstractTransferListenerAdapter - Downloaded https://repo.maven.apache.org/maven2/org/apache/maven/maven-repository-metadata/3.0/maven-repository-metadata-3.0.jar
2026-05-08 18:08:58,867 [BasicRepositoryConnector-repo.maven.apache.org-0-2] INFO  o.e.m.c.i.e.AbstractTransferListenerAdapter - Downloaded https://repo.maven.apache.org/maven2/org/apache/maven/maven-settings-builder/3.0/maven-settings-builder-3.0.jar
2026-05-08 18:08:58,924 [BasicRepositoryConnector-repo.maven.apache.org-0-0] INFO  o.e.m.c.i.e.AbstractTransferListenerAdapter - Downloading https://repo.maven.apache.org/maven2/org/apache/maven/maven-model-builder/3.0/maven-model-builder-3.0.jar
2026-05-08 18:08:58,927 [BasicRepositoryConnector-repo.maven.apache.org-0-4] INFO  o.e.m.c.i.e.AbstractTransferListenerAdapter - Downloaded https://repo.maven.apache.org/maven2/org/sonatype/sisu/sisu-guice/2.1.7/sisu-guice-2.1.7-noaop.jar
2026-05-08 18:08:58,946 [BasicRepositoryConnector-repo.maven.apache.org-0-2] INFO  o.e.m.c.i.e.AbstractTransferListenerAdapter - Downloading https://repo.maven.apache.org/maven2/org/sonatype/aether/aether-impl/1.7/aether-impl-1.7.jar
2026-05-08 18:08:58,961 [BasicRepositoryConnector-repo.maven.apache.org-0-1] INFO  o.e.m.c.i.e.AbstractTransferListenerAdapter - Downloading https://repo.maven.apache.org/maven2/org/apache/maven/maven-aether-provider/3.0/maven-aether-provider-3.0.jar
2026-05-08 18:08:58,964 [BasicRepositoryConnector-repo.maven.apache.org-0-0] INFO  o.e.m.c.i.e.AbstractTransferListenerAdapter - Downloaded https://repo.maven.apache.org/maven2/org/apache/maven/maven-model-builder/3.0/maven-model-builder-3.0.jar
2026-05-08 18:08:58,985 [BasicRepositoryConnector-repo.maven.apache.org-0-1] INFO  o.e.m.c.i.e.AbstractTransferListenerAdapter - Downloaded https://repo.maven.apache.org/maven2/org/apache/maven/maven-aether-provider/3.0/maven-aether-provider-3.0.jar
2026-05-08 18:08:58,989 [BasicRepositoryConnector-repo.maven.apache.org-0-2] INFO  o.e.m.c.i.e.AbstractTransferListenerAdapter - Downloaded https://repo.maven.apache.org/maven2/org/sonatype/aether/aether-impl/1.7/aether-impl-1.7.jar
2026-05-08 18:08:59,015 [BasicRepositoryConnector-repo.maven.apache.org-0-4] INFO  o.e.m.c.i.e.AbstractTransferListenerAdapter - Downloading https://repo.maven.apache.org/maven2/org/sonatype/aether/aether-spi/1.7/aether-spi-1.7.jar
2026-05-08 18:08:59,016 [BasicRepositoryConnector-repo.maven.apache.org-0-4] INFO  o.e.m.c.i.e.AbstractTransferListenerAdapter - Downloaded https://repo.maven.apache.org/maven2/org/sonatype/aether/aether-spi/1.7/aether-spi-1.7.jar
2026-05-08 18:08:59,029 [BasicRepositoryConnector-repo.maven.apache.org-0-0] INFO  o.e.m.c.i.e.AbstractTransferListenerAdapter - Downloading https://repo.maven.apache.org/maven2/org/sonatype/aether/aether-api/1.7/aether-api-1.7.jar
2026-05-08 18:08:59,044 [BasicRepositoryConnector-repo.maven.apache.org-0-0] INFO  o.e.m.c.i.e.AbstractTransferListenerAdapter - Downloaded https://repo.maven.apache.org/maven2/org/sonatype/aether/aether-api/1.7/aether-api-1.7.jar
2026-05-08 18:08:59,047 [BasicRepositoryConnector-repo.maven.apache.org-0-1] INFO  o.e.m.c.i.e.AbstractTransferListenerAdapter - Downloading https://repo.maven.apache.org/maven2/org/sonatype/aether/aether-util/1.7/aether-util-1.7.jar
2026-05-08 18:08:59,058 [BasicRepositoryConnector-repo.maven.apache.org-0-2] INFO  o.e.m.c.i.e.AbstractTransferListenerAdapter - Downloading https://repo.maven.apache.org/maven2/org/codehaus/plexus/plexus-interpolation/1.14/plexus-interpolation-1.14.jar
2026-05-08 18:08:59,070 [BasicRepositoryConnector-repo.maven.apache.org-0-2] INFO  o.e.m.c.i.e.AbstractTransferListenerAdapter - Downloaded https://repo.maven.apache.org/maven2/org/codehaus/plexus/plexus-interpolation/1.14/plexus-interpolation-1.14.jar
2026-05-08 18:08:59,081 [BasicRepositoryConnector-repo.maven.apache.org-0-4] INFO  o.e.m.c.i.e.AbstractTransferListenerAdapter - Downloading https://repo.maven.apache.org/maven2/org/codehaus/plexus/plexus-classworlds/2.2.3/plexus-classworlds-2.2.3.jar
2026-05-08 18:08:59,102 [BasicRepositoryConnector-repo.maven.apache.org-0-3] INFO  o.e.m.c.i.e.AbstractTransferListenerAdapter - Downloaded https://repo.maven.apache.org/maven2/org/apache/maven/maven-core/3.0/maven-core-3.0.jar
2026-05-08 18:08:59,103 [BasicRepositoryConnector-repo.maven.apache.org-0-4] INFO  o.e.m.c.i.e.AbstractTransferListenerAdapter - Downloaded https://repo.maven.apache.org/maven2/org/codehaus/plexus/plexus-classworlds/2.2.3/plexus-classworlds-2.2.3.jar
2026-05-08 18:08:59,109 [BasicRepositoryConnector-repo.maven.apache.org-0-0] INFO  o.e.m.c.i.e.AbstractTransferListenerAdapter - Downloading https://repo.maven.apache.org/maven2/org/codehaus/plexus/plexus-component-annotations/1.7.1/plexus-component-annotations-1.7.1.jar
2026-05-08 18:08:59,109 [BasicRepositoryConnector-repo.maven.apache.org-0-1] INFO  o.e.m.c.i.e.AbstractTransferListenerAdapter - Downloaded https://repo.maven.apache.org/maven2/org/sonatype/aether/aether-util/1.7/aether-util-1.7.jar
2026-05-08 18:08:59,110 [BasicRepositoryConnector-repo.maven.apache.org-0-0] INFO  o.e.m.c.i.e.AbstractTransferListenerAdapter - Downloaded https://repo.maven.apache.org/maven2/org/codehaus/plexus/plexus-component-annotations/1.7.1/plexus-component-annotations-1.7.1.jar
2026-05-08 18:08:59,119 [BasicRepositoryConnector-repo.maven.apache.org-0-2] INFO  o.e.m.c.i.e.AbstractTransferListenerAdapter - Downloading https://repo.maven.apache.org/maven2/org/sonatype/plexus/plexus-sec-dispatcher/1.3/plexus-sec-dispatcher-1.3.jar
2026-05-08 18:08:59,122 [BasicRepositoryConnector-repo.maven.apache.org-0-2] INFO  o.e.m.c.i.e.AbstractTransferListenerAdapter - Downloaded https://repo.maven.apache.org/maven2/org/sonatype/plexus/plexus-sec-dispatcher/1.3/plexus-sec-dispatcher-1.3.jar
2026-05-08 18:08:59,156 [BasicRepositoryConnector-repo.maven.apache.org-0-3] INFO  o.e.m.c.i.e.AbstractTransferListenerAdapter - Downloading https://repo.maven.apache.org/maven2/org/sonatype/plexus/plexus-cipher/1.4/plexus-cipher-1.4.jar
2026-05-08 18:08:59,157 [BasicRepositoryConnector-repo.maven.apache.org-0-4] INFO  o.e.m.c.i.e.AbstractTransferListenerAdapter - Downloading https://repo.maven.apache.org/maven2/org/apache/maven/shared/maven-shared-utils/3.2.1/maven-shared-utils-3.2.1.jar
2026-05-08 18:08:59,157 [BasicRepositoryConnector-repo.maven.apache.org-0-3] INFO  o.e.m.c.i.e.AbstractTransferListenerAdapter - Downloaded https://repo.maven.apache.org/maven2/org/sonatype/plexus/plexus-cipher/1.4/plexus-cipher-1.4.jar
2026-05-08 18:08:59,185 [BasicRepositoryConnector-repo.maven.apache.org-0-2] INFO  o.e.m.c.i.e.AbstractTransferListenerAdapter - Downloading https://repo.maven.apache.org/maven2/org/ow2/asm/asm/6.2/asm-6.2.jar
2026-05-08 18:08:59,185 [BasicRepositoryConnector-repo.maven.apache.org-0-0] INFO  o.e.m.c.i.e.AbstractTransferListenerAdapter - Downloading https://repo.maven.apache.org/maven2/org/codehaus/plexus/plexus-java/0.9.10/plexus-java-0.9.10.jar
2026-05-08 18:08:59,185 [BasicRepositoryConnector-repo.maven.apache.org-0-1] INFO  o.e.m.c.i.e.AbstractTransferListenerAdapter - Downloading https://repo.maven.apache.org/maven2/commons-io/commons-io/2.5/commons-io-2.5.jar
2026-05-08 18:08:59,195 [BasicRepositoryConnector-repo.maven.apache.org-0-0] INFO  o.e.m.c.i.e.AbstractTransferListenerAdapter - Downloaded https://repo.maven.apache.org/maven2/org/codehaus/plexus/plexus-java/0.9.10/plexus-java-0.9.10.jar
2026-05-08 18:08:59,241 [BasicRepositoryConnector-repo.maven.apache.org-0-2] INFO  o.e.m.c.i.e.AbstractTransferListenerAdapter - Downloaded https://repo.maven.apache.org/maven2/org/ow2/asm/asm/6.2/asm-6.2.jar
2026-05-08 18:08:59,245 [BasicRepositoryConnector-repo.maven.apache.org-0-4] INFO  o.e.m.c.i.e.AbstractTransferListenerAdapter - Downloaded https://repo.maven.apache.org/maven2/org/apache/maven/shared/maven-shared-utils/3.2.1/maven-shared-utils-3.2.1.jar
2026-05-08 18:08:59,245 [BasicRepositoryConnector-repo.maven.apache.org-0-3] INFO  o.e.m.c.i.e.AbstractTransferListenerAdapter - Downloading https://repo.maven.apache.org/maven2/com/thoughtworks/qdox/qdox/2.0-M9/qdox-2.0-M9.jar
2026-05-08 18:08:59,293 [BasicRepositoryConnector-repo.maven.apache.org-0-1] INFO  o.e.m.c.i.e.AbstractTransferListenerAdapter - Downloaded https://repo.maven.apache.org/maven2/commons-io/commons-io/2.5/commons-io-2.5.jar
2026-05-08 18:08:59,293 [BasicRepositoryConnector-repo.maven.apache.org-0-0] INFO  o.e.m.c.i.e.AbstractTransferListenerAdapter - Downloading https://repo.maven.apache.org/maven2/org/codehaus/plexus/plexus-compiler-api/2.8.4/plexus-compiler-api-2.8.4.jar
2026-05-08 18:08:59,295 [BasicRepositoryConnector-repo.maven.apache.org-0-0] INFO  o.e.m.c.i.e.AbstractTransferListenerAdapter - Downloaded https://repo.maven.apache.org/maven2/org/codehaus/plexus/plexus-compiler-api/2.8.4/plexus-compiler-api-2.8.4.jar
2026-05-08 18:08:59,301 [BasicRepositoryConnector-repo.maven.apache.org-0-2] INFO  o.e.m.c.i.e.AbstractTransferListenerAdapter - Downloading https://repo.maven.apache.org/maven2/org/codehaus/plexus/plexus-compiler-manager/2.8.4/plexus-compiler-manager-2.8.4.jar
2026-05-08 18:08:59,302 [BasicRepositoryConnector-repo.maven.apache.org-0-2] INFO  o.e.m.c.i.e.AbstractTransferListenerAdapter - Downloaded https://repo.maven.apache.org/maven2/org/codehaus/plexus/plexus-compiler-manager/2.8.4/plexus-compiler-manager-2.8.4.jar
2026-05-08 18:08:59,312 [BasicRepositoryConnector-repo.maven.apache.org-0-4] INFO  o.e.m.c.i.e.AbstractTransferListenerAdapter - Downloading https://repo.maven.apache.org/maven2/org/codehaus/plexus/plexus-compiler-javac/2.8.4/plexus-compiler-javac-2.8.4.jar
2026-05-08 18:08:59,313 [BasicRepositoryConnector-repo.maven.apache.org-0-4] INFO  o.e.m.c.i.e.AbstractTransferListenerAdapter - Downloaded https://repo.maven.apache.org/maven2/org/codehaus/plexus/plexus-compiler-javac/2.8.4/plexus-compiler-javac-2.8.4.jar
2026-05-08 18:08:59,342 [BasicRepositoryConnector-repo.maven.apache.org-0-3] INFO  o.e.m.c.i.e.AbstractTransferListenerAdapter - Downloaded https://repo.maven.apache.org/maven2/com/thoughtworks/qdox/qdox/2.0-M9/qdox-2.0-M9.jar
2026-05-08 18:08:59,402 [Worker-24: Update Maven projects configuration] INFO  o.e.m.c.i.l.LifecycleMappingFactory - Using org.eclipse.m2e.jdt.JarLifecycleMapping lifecycle mapping for MavenProject: com.burak:student-management:0.0.1-SNAPSHOT @ /Users/krishpal/Major Project/Student-Management-System-main/pom.xml.
2026-05-08 18:08:59,457 [Worker-24: Update Maven projects configuration] INFO  o.e.m.c.i.e.AbstractTransferListenerAdapter - Downloading https://repo.maven.apache.org/maven2/org/springframework/boot/spring-boot-starter-data-jpa/2.6.3/spring-boot-starter-data-jpa-2.6.3.pom
2026-05-08 18:08:59,457 [Worker-24: Update Maven projects configuration] INFO  o.e.m.c.i.e.AbstractTransferListenerAdapter - Downloaded https://repo.maven.apache.org/maven2/org/springframework/boot/spring-boot-starter-data-jpa/2.6.3/spring-boot-starter-data-jpa-2.6.3.pom
2026-05-08 18:08:59,494 [Worker-24: Update Maven projects configuration] INFO  o.e.m.c.i.e.AbstractTransferListenerAdapter - Downloading https://repo.maven.apache.org/maven2/org/springframework/boot/spring-boot-starter-aop/2.6.3/spring-boot-starter-aop-2.6.3.pom
2026-05-08 18:08:59,496 [Worker-24: Update Maven projects configuration] INFO  o.e.m.c.i.e.AbstractTransferListenerAdapter - Downloaded https://repo.maven.apache.org/maven2/org/springframework/boot/spring-boot-starter-aop/2.6.3/spring-boot-starter-aop-2.6.3.pom
2026-05-08 18:08:59,531 [Worker-24: Update Maven projects configuration] INFO  o.e.m.c.i.e.AbstractTransferListenerAdapter - Downloading https://repo.maven.apache.org/maven2/org/springframework/boot/spring-boot-starter/2.6.3/spring-boot-starter-2.6.3.pom
2026-05-08 18:08:59,532 [Worker-24: Update Maven projects configuration] INFO  o.e.m.c.i.e.AbstractTransferListenerAdapter - Downloaded https://repo.maven.apache.org/maven2/org/springframework/boot/spring-boot-starter/2.6.3/spring-boot-starter-2.6.3.pom
2026-05-08 18:08:59,567 [Worker-24: Update Maven projects configuration] INFO  o.e.m.c.i.e.AbstractTransferListenerAdapter - Downloading https://repo.maven.apache.org/maven2/org/springframework/boot/spring-boot/2.6.3/spring-boot-2.6.3.pom
2026-05-08 18:08:59,568 [Worker-24: Update Maven projects configuration] INFO  o.e.m.c.i.e.AbstractTransferListenerAdapter - Downloaded https://repo.maven.apache.org/maven2/org/springframework/boot/spring-boot/2.6.3/spring-boot-2.6.3.pom
2026-05-08 18:08:59,611 [Worker-24: Update Maven projects configuration] INFO  o.e.m.c.i.e.AbstractTransferListenerAdapter - Downloading https://repo.maven.apache.org/maven2/org/springframework/spring-core/5.3.15/spring-core-5.3.15.pom
2026-05-08 18:08:59,612 [Worker-24: Update Maven projects configuration] INFO  o.e.m.c.i.e.AbstractTransferListenerAdapter - Downloaded https://repo.maven.apache.org/maven2/org/springframework/spring-core/5.3.15/spring-core-5.3.15.pom
2026-05-08 18:08:59,655 [Worker-24: Update Maven projects configuration] INFO  o.e.m.c.i.e.AbstractTransferListenerAdapter - Downloading https://repo.maven.apache.org/maven2/org/springframework/spring-jcl/5.3.15/spring-jcl-5.3.15.pom
2026-05-08 18:08:59,656 [Worker-24: Update Maven projects configuration] INFO  o.e.m.c.i.e.AbstractTransferListenerAdapter - Downloaded https://repo.maven.apache.org/maven2/org/springframework/spring-jcl/5.3.15/spring-jcl-5.3.15.pom
2026-05-08 18:08:59,702 [Worker-24: Update Maven projects configuration] INFO  o.e.m.c.i.e.AbstractTransferListenerAdapter - Downloading https://repo.maven.apache.org/maven2/org/springframework/spring-context/5.3.15/spring-context-5.3.15.pom
2026-05-08 18:08:59,704 [Worker-24: Update Maven projects configuration] INFO  o.e.m.c.i.e.AbstractTransferListenerAdapter - Downloaded https://repo.maven.apache.org/maven2/org/springframework/spring-context/5.3.15/spring-context-5.3.15.pom
2026-05-08 18:08:59,743 [Worker-24: Update Maven projects configuration] INFO  o.e.m.c.i.e.AbstractTransferListenerAdapter - Downloading https://repo.maven.apache.org/maven2/org/springframework/spring-aop/5.3.15/spring-aop-5.3.15.pom
2026-05-08 18:08:59,745 [Worker-24: Update Maven projects configuration] INFO  o.e.m.c.i.e.AbstractTransferListenerAdapter - Downloaded https://repo.maven.apache.org/maven2/org/springframework/spring-aop/5.3.15/spring-aop-5.3.15.pom
2026-05-08 18:08:59,790 [Worker-24: Update Maven projects configuration] INFO  o.e.m.c.i.e.AbstractTransferListenerAdapter - Downloading https://repo.maven.apache.org/maven2/org/springframework/spring-beans/5.3.15/spring-beans-5.3.15.pom
2026-05-08 18:08:59,792 [Worker-24: Update Maven projects configuration] INFO  o.e.m.c.i.e.AbstractTransferListenerAdapter - Downloaded https://repo.maven.apache.org/maven2/org/springframework/spring-beans/5.3.15/spring-beans-5.3.15.pom
2026-05-08 18:08:59,842 [Worker-24: Update Maven projects configuration] INFO  o.e.m.c.i.e.AbstractTransferListenerAdapter - Downloading https://repo.maven.apache.org/maven2/org/springframework/spring-expression/5.3.15/spring-expression-5.3.15.pom
2026-05-08 18:08:59,843 [Worker-24: Update Maven projects configuration] INFO  o.e.m.c.i.e.AbstractTransferListenerAdapter - Downloaded https://repo.maven.apache.org/maven2/org/springframework/spring-expression/5.3.15/spring-expression-5.3.15.pom
2026-05-08 18:08:59,882 [Worker-24: Update Maven projects configuration] INFO  o.e.m.c.i.e.AbstractTransferListenerAdapter - Downloading https://repo.maven.apache.org/maven2/org/springframework/boot/spring-boot-autoconfigure/2.6.3/spring-boot-autoconfigure-2.6.3.pom
2026-05-08 18:08:59,883 [Worker-24: Update Maven projects configuration] INFO  o.e.m.c.i.e.AbstractTransferListenerAdapter - Downloaded https://repo.maven.apache.org/maven2/org/springframework/boot/spring-boot-autoconfigure/2.6.3/spring-boot-autoconfigure-2.6.3.pom
2026-05-08 18:08:59,931 [Worker-24: Update Maven projects configuration] INFO  o.e.m.c.i.e.AbstractTransferListenerAdapter - Downloading https://repo.maven.apache.org/maven2/org/springframework/boot/spring-boot-starter-logging/2.6.3/spring-boot-starter-logging-2.6.3.pom
2026-05-08 18:08:59,932 [Worker-24: Update Maven projects configuration] INFO  o.e.m.c.i.e.AbstractTransferListenerAdapter - Downloaded https://repo.maven.apache.org/maven2/org/springframework/boot/spring-boot-starter-logging/2.6.3/spring-boot-starter-logging-2.6.3.pom
2026-05-08 18:08:59,970 [Worker-24: Update Maven projects configuration] INFO  o.e.m.c.i.e.AbstractTransferListenerAdapter - Downloading https://repo.maven.apache.org/maven2/ch/qos/logback/logback-classic/1.2.10/logback-classic-1.2.10.pom
2026-05-08 18:08:59,971 [Worker-24: Update Maven projects configuration] INFO  o.e.m.c.i.e.AbstractTransferListenerAdapter - Downloaded https://repo.maven.apache.org/maven2/ch/qos/logback/logback-classic/1.2.10/logback-classic-1.2.10.pom
2026-05-08 18:09:00,021 [Worker-24: Update Maven projects configuration] INFO  o.e.m.c.i.e.AbstractTransferListenerAdapter - Downloading https://repo.maven.apache.org/maven2/ch/qos/logback/logback-parent/1.2.10/logback-parent-1.2.10.pom
2026-05-08 18:09:00,023 [Worker-24: Update Maven projects configuration] INFO  o.e.m.c.i.e.AbstractTransferListenerAdapter - Downloaded https://repo.maven.apache.org/maven2/ch/qos/logback/logback-parent/1.2.10/logback-parent-1.2.10.pom
2026-05-08 18:09:00,067 [Worker-24: Update Maven projects configuration] INFO  o.e.m.c.i.e.AbstractTransferListenerAdapter - Downloading https://repo.maven.apache.org/maven2/ch/qos/logback/logback-core/1.2.10/logback-core-1.2.10.pom
2026-05-08 18:09:00,068 [Worker-24: Update Maven projects configuration] INFO  o.e.m.c.i.e.AbstractTransferListenerAdapter - Downloaded https://repo.maven.apache.org/maven2/ch/qos/logback/logback-core/1.2.10/logback-core-1.2.10.pom
2026-05-08 18:09:00,122 [Worker-24: Update Maven projects configuration] INFO  o.e.m.c.i.e.AbstractTransferListenerAdapter - Downloading https://repo.maven.apache.org/maven2/org/slf4j/slf4j-api/1.7.33/slf4j-api-1.7.33.pom
2026-05-08 18:09:00,123 [Worker-24: Update Maven projects configuration] INFO  o.e.m.c.i.e.AbstractTransferListenerAdapter - Downloaded https://repo.maven.apache.org/maven2/org/slf4j/slf4j-api/1.7.33/slf4j-api-1.7.33.pom
2026-05-08 18:09:00,164 [Worker-24: Update Maven projects configuration] INFO  o.e.m.c.i.e.AbstractTransferListenerAdapter - Downloading https://repo.maven.apache.org/maven2/org/slf4j/slf4j-parent/1.7.33/slf4j-parent-1.7.33.pom
2026-05-08 18:09:00,164 [Worker-24: Update Maven projects configuration] INFO  o.e.m.c.i.e.AbstractTransferListenerAdapter - Downloaded https://repo.maven.apache.org/maven2/org/slf4j/slf4j-parent/1.7.33/slf4j-parent-1.7.33.pom
2026-05-08 18:09:00,208 [Worker-24: Update Maven projects configuration] INFO  o.e.m.c.i.e.AbstractTransferListenerAdapter - Downloading https://repo.maven.apache.org/maven2/org/apache/logging/log4j/log4j-to-slf4j/2.17.1/log4j-to-slf4j-2.17.1.pom
2026-05-08 18:09:00,208 [Worker-24: Update Maven projects configuration] INFO  o.e.m.c.i.e.AbstractTransferListenerAdapter - Downloaded https://repo.maven.apache.org/maven2/org/apache/logging/log4j/log4j-to-slf4j/2.17.1/log4j-to-slf4j-2.17.1.pom
2026-05-08 18:09:00,260 [Worker-24: Update Maven projects configuration] INFO  o.e.m.c.i.e.AbstractTransferListenerAdapter - Downloading https://repo.maven.apache.org/maven2/org/apache/logging/log4j/log4j/2.17.1/log4j-2.17.1.pom
2026-05-08 18:09:00,261 [Worker-24: Update Maven projects configuration] INFO  o.e.m.c.i.e.AbstractTransferListenerAdapter - Downloaded https://repo.maven.apache.org/maven2/org/apache/logging/log4j/log4j/2.17.1/log4j-2.17.1.pom
2026-05-08 18:09:00,316 [Worker-24: Update Maven projects configuration] INFO  o.e.m.c.i.e.AbstractTransferListenerAdapter - Downloading https://repo.maven.apache.org/maven2/org/apache/logging/log4j/log4j-api/2.17.1/log4j-api-2.17.1.pom
2026-05-08 18:09:00,316 [Worker-24: Update Maven projects configuration] INFO  o.e.m.c.i.e.AbstractTransferListenerAdapter - Downloaded https://repo.maven.apache.org/maven2/org/apache/logging/log4j/log4j-api/2.17.1/log4j-api-2.17.1.pom
2026-05-08 18:09:00,367 [Worker-24: Update Maven projects configuration] INFO  o.e.m.c.i.e.AbstractTransferListenerAdapter - Downloading https://repo.maven.apache.org/maven2/org/slf4j/jul-to-slf4j/1.7.33/jul-to-slf4j-1.7.33.pom
2026-05-08 18:09:00,367 [Worker-24: Update Maven projects configuration] INFO  o.e.m.c.i.e.AbstractTransferListenerAdapter - Downloaded https://repo.maven.apache.org/maven2/org/slf4j/jul-to-slf4j/1.7.33/jul-to-slf4j-1.7.33.pom
2026-05-08 18:09:00,408 [Worker-24: Update Maven projects configuration] INFO  o.e.m.c.i.e.AbstractTransferListenerAdapter - Downloading https://repo.maven.apache.org/maven2/jakarta/annotation/jakarta.annotation-api/1.3.5/jakarta.annotation-api-1.3.5.pom
2026-05-08 18:09:00,408 [Worker-24: Update Maven projects configuration] INFO  o.e.m.c.i.e.AbstractTransferListenerAdapter - Downloaded https://repo.maven.apache.org/maven2/jakarta/annotation/jakarta.annotation-api/1.3.5/jakarta.annotation-api-1.3.5.pom
2026-05-08 18:09:00,462 [Worker-24: Update Maven projects configuration] INFO  o.e.m.c.i.e.AbstractTransferListenerAdapter - Downloading https://repo.maven.apache.org/maven2/jakarta/annotation/ca-parent/1.3.5/ca-parent-1.3.5.pom
2026-05-08 18:09:00,463 [Worker-24: Update Maven projects configuration] INFO  o.e.m.c.i.e.AbstractTransferListenerAdapter - Downloaded https://repo.maven.apache.org/maven2/jakarta/annotation/ca-parent/1.3.5/ca-parent-1.3.5.pom
2026-05-08 18:09:00,513 [Worker-24: Update Maven projects configuration] INFO  o.e.m.c.i.e.AbstractTransferListenerAdapter - Downloading https://repo.maven.apache.org/maven2/org/eclipse/ee4j/project/1.0.5/project-1.0.5.pom
2026-05-08 18:09:00,514 [Worker-24: Update Maven projects configuration] INFO  o.e.m.c.i.e.AbstractTransferListenerAdapter - Downloaded https://repo.maven.apache.org/maven2/org/eclipse/ee4j/project/1.0.5/project-1.0.5.pom
2026-05-08 18:09:00,565 [Worker-24: Update Maven projects configuration] INFO  o.e.m.c.i.e.AbstractTransferListenerAdapter - Downloading https://repo.maven.apache.org/maven2/org/yaml/snakeyaml/1.29/snakeyaml-1.29.pom
2026-05-08 18:09:00,567 [Worker-24: Update Maven projects configuration] INFO  o.e.m.c.i.e.AbstractTransferListenerAdapter - Downloaded https://repo.maven.apache.org/maven2/org/yaml/snakeyaml/1.29/snakeyaml-1.29.pom
2026-05-08 18:09:00,613 [Worker-24: Update Maven projects configuration] INFO  o.e.m.c.i.e.AbstractTransferListenerAdapter - Downloading https://repo.maven.apache.org/maven2/org/aspectj/aspectjweaver/1.9.7/aspectjweaver-1.9.7.pom
2026-05-08 18:09:00,613 [Worker-24: Update Maven projects configuration] INFO  o.e.m.c.i.e.AbstractTransferListenerAdapter - Downloaded https://repo.maven.apache.org/maven2/org/aspectj/aspectjweaver/1.9.7/aspectjweaver-1.9.7.pom
2026-05-08 18:09:00,656 [Worker-24: Update Maven projects configuration] INFO  o.e.m.c.i.e.AbstractTransferListenerAdapter - Downloading https://repo.maven.apache.org/maven2/org/springframework/boot/spring-boot-starter-jdbc/2.6.3/spring-boot-starter-jdbc-2.6.3.pom
2026-05-08 18:09:00,657 [Worker-24: Update Maven projects configuration] INFO  o.e.m.c.i.e.AbstractTransferListenerAdapter - Downloaded https://repo.maven.apache.org/maven2/org/springframework/boot/spring-boot-starter-jdbc/2.6.3/spring-boot-starter-jdbc-2.6.3.pom
2026-05-08 18:09:00,702 [Worker-24: Update Maven projects configuration] INFO  o.e.m.c.i.e.AbstractTransferListenerAdapter - Downloading https://repo.maven.apache.org/maven2/com/zaxxer/HikariCP/4.0.3/HikariCP-4.0.3.pom
2026-05-08 18:09:00,704 [Worker-24: Update Maven projects configuration] INFO  o.e.m.c.i.e.AbstractTransferListenerAdapter - Downloaded https://repo.maven.apache.org/maven2/com/zaxxer/HikariCP/4.0.3/HikariCP-4.0.3.pom
2026-05-08 18:09:00,757 [Worker-24: Update Maven projects configuration] INFO  o.e.m.c.i.e.AbstractTransferListenerAdapter - Downloading https://repo.maven.apache.org/maven2/org/springframework/spring-jdbc/5.3.15/spring-jdbc-5.3.15.pom
2026-05-08 18:09:00,759 [Worker-24: Update Maven projects configuration] INFO  o.e.m.c.i.e.AbstractTransferListenerAdapter - Downloaded https://repo.maven.apache.org/maven2/org/springframework/spring-jdbc/5.3.15/spring-jdbc-5.3.15.pom
2026-05-08 18:09:00,802 [Worker-24: Update Maven projects configuration] INFO  o.e.m.c.i.e.AbstractTransferListenerAdapter - Downloading https://repo.maven.apache.org/maven2/org/springframework/spring-tx/5.3.15/spring-tx-5.3.15.pom
2026-05-08 18:09:00,803 [Worker-24: Update Maven projects configuration] INFO  o.e.m.c.i.e.AbstractTransferListenerAdapter - Downloaded https://repo.maven.apache.org/maven2/org/springframework/spring-tx/5.3.15/spring-tx-5.3.15.pom
2026-05-08 18:09:00,847 [Worker-24: Update Maven projects configuration] INFO  o.e.m.c.i.e.AbstractTransferListenerAdapter - Downloading https://repo.maven.apache.org/maven2/jakarta/transaction/jakarta.transaction-api/1.3.3/jakarta.transaction-api-1.3.3.pom
2026-05-08 18:09:00,848 [Worker-24: Update Maven projects configuration] INFO  o.e.m.c.i.e.AbstractTransferListenerAdapter - Downloaded https://repo.maven.apache.org/maven2/jakarta/transaction/jakarta.transaction-api/1.3.3/jakarta.transaction-api-1.3.3.pom
2026-05-08 18:09:00,892 [Worker-24: Update Maven projects configuration] INFO  o.e.m.c.i.e.AbstractTransferListenerAdapter - Downloading https://repo.maven.apache.org/maven2/jakarta/persistence/jakarta.persistence-api/2.2.3/jakarta.persistence-api-2.2.3.pom
2026-05-08 18:09:00,893 [Worker-24: Update Maven projects configuration] INFO  o.e.m.c.i.e.AbstractTransferListenerAdapter - Downloaded https://repo.maven.apache.org/maven2/jakarta/persistence/jakarta.persistence-api/2.2.3/jakarta.persistence-api-2.2.3.pom
2026-05-08 18:09:00,940 [Worker-24: Update Maven projects configuration] INFO  o.e.m.c.i.e.AbstractTransferListenerAdapter - Downloading https://repo.maven.apache.org/maven2/org/hibernate/hibernate-core/5.6.4.Final/hibernate-core-5.6.4.Final.pom
2026-05-08 18:09:00,940 [Worker-24: Update Maven projects configuration] INFO  o.e.m.c.i.e.AbstractTransferListenerAdapter - Downloaded https://repo.maven.apache.org/maven2/org/hibernate/hibernate-core/5.6.4.Final/hibernate-core-5.6.4.Final.pom
2026-05-08 18:09:00,981 [Worker-24: Update Maven projects configuration] INFO  o.e.m.c.i.e.AbstractTransferListenerAdapter - Downloading https://repo.maven.apache.org/maven2/org/jboss/logging/jboss-logging/3.4.3.Final/jboss-logging-3.4.3.Final.pom
2026-05-08 18:09:00,981 [Worker-24: Update Maven projects configuration] INFO  o.e.m.c.i.e.AbstractTransferListenerAdapter - Downloaded https://repo.maven.apache.org/maven2/org/jboss/logging/jboss-logging/3.4.3.Final/jboss-logging-3.4.3.Final.pom
2026-05-08 18:09:01,038 [Worker-24: Update Maven projects configuration] INFO  o.e.m.c.i.e.AbstractTransferListenerAdapter - Downloading https://repo.maven.apache.org/maven2/net/bytebuddy/byte-buddy/1.11.22/byte-buddy-1.11.22.pom
2026-05-08 18:09:01,039 [Worker-24: Update Maven projects configuration] INFO  o.e.m.c.i.e.AbstractTransferListenerAdapter - Downloaded https://repo.maven.apache.org/maven2/net/bytebuddy/byte-buddy/1.11.22/byte-buddy-1.11.22.pom
2026-05-08 18:09:01,081 [Worker-24: Update Maven projects configuration] INFO  o.e.m.c.i.e.AbstractTransferListenerAdapter - Downloading https://repo.maven.apache.org/maven2/net/bytebuddy/byte-buddy-parent/1.11.22/byte-buddy-parent-1.11.22.pom
2026-05-08 18:09:01,082 [Worker-24: Update Maven projects configuration] INFO  o.e.m.c.i.e.AbstractTransferListenerAdapter - Downloaded https://repo.maven.apache.org/maven2/net/bytebuddy/byte-buddy-parent/1.11.22/byte-buddy-parent-1.11.22.pom
2026-05-08 18:09:01,123 [Worker-24: Update Maven projects configuration] INFO  o.e.m.c.i.e.AbstractTransferListenerAdapter - Downloading https://repo.maven.apache.org/maven2/antlr/antlr/2.7.7/antlr-2.7.7.pom
2026-05-08 18:09:01,123 [Worker-24: Update Maven projects configuration] INFO  o.e.m.c.i.e.AbstractTransferListenerAdapter - Downloaded https://repo.maven.apache.org/maven2/antlr/antlr/2.7.7/antlr-2.7.7.pom
2026-05-08 18:09:01,161 [Worker-24: Update Maven projects configuration] INFO  o.e.m.c.i.e.AbstractTransferListenerAdapter - Downloading https://repo.maven.apache.org/maven2/org/jboss/jandex/2.4.2.Final/jandex-2.4.2.Final.pom
2026-05-08 18:09:01,163 [Worker-24: Update Maven projects configuration] INFO  o.e.m.c.i.e.AbstractTransferListenerAdapter - Downloaded https://repo.maven.apache.org/maven2/org/jboss/jandex/2.4.2.Final/jandex-2.4.2.Final.pom
2026-05-08 18:09:01,200 [Worker-24: Update Maven projects configuration] INFO  o.e.m.c.i.e.AbstractTransferListenerAdapter - Downloading https://repo.maven.apache.org/maven2/org/jboss/jboss-parent/12/jboss-parent-12.pom
2026-05-08 18:09:01,201 [Worker-24: Update Maven projects configuration] INFO  o.e.m.c.i.e.AbstractTransferListenerAdapter - Downloaded https://repo.maven.apache.org/maven2/org/jboss/jboss-parent/12/jboss-parent-12.pom
2026-05-08 18:09:01,247 [Worker-24: Update Maven projects configuration] INFO  o.e.m.c.i.e.AbstractTransferListenerAdapter - Downloading https://repo.maven.apache.org/maven2/com/fasterxml/classmate/1.5.1/classmate-1.5.1.pom
2026-05-08 18:09:01,248 [Worker-24: Update Maven projects configuration] INFO  o.e.m.c.i.e.AbstractTransferListenerAdapter - Downloaded https://repo.maven.apache.org/maven2/com/fasterxml/classmate/1.5.1/classmate-1.5.1.pom
2026-05-08 18:09:01,291 [Worker-24: Update Maven projects configuration] INFO  o.e.m.c.i.e.AbstractTransferListenerAdapter - Downloading https://repo.maven.apache.org/maven2/com/fasterxml/oss-parent/35/oss-parent-35.pom
2026-05-08 18:09:01,292 [Worker-24: Update Maven projects configuration] INFO  o.e.m.c.i.e.AbstractTransferListenerAdapter - Downloaded https://repo.maven.apache.org/maven2/com/fasterxml/oss-parent/35/oss-parent-35.pom
2026-05-08 18:09:01,347 [Worker-24: Update Maven projects configuration] INFO  o.e.m.c.i.e.AbstractTransferListenerAdapter - Downloading https://repo.maven.apache.org/maven2/org/hibernate/common/hibernate-commons-annotations/5.1.2.Final/hibernate-commons-annotations-5.1.2.Final.pom
2026-05-08 18:09:01,347 [Worker-24: Update Maven projects configuration] INFO  o.e.m.c.i.e.AbstractTransferListenerAdapter - Downloaded https://repo.maven.apache.org/maven2/org/hibernate/common/hibernate-commons-annotations/5.1.2.Final/hibernate-commons-annotations-5.1.2.Final.pom
2026-05-08 18:09:01,387 [Worker-24: Update Maven projects configuration] INFO  o.e.m.c.i.e.AbstractTransferListenerAdapter - Downloading https://repo.maven.apache.org/maven2/org/glassfish/jaxb/jaxb-runtime/2.3.5/jaxb-runtime-2.3.5.pom
2026-05-08 18:09:01,388 [Worker-24: Update Maven projects configuration] INFO  o.e.m.c.i.e.AbstractTransferListenerAdapter - Downloaded https://repo.maven.apache.org/maven2/org/glassfish/jaxb/jaxb-runtime/2.3.5/jaxb-runtime-2.3.5.pom
2026-05-08 18:09:01,431 [Worker-24: Update Maven projects configuration] INFO  o.e.m.c.i.e.AbstractTransferListenerAdapter - Downloading https://repo.maven.apache.org/maven2/com/sun/xml/bind/mvn/jaxb-runtime-parent/2.3.5/jaxb-runtime-parent-2.3.5.pom
2026-05-08 18:09:01,432 [Worker-24: Update Maven projects configuration] INFO  o.e.m.c.i.e.AbstractTransferListenerAdapter - Downloaded https://repo.maven.apache.org/maven2/com/sun/xml/bind/mvn/jaxb-runtime-parent/2.3.5/jaxb-runtime-parent-2.3.5.pom
2026-05-08 18:09:01,481 [Worker-24: Update Maven projects configuration] INFO  o.e.m.c.i.e.AbstractTransferListenerAdapter - Downloading https://repo.maven.apache.org/maven2/com/sun/xml/bind/mvn/jaxb-parent/2.3.5/jaxb-parent-2.3.5.pom
2026-05-08 18:09:01,485 [Worker-24: Update Maven projects configuration] INFO  o.e.m.c.i.e.AbstractTransferListenerAdapter - Downloaded https://repo.maven.apache.org/maven2/com/sun/xml/bind/mvn/jaxb-parent/2.3.5/jaxb-parent-2.3.5.pom
2026-05-08 18:09:01,534 [Worker-24: Update Maven projects configuration] INFO  o.e.m.c.i.e.AbstractTransferListenerAdapter - Downloading https://repo.maven.apache.org/maven2/com/sun/xml/bind/jaxb-bom-ext/2.3.5/jaxb-bom-ext-2.3.5.pom
2026-05-08 18:09:01,536 [Worker-24: Update Maven projects configuration] INFO  o.e.m.c.i.e.AbstractTransferListenerAdapter - Downloaded https://repo.maven.apache.org/maven2/com/sun/xml/bind/jaxb-bom-ext/2.3.5/jaxb-bom-ext-2.3.5.pom
2026-05-08 18:09:01,593 [Worker-24: Update Maven projects configuration] INFO  o.e.m.c.i.e.AbstractTransferListenerAdapter - Downloading https://repo.maven.apache.org/maven2/org/glassfish/jaxb/jaxb-bom/2.3.5/jaxb-bom-2.3.5.pom
2026-05-08 18:09:01,596 [Worker-24: Update Maven projects configuration] INFO  o.e.m.c.i.e.AbstractTransferListenerAdapter - Downloaded https://repo.maven.apache.org/maven2/org/glassfish/jaxb/jaxb-bom/2.3.5/jaxb-bom-2.3.5.pom
2026-05-08 18:09:01,652 [Worker-24: Update Maven projects configuration] INFO  o.e.m.c.i.e.AbstractTransferListenerAdapter - Downloading https://repo.maven.apache.org/maven2/jakarta/xml/bind/jakarta.xml.bind-api/2.3.3/jakarta.xml.bind-api-2.3.3.pom
2026-05-08 18:09:01,656 [Worker-24: Update Maven projects configuration] INFO  o.e.m.c.i.e.AbstractTransferListenerAdapter - Downloaded https://repo.maven.apache.org/maven2/jakarta/xml/bind/jakarta.xml.bind-api/2.3.3/jakarta.xml.bind-api-2.3.3.pom
2026-05-08 18:09:01,699 [Worker-24: Update Maven projects configuration] INFO  o.e.m.c.i.e.AbstractTransferListenerAdapter - Downloading https://repo.maven.apache.org/maven2/jakarta/xml/bind/jakarta.xml.bind-api-parent/2.3.3/jakarta.xml.bind-api-parent-2.3.3.pom
2026-05-08 18:09:01,702 [Worker-24: Update Maven projects configuration] INFO  o.e.m.c.i.e.AbstractTransferListenerAdapter - Downloaded https://repo.maven.apache.org/maven2/jakarta/xml/bind/jakarta.xml.bind-api-parent/2.3.3/jakarta.xml.bind-api-parent-2.3.3.pom
2026-05-08 18:09:01,756 [Worker-24: Update Maven projects configuration] INFO  o.e.m.c.i.e.AbstractTransferListenerAdapter - Downloading https://repo.maven.apache.org/maven2/org/glassfish/jaxb/txw2/2.3.5/txw2-2.3.5.pom
2026-05-08 18:09:01,757 [Worker-24: Update Maven projects configuration] INFO  o.e.m.c.i.e.AbstractTransferListenerAdapter - Downloaded https://repo.maven.apache.org/maven2/org/glassfish/jaxb/txw2/2.3.5/txw2-2.3.5.pom
2026-05-08 18:09:01,832 [Worker-24: Update Maven projects configuration] INFO  o.e.m.c.i.e.AbstractTransferListenerAdapter - Downloading https://repo.maven.apache.org/maven2/com/sun/xml/bind/mvn/jaxb-txw-parent/2.3.5/jaxb-txw-parent-2.3.5.pom
2026-05-08 18:09:01,834 [Worker-24: Update Maven projects configuration] INFO  o.e.m.c.i.e.AbstractTransferListenerAdapter - Downloaded https://repo.maven.apache.org/maven2/com/sun/xml/bind/mvn/jaxb-txw-parent/2.3.5/jaxb-txw-parent-2.3.5.pom
2026-05-08 18:09:01,883 [Worker-24: Update Maven projects configuration] INFO  o.e.m.c.i.e.AbstractTransferListenerAdapter - Downloading https://repo.maven.apache.org/maven2/com/sun/istack/istack-commons-runtime/3.0.12/istack-commons-runtime-3.0.12.pom
2026-05-08 18:09:01,885 [Worker-24: Update Maven projects configuration] INFO  o.e.m.c.i.e.AbstractTransferListenerAdapter - Downloaded https://repo.maven.apache.org/maven2/com/sun/istack/istack-commons-runtime/3.0.12/istack-commons-runtime-3.0.12.pom
2026-05-08 18:09:01,946 [Worker-24: Update Maven projects configuration] INFO  o.e.m.c.i.e.AbstractTransferListenerAdapter - Downloading https://repo.maven.apache.org/maven2/com/sun/istack/istack-commons/3.0.12/istack-commons-3.0.12.pom
2026-05-08 18:09:01,948 [Worker-24: Update Maven projects configuration] INFO  o.e.m.c.i.e.AbstractTransferListenerAdapter - Downloaded https://repo.maven.apache.org/maven2/com/sun/istack/istack-commons/3.0.12/istack-commons-3.0.12.pom
2026-05-08 18:09:01,991 [Worker-24: Update Maven projects configuration] INFO  o.e.m.c.i.e.AbstractTransferListenerAdapter - Downloading https://repo.maven.apache.org/maven2/com/sun/activation/jakarta.activation/1.2.2/jakarta.activation-1.2.2.pom
2026-05-08 18:09:01,994 [Worker-24: Update Maven projects configuration] INFO  o.e.m.c.i.e.AbstractTransferListenerAdapter - Downloaded https://repo.maven.apache.org/maven2/com/sun/activation/jakarta.activation/1.2.2/jakarta.activation-1.2.2.pom
2026-05-08 18:09:02,057 [Worker-24: Update Maven projects configuration] INFO  o.e.m.c.i.e.AbstractTransferListenerAdapter - Downloading https://repo.maven.apache.org/maven2/com/sun/activation/all/1.2.2/all-1.2.2.pom
2026-05-08 18:09:02,059 [Worker-24: Update Maven projects configuration] INFO  o.e.m.c.i.e.AbstractTransferListenerAdapter - Downloaded https://repo.maven.apache.org/maven2/com/sun/activation/all/1.2.2/all-1.2.2.pom
2026-05-08 18:09:02,107 [Worker-24: Update Maven projects configuration] INFO  o.e.m.c.i.e.AbstractTransferListenerAdapter - Downloading https://repo.maven.apache.org/maven2/org/springframework/data/spring-data-jpa/2.6.1/spring-data-jpa-2.6.1.pom
2026-05-08 18:09:02,110 [Worker-24: Update Maven projects configuration] INFO  o.e.m.c.i.e.AbstractTransferListenerAdapter - Downloaded https://repo.maven.apache.org/maven2/org/springframework/data/spring-data-jpa/2.6.1/spring-data-jpa-2.6.1.pom
2026-05-08 18:09:02,156 [Worker-24: Update Maven projects configuration] INFO  o.e.m.c.i.e.AbstractTransferListenerAdapter - Downloading https://repo.maven.apache.org/maven2/org/springframework/data/build/spring-data-parent/2.6.1/spring-data-parent-2.6.1.pom
2026-05-08 18:09:02,158 [Worker-24: Update Maven projects configuration] INFO  o.e.m.c.i.e.AbstractTransferListenerAdapter - Downloaded https://repo.maven.apache.org/maven2/org/springframework/data/build/spring-data-parent/2.6.1/spring-data-parent-2.6.1.pom
2026-05-08 18:09:02,207 [Worker-24: Update Maven projects configuration] INFO  o.e.m.c.i.e.AbstractTransferListenerAdapter - Downloading https://repo.maven.apache.org/maven2/org/springframework/data/build/spring-data-build/2.6.1/spring-data-build-2.6.1.pom
2026-05-08 18:09:02,208 [Worker-24: Update Maven projects configuration] INFO  o.e.m.c.i.e.AbstractTransferListenerAdapter - Downloaded https://repo.maven.apache.org/maven2/org/springframework/data/build/spring-data-build/2.6.1/spring-data-build-2.6.1.pom
2026-05-08 18:09:02,255 [Worker-24: Update Maven projects configuration] INFO  o.e.m.c.i.e.AbstractTransferListenerAdapter - Downloading https://repo.maven.apache.org/maven2/org/testcontainers/testcontainers-bom/1.16.2/testcontainers-bom-1.16.2.pom
2026-05-08 18:09:02,256 [Worker-24: Update Maven projects configuration] INFO  o.e.m.c.i.e.AbstractTransferListenerAdapter - Downloaded https://repo.maven.apache.org/maven2/org/testcontainers/testcontainers-bom/1.16.2/testcontainers-bom-1.16.2.pom
2026-05-08 18:09:02,306 [Worker-24: Update Maven projects configuration] INFO  o.e.m.c.i.e.AbstractTransferListenerAdapter - Downloading https://repo.maven.apache.org/maven2/org/jetbrains/kotlin/kotlin-bom/1.5.32/kotlin-bom-1.5.32.pom
2026-05-08 18:09:02,307 [Worker-24: Update Maven projects configuration] INFO  o.e.m.c.i.e.AbstractTransferListenerAdapter - Downloaded https://repo.maven.apache.org/maven2/org/jetbrains/kotlin/kotlin-bom/1.5.32/kotlin-bom-1.5.32.pom
2026-05-08 18:09:02,353 [Worker-24: Update Maven projects configuration] INFO  o.e.m.c.i.e.AbstractTransferListenerAdapter - Downloading https://repo.maven.apache.org/maven2/org/springframework/data/spring-data-commons/2.6.1/spring-data-commons-2.6.1.pom
2026-05-08 18:09:02,353 [Worker-24: Update Maven projects configuration] INFO  o.e.m.c.i.e.AbstractTransferListenerAdapter - Downloaded https://repo.maven.apache.org/maven2/org/springframework/data/spring-data-commons/2.6.1/spring-data-commons-2.6.1.pom
2026-05-08 18:09:02,405 [Worker-24: Update Maven projects configuration] INFO  o.e.m.c.i.e.AbstractTransferListenerAdapter - Downloading https://repo.maven.apache.org/maven2/org/springframework/spring-orm/5.3.15/spring-orm-5.3.15.pom
2026-05-08 18:09:02,406 [Worker-24: Update Maven projects configuration] INFO  o.e.m.c.i.e.AbstractTransferListenerAdapter - Downloaded https://repo.maven.apache.org/maven2/org/springframework/spring-orm/5.3.15/spring-orm-5.3.15.pom
2026-05-08 18:09:02,455 [Worker-24: Update Maven projects configuration] INFO  o.e.m.c.i.e.AbstractTransferListenerAdapter - Downloading https://repo.maven.apache.org/maven2/org/springframework/spring-aspects/5.3.15/spring-aspects-5.3.15.pom
2026-05-08 18:09:02,456 [Worker-24: Update Maven projects configuration] INFO  o.e.m.c.i.e.AbstractTransferListenerAdapter - Downloaded https://repo.maven.apache.org/maven2/org/springframework/spring-aspects/5.3.15/spring-aspects-5.3.15.pom
2026-05-08 18:09:02,511 [Worker-24: Update Maven projects configuration] INFO  o.e.m.c.i.e.AbstractTransferListenerAdapter - Downloading https://repo.maven.apache.org/maven2/org/springframework/boot/spring-boot-starter-security/2.6.3/spring-boot-starter-security-2.6.3.pom
2026-05-08 18:09:02,512 [Worker-24: Update Maven projects configuration] INFO  o.e.m.c.i.e.AbstractTransferListenerAdapter - Downloaded https://repo.maven.apache.org/maven2/org/springframework/boot/spring-boot-starter-security/2.6.3/spring-boot-starter-security-2.6.3.pom
2026-05-08 18:09:02,552 [Worker-24: Update Maven projects configuration] INFO  o.e.m.c.i.e.AbstractTransferListenerAdapter - Downloading https://repo.maven.apache.org/maven2/org/springframework/security/spring-security-config/5.6.1/spring-security-config-5.6.1.pom
2026-05-08 18:09:02,553 [Worker-24: Update Maven projects configuration] INFO  o.e.m.c.i.e.AbstractTransferListenerAdapter - Downloaded https://repo.maven.apache.org/maven2/org/springframework/security/spring-security-config/5.6.1/spring-security-config-5.6.1.pom
2026-05-08 18:09:02,592 [Worker-24: Update Maven projects configuration] INFO  o.e.m.c.i.e.AbstractTransferListenerAdapter - Downloading https://repo.maven.apache.org/maven2/org/springframework/security/spring-security-core/5.6.1/spring-security-core-5.6.1.pom
2026-05-08 18:09:02,592 [Worker-24: Update Maven projects configuration] INFO  o.e.m.c.i.e.AbstractTransferListenerAdapter - Downloaded https://repo.maven.apache.org/maven2/org/springframework/security/spring-security-core/5.6.1/spring-security-core-5.6.1.pom
2026-05-08 18:09:02,636 [Worker-24: Update Maven projects configuration] INFO  o.e.m.c.i.e.AbstractTransferListenerAdapter - Downloading https://repo.maven.apache.org/maven2/org/springframework/security/spring-security-crypto/5.6.1/spring-security-crypto-5.6.1.pom
2026-05-08 18:09:02,636 [Worker-24: Update Maven projects configuration] INFO  o.e.m.c.i.e.AbstractTransferListenerAdapter - Downloaded https://repo.maven.apache.org/maven2/org/springframework/security/spring-security-crypto/5.6.1/spring-security-crypto-5.6.1.pom
2026-05-08 18:09:02,690 [Worker-24: Update Maven projects configuration] INFO  o.e.m.c.i.e.AbstractTransferListenerAdapter - Downloading https://repo.maven.apache.org/maven2/org/springframework/security/spring-security-web/5.6.1/spring-security-web-5.6.1.pom
2026-05-08 18:09:02,690 [Worker-24: Update Maven projects configuration] INFO  o.e.m.c.i.e.AbstractTransferListenerAdapter - Downloaded https://repo.maven.apache.org/maven2/org/springframework/security/spring-security-web/5.6.1/spring-security-web-5.6.1.pom
2026-05-08 18:09:02,736 [Worker-24: Update Maven projects configuration] INFO  o.e.m.c.i.e.AbstractTransferListenerAdapter - Downloading https://repo.maven.apache.org/maven2/org/springframework/spring-web/5.3.15/spring-web-5.3.15.pom
2026-05-08 18:09:02,737 [Worker-24: Update Maven projects configuration] INFO  o.e.m.c.i.e.AbstractTransferListenerAdapter - Downloaded https://repo.maven.apache.org/maven2/org/springframework/spring-web/5.3.15/spring-web-5.3.15.pom
2026-05-08 18:09:02,901 [Worker-24: Update Maven projects configuration] INFO  o.e.m.c.i.e.AbstractTransferListenerAdapter - Downloading https://repo.maven.apache.org/maven2/org/springframework/boot/spring-boot-starter-thymeleaf/2.6.3/spring-boot-starter-thymeleaf-2.6.3.pom
2026-05-08 18:09:02,903 [Worker-24: Update Maven projects configuration] INFO  o.e.m.c.i.e.AbstractTransferListenerAdapter - Downloaded https://repo.maven.apache.org/maven2/org/springframework/boot/spring-boot-starter-thymeleaf/2.6.3/spring-boot-starter-thymeleaf-2.6.3.pom
2026-05-08 18:09:02,969 [Worker-24: Update Maven projects configuration] INFO  o.e.m.c.i.e.AbstractTransferListenerAdapter - Downloading https://repo.maven.apache.org/maven2/org/thymeleaf/thymeleaf-spring5/3.0.14.RELEASE/thymeleaf-spring5-3.0.14.RELEASE.pom
2026-05-08 18:09:02,972 [Worker-24: Update Maven projects configuration] INFO  o.e.m.c.i.e.AbstractTransferListenerAdapter - Downloaded https://repo.maven.apache.org/maven2/org/thymeleaf/thymeleaf-spring5/3.0.14.RELEASE/thymeleaf-spring5-3.0.14.RELEASE.pom
2026-05-08 18:09:03,021 [Worker-24: Update Maven projects configuration] INFO  o.e.m.c.i.e.AbstractTransferListenerAdapter - Downloading https://repo.maven.apache.org/maven2/org/thymeleaf/thymeleaf/3.0.14.RELEASE/thymeleaf-3.0.14.RELEASE.pom
2026-05-08 18:09:03,024 [Worker-24: Update Maven projects configuration] INFO  o.e.m.c.i.e.AbstractTransferListenerAdapter - Downloaded https://repo.maven.apache.org/maven2/org/thymeleaf/thymeleaf/3.0.14.RELEASE/thymeleaf-3.0.14.RELEASE.pom
2026-05-08 18:09:03,087 [Worker-24: Update Maven projects configuration] INFO  o.e.m.c.i.e.AbstractTransferListenerAdapter - Downloading https://repo.maven.apache.org/maven2/org/attoparser/attoparser/2.0.5.RELEASE/attoparser-2.0.5.RELEASE.pom
2026-05-08 18:09:03,090 [Worker-24: Update Maven projects configuration] INFO  o.e.m.c.i.e.AbstractTransferListenerAdapter - Downloaded https://repo.maven.apache.org/maven2/org/attoparser/attoparser/2.0.5.RELEASE/attoparser-2.0.5.RELEASE.pom
2026-05-08 18:09:03,148 [Worker-24: Update Maven projects configuration] INFO  o.e.m.c.i.e.AbstractTransferListenerAdapter - Downloading https://repo.maven.apache.org/maven2/org/unbescape/unbescape/1.1.6.RELEASE/unbescape-1.1.6.RELEASE.pom
2026-05-08 18:09:03,150 [Worker-24: Update Maven projects configuration] INFO  o.e.m.c.i.e.AbstractTransferListenerAdapter - Downloaded https://repo.maven.apache.org/maven2/org/unbescape/unbescape/1.1.6.RELEASE/unbescape-1.1.6.RELEASE.pom
2026-05-08 18:09:03,198 [Worker-24: Update Maven projects configuration] INFO  o.e.m.c.i.e.AbstractTransferListenerAdapter - Downloading https://repo.maven.apache.org/maven2/org/thymeleaf/extras/thymeleaf-extras-java8time/3.0.4.RELEASE/thymeleaf-extras-java8time-3.0.4.RELEASE.pom
2026-05-08 18:09:03,200 [Worker-24: Update Maven projects configuration] INFO  o.e.m.c.i.e.AbstractTransferListenerAdapter - Downloaded https://repo.maven.apache.org/maven2/org/thymeleaf/extras/thymeleaf-extras-java8time/3.0.4.RELEASE/thymeleaf-extras-java8time-3.0.4.RELEASE.pom
2026-05-08 18:09:03,241 [Worker-24: Update Maven projects configuration] INFO  o.e.m.c.i.e.AbstractTransferListenerAdapter - Downloading https://repo.maven.apache.org/maven2/ognl/ognl/3.1.26/ognl-3.1.26.pom
2026-05-08 18:09:03,242 [Worker-24: Update Maven projects configuration] INFO  o.e.m.c.i.e.AbstractTransferListenerAdapter - Downloaded https://repo.maven.apache.org/maven2/ognl/ognl/3.1.26/ognl-3.1.26.pom
2026-05-08 18:09:03,283 [Worker-24: Update Maven projects configuration] INFO  o.e.m.c.i.e.AbstractTransferListenerAdapter - Downloading https://repo.maven.apache.org/maven2/org/javassist/javassist/3.20.0-GA/javassist-3.20.0-GA.pom
2026-05-08 18:09:03,285 [Worker-24: Update Maven projects configuration] INFO  o.e.m.c.i.e.AbstractTransferListenerAdapter - Downloaded https://repo.maven.apache.org/maven2/org/javassist/javassist/3.20.0-GA/javassist-3.20.0-GA.pom
2026-05-08 18:09:03,288 [Worker-24: Update Maven projects configuration] WARN  o.a.m.r.i.DefaultArtifactDescriptorReader - 1 problem was encountered while building the effective model for org.javassist:javassist:jar:3.20.0-GA during dependency collection step for project (use -X to see details)
2026-05-08 18:09:03,345 [Worker-24: Update Maven projects configuration] INFO  o.e.m.c.i.e.AbstractTransferListenerAdapter - Downloading https://repo.maven.apache.org/maven2/org/springframework/boot/spring-boot-starter-web/2.6.3/spring-boot-starter-web-2.6.3.pom
2026-05-08 18:09:03,347 [Worker-24: Update Maven projects configuration] INFO  o.e.m.c.i.e.AbstractTransferListenerAdapter - Downloaded https://repo.maven.apache.org/maven2/org/springframework/boot/spring-boot-starter-web/2.6.3/spring-boot-starter-web-2.6.3.pom
2026-05-08 18:09:03,402 [Worker-24: Update Maven projects configuration] INFO  o.e.m.c.i.e.AbstractTransferListenerAdapter - Downloading https://repo.maven.apache.org/maven2/org/springframework/boot/spring-boot-starter-json/2.6.3/spring-boot-starter-json-2.6.3.pom
2026-05-08 18:09:03,405 [Worker-24: Update Maven projects configuration] INFO  o.e.m.c.i.e.AbstractTransferListenerAdapter - Downloaded https://repo.maven.apache.org/maven2/org/springframework/boot/spring-boot-starter-json/2.6.3/spring-boot-starter-json-2.6.3.pom
2026-05-08 18:09:03,467 [Worker-24: Update Maven projects configuration] INFO  o.e.m.c.i.e.AbstractTransferListenerAdapter - Downloading https://repo.maven.apache.org/maven2/com/fasterxml/jackson/core/jackson-databind/2.13.1/jackson-databind-2.13.1.pom
2026-05-08 18:09:03,469 [Worker-24: Update Maven projects configuration] INFO  o.e.m.c.i.e.AbstractTransferListenerAdapter - Downloaded https://repo.maven.apache.org/maven2/com/fasterxml/jackson/core/jackson-databind/2.13.1/jackson-databind-2.13.1.pom
2026-05-08 18:09:03,513 [Worker-24: Update Maven projects configuration] INFO  o.e.m.c.i.e.AbstractTransferListenerAdapter - Downloading https://repo.maven.apache.org/maven2/com/fasterxml/jackson/jackson-base/2.13.1/jackson-base-2.13.1.pom
2026-05-08 18:09:03,516 [Worker-24: Update Maven projects configuration] INFO  o.e.m.c.i.e.AbstractTransferListenerAdapter - Downloaded https://repo.maven.apache.org/maven2/com/fasterxml/jackson/jackson-base/2.13.1/jackson-base-2.13.1.pom
2026-05-08 18:09:03,558 [Worker-24: Update Maven projects configuration] INFO  o.e.m.c.i.e.AbstractTransferListenerAdapter - Downloading https://repo.maven.apache.org/maven2/com/fasterxml/jackson/core/jackson-annotations/2.13.1/jackson-annotations-2.13.1.pom
2026-05-08 18:09:03,560 [Worker-24: Update Maven projects configuration] INFO  o.e.m.c.i.e.AbstractTransferListenerAdapter - Downloaded https://repo.maven.apache.org/maven2/com/fasterxml/jackson/core/jackson-annotations/2.13.1/jackson-annotations-2.13.1.pom
2026-05-08 18:09:03,608 [Worker-24: Update Maven projects configuration] INFO  o.e.m.c.i.e.AbstractTransferListenerAdapter - Downloading https://repo.maven.apache.org/maven2/com/fasterxml/jackson/core/jackson-core/2.13.1/jackson-core-2.13.1.pom
2026-05-08 18:09:03,611 [Worker-24: Update Maven projects configuration] INFO  o.e.m.c.i.e.AbstractTransferListenerAdapter - Downloaded https://repo.maven.apache.org/maven2/com/fasterxml/jackson/core/jackson-core/2.13.1/jackson-core-2.13.1.pom
2026-05-08 18:09:03,667 [Worker-24: Update Maven projects configuration] INFO  o.e.m.c.i.e.AbstractTransferListenerAdapter - Downloading https://repo.maven.apache.org/maven2/com/fasterxml/jackson/datatype/jackson-datatype-jdk8/2.13.1/jackson-datatype-jdk8-2.13.1.pom
2026-05-08 18:09:03,669 [Worker-24: Update Maven projects configuration] INFO  o.e.m.c.i.e.AbstractTransferListenerAdapter - Downloaded https://repo.maven.apache.org/maven2/com/fasterxml/jackson/datatype/jackson-datatype-jdk8/2.13.1/jackson-datatype-jdk8-2.13.1.pom
2026-05-08 18:09:03,711 [Worker-24: Update Maven projects configuration] INFO  o.e.m.c.i.e.AbstractTransferListenerAdapter - Downloading https://repo.maven.apache.org/maven2/com/fasterxml/jackson/module/jackson-modules-java8/2.13.1/jackson-modules-java8-2.13.1.pom
2026-05-08 18:09:03,713 [Worker-24: Update Maven projects configuration] INFO  o.e.m.c.i.e.AbstractTransferListenerAdapter - Downloaded https://repo.maven.apache.org/maven2/com/fasterxml/jackson/module/jackson-modules-java8/2.13.1/jackson-modules-java8-2.13.1.pom
2026-05-08 18:09:03,766 [Worker-24: Update Maven projects configuration] INFO  o.e.m.c.i.e.AbstractTransferListenerAdapter - Downloading https://repo.maven.apache.org/maven2/com/fasterxml/jackson/datatype/jackson-datatype-jsr310/2.13.1/jackson-datatype-jsr310-2.13.1.pom
2026-05-08 18:09:03,769 [Worker-24: Update Maven projects configuration] INFO  o.e.m.c.i.e.AbstractTransferListenerAdapter - Downloaded https://repo.maven.apache.org/maven2/com/fasterxml/jackson/datatype/jackson-datatype-jsr310/2.13.1/jackson-datatype-jsr310-2.13.1.pom
2026-05-08 18:09:03,822 [Worker-24: Update Maven projects configuration] INFO  o.e.m.c.i.e.AbstractTransferListenerAdapter - Downloading https://repo.maven.apache.org/maven2/com/fasterxml/jackson/module/jackson-module-parameter-names/2.13.1/jackson-module-parameter-names-2.13.1.pom
2026-05-08 18:09:03,825 [Worker-24: Update Maven projects configuration] INFO  o.e.m.c.i.e.AbstractTransferListenerAdapter - Downloaded https://repo.maven.apache.org/maven2/com/fasterxml/jackson/module/jackson-module-parameter-names/2.13.1/jackson-module-parameter-names-2.13.1.pom
2026-05-08 18:09:03,877 [Worker-24: Update Maven projects configuration] INFO  o.e.m.c.i.e.AbstractTransferListenerAdapter - Downloading https://repo.maven.apache.org/maven2/org/springframework/boot/spring-boot-starter-tomcat/2.6.3/spring-boot-starter-tomcat-2.6.3.pom
2026-05-08 18:09:03,879 [Worker-24: Update Maven projects configuration] INFO  o.e.m.c.i.e.AbstractTransferListenerAdapter - Downloaded https://repo.maven.apache.org/maven2/org/springframework/boot/spring-boot-starter-tomcat/2.6.3/spring-boot-starter-tomcat-2.6.3.pom
2026-05-08 18:09:03,931 [Worker-24: Update Maven projects configuration] INFO  o.e.m.c.i.e.AbstractTransferListenerAdapter - Downloading https://repo.maven.apache.org/maven2/org/apache/tomcat/embed/tomcat-embed-core/9.0.56/tomcat-embed-core-9.0.56.pom
2026-05-08 18:09:03,935 [Worker-24: Update Maven projects configuration] INFO  o.e.m.c.i.e.AbstractTransferListenerAdapter - Downloaded https://repo.maven.apache.org/maven2/org/apache/tomcat/embed/tomcat-embed-core/9.0.56/tomcat-embed-core-9.0.56.pom
2026-05-08 18:09:03,979 [Worker-24: Update Maven projects configuration] INFO  o.e.m.c.i.e.AbstractTransferListenerAdapter - Downloading https://repo.maven.apache.org/maven2/org/apache/tomcat/embed/tomcat-embed-el/9.0.56/tomcat-embed-el-9.0.56.pom
2026-05-08 18:09:03,980 [Worker-24: Update Maven projects configuration] INFO  o.e.m.c.i.e.AbstractTransferListenerAdapter - Downloaded https://repo.maven.apache.org/maven2/org/apache/tomcat/embed/tomcat-embed-el/9.0.56/tomcat-embed-el-9.0.56.pom
2026-05-08 18:09:04,026 [Worker-24: Update Maven projects configuration] INFO  o.e.m.c.i.e.AbstractTransferListenerAdapter - Downloading https://repo.maven.apache.org/maven2/org/apache/tomcat/embed/tomcat-embed-websocket/9.0.56/tomcat-embed-websocket-9.0.56.pom
2026-05-08 18:09:04,028 [Worker-24: Update Maven projects configuration] INFO  o.e.m.c.i.e.AbstractTransferListenerAdapter - Downloaded https://repo.maven.apache.org/maven2/org/apache/tomcat/embed/tomcat-embed-websocket/9.0.56/tomcat-embed-websocket-9.0.56.pom
2026-05-08 18:09:04,077 [Worker-24: Update Maven projects configuration] INFO  o.e.m.c.i.e.AbstractTransferListenerAdapter - Downloading https://repo.maven.apache.org/maven2/org/springframework/spring-webmvc/5.3.15/spring-webmvc-5.3.15.pom
2026-05-08 18:09:04,078 [Worker-24: Update Maven projects configuration] INFO  o.e.m.c.i.e.AbstractTransferListenerAdapter - Downloaded https://repo.maven.apache.org/maven2/org/springframework/spring-webmvc/5.3.15/spring-webmvc-5.3.15.pom
2026-05-08 18:09:04,133 [Worker-24: Update Maven projects configuration] INFO  o.e.m.c.i.e.AbstractTransferListenerAdapter - Downloading https://repo.maven.apache.org/maven2/org/thymeleaf/extras/thymeleaf-extras-springsecurity5/3.0.4.RELEASE/thymeleaf-extras-springsecurity5-3.0.4.RELEASE.pom
2026-05-08 18:09:04,136 [Worker-24: Update Maven projects configuration] INFO  o.e.m.c.i.e.AbstractTransferListenerAdapter - Downloaded https://repo.maven.apache.org/maven2/org/thymeleaf/extras/thymeleaf-extras-springsecurity5/3.0.4.RELEASE/thymeleaf-extras-springsecurity5-3.0.4.RELEASE.pom
2026-05-08 18:09:04,185 [Worker-24: Update Maven projects configuration] INFO  o.e.m.c.i.e.AbstractTransferListenerAdapter - Downloading https://repo.maven.apache.org/maven2/org/springframework/boot/spring-boot-starter-validation/2.6.3/spring-boot-starter-validation-2.6.3.pom
2026-05-08 18:09:04,188 [Worker-24: Update Maven projects configuration] INFO  o.e.m.c.i.e.AbstractTransferListenerAdapter - Downloaded https://repo.maven.apache.org/maven2/org/springframework/boot/spring-boot-starter-validation/2.6.3/spring-boot-starter-validation-2.6.3.pom
2026-05-08 18:09:04,242 [Worker-24: Update Maven projects configuration] INFO  o.e.m.c.i.e.AbstractTransferListenerAdapter - Downloading https://repo.maven.apache.org/maven2/org/hibernate/validator/hibernate-validator/6.2.0.Final/hibernate-validator-6.2.0.Final.pom
2026-05-08 18:09:04,245 [Worker-24: Update Maven projects configuration] INFO  o.e.m.c.i.e.AbstractTransferListenerAdapter - Downloaded https://repo.maven.apache.org/maven2/org/hibernate/validator/hibernate-validator/6.2.0.Final/hibernate-validator-6.2.0.Final.pom
2026-05-08 18:09:04,304 [Worker-24: Update Maven projects configuration] INFO  o.e.m.c.i.e.AbstractTransferListenerAdapter - Downloading https://repo.maven.apache.org/maven2/org/hibernate/validator/hibernate-validator-parent/6.2.0.Final/hibernate-validator-parent-6.2.0.Final.pom
2026-05-08 18:09:04,307 [Worker-24: Update Maven projects configuration] INFO  o.e.m.c.i.e.AbstractTransferListenerAdapter - Downloaded https://repo.maven.apache.org/maven2/org/hibernate/validator/hibernate-validator-parent/6.2.0.Final/hibernate-validator-parent-6.2.0.Final.pom
2026-05-08 18:09:04,347 [Worker-24: Update Maven projects configuration] INFO  o.e.m.c.i.e.AbstractTransferListenerAdapter - Downloading https://repo.maven.apache.org/maven2/org/jboss/arquillian/arquillian-bom/1.6.0.Final/arquillian-bom-1.6.0.Final.pom
2026-05-08 18:09:04,349 [Worker-24: Update Maven projects configuration] INFO  o.e.m.c.i.e.AbstractTransferListenerAdapter - Downloaded https://repo.maven.apache.org/maven2/org/jboss/arquillian/arquillian-bom/1.6.0.Final/arquillian-bom-1.6.0.Final.pom
2026-05-08 18:09:04,393 [Worker-24: Update Maven projects configuration] INFO  o.e.m.c.i.e.AbstractTransferListenerAdapter - Downloading https://repo.maven.apache.org/maven2/org/jboss/shrinkwrap/shrinkwrap-bom/1.2.6/shrinkwrap-bom-1.2.6.pom
2026-05-08 18:09:04,395 [Worker-24: Update Maven projects configuration] INFO  o.e.m.c.i.e.AbstractTransferListenerAdapter - Downloaded https://repo.maven.apache.org/maven2/org/jboss/shrinkwrap/shrinkwrap-bom/1.2.6/shrinkwrap-bom-1.2.6.pom
2026-05-08 18:09:04,437 [Worker-24: Update Maven projects configuration] INFO  o.e.m.c.i.e.AbstractTransferListenerAdapter - Downloading https://repo.maven.apache.org/maven2/org/jboss/shrinkwrap/resolver/shrinkwrap-resolver-bom/3.1.4/shrinkwrap-resolver-bom-3.1.4.pom
2026-05-08 18:09:04,439 [Worker-24: Update Maven projects configuration] INFO  o.e.m.c.i.e.AbstractTransferListenerAdapter - Downloaded https://repo.maven.apache.org/maven2/org/jboss/shrinkwrap/resolver/shrinkwrap-resolver-bom/3.1.4/shrinkwrap-resolver-bom-3.1.4.pom
2026-05-08 18:09:04,494 [Worker-24: Update Maven projects configuration] INFO  o.e.m.c.i.e.AbstractTransferListenerAdapter - Downloading https://repo.maven.apache.org/maven2/org/apache/maven/maven/3.6.3/maven-3.6.3.pom
2026-05-08 18:09:04,497 [Worker-24: Update Maven projects configuration] INFO  o.e.m.c.i.e.AbstractTransferListenerAdapter - Downloaded https://repo.maven.apache.org/maven2/org/apache/maven/maven/3.6.3/maven-3.6.3.pom
2026-05-08 18:09:04,545 [Worker-24: Update Maven projects configuration] INFO  o.e.m.c.i.e.AbstractTransferListenerAdapter - Downloading https://repo.maven.apache.org/maven2/org/jboss/shrinkwrap/descriptors/shrinkwrap-descriptors-bom/2.0.0/shrinkwrap-descriptors-bom-2.0.0.pom
2026-05-08 18:09:04,547 [Worker-24: Update Maven projects configuration] INFO  o.e.m.c.i.e.AbstractTransferListenerAdapter - Downloaded https://repo.maven.apache.org/maven2/org/jboss/shrinkwrap/descriptors/shrinkwrap-descriptors-bom/2.0.0/shrinkwrap-descriptors-bom-2.0.0.pom
2026-05-08 18:09:04,593 [Worker-24: Update Maven projects configuration] INFO  o.e.m.c.i.e.AbstractTransferListenerAdapter - Downloading https://repo.maven.apache.org/maven2/jakarta/validation/jakarta.validation-api/2.0.2/jakarta.validation-api-2.0.2.pom
2026-05-08 18:09:04,595 [Worker-24: Update Maven projects configuration] INFO  o.e.m.c.i.e.AbstractTransferListenerAdapter - Downloaded https://repo.maven.apache.org/maven2/jakarta/validation/jakarta.validation-api/2.0.2/jakarta.validation-api-2.0.2.pom
2026-05-08 18:09:04,643 [Worker-24: Update Maven projects configuration] INFO  o.e.m.c.i.e.AbstractTransferListenerAdapter - Downloading https://repo.maven.apache.org/maven2/org/springframework/boot/spring-boot-devtools/2.6.3/spring-boot-devtools-2.6.3.pom
2026-05-08 18:09:04,645 [Worker-24: Update Maven projects configuration] INFO  o.e.m.c.i.e.AbstractTransferListenerAdapter - Downloaded https://repo.maven.apache.org/maven2/org/springframework/boot/spring-boot-devtools/2.6.3/spring-boot-devtools-2.6.3.pom
2026-05-08 18:09:04,691 [Worker-24: Update Maven projects configuration] INFO  o.e.m.c.i.e.AbstractTransferListenerAdapter - Downloading https://repo.maven.apache.org/maven2/org/springframework/boot/spring-boot-starter-test/2.6.3/spring-boot-starter-test-2.6.3.pom
2026-05-08 18:09:04,694 [Worker-24: Update Maven projects configuration] INFO  o.e.m.c.i.e.AbstractTransferListenerAdapter - Downloaded https://repo.maven.apache.org/maven2/org/springframework/boot/spring-boot-starter-test/2.6.3/spring-boot-starter-test-2.6.3.pom
2026-05-08 18:09:04,749 [Worker-24: Update Maven projects configuration] INFO  o.e.m.c.i.e.AbstractTransferListenerAdapter - Downloading https://repo.maven.apache.org/maven2/org/springframework/boot/spring-boot-test/2.6.3/spring-boot-test-2.6.3.pom
2026-05-08 18:09:04,751 [Worker-24: Update Maven projects configuration] INFO  o.e.m.c.i.e.AbstractTransferListenerAdapter - Downloaded https://repo.maven.apache.org/maven2/org/springframework/boot/spring-boot-test/2.6.3/spring-boot-test-2.6.3.pom
2026-05-08 18:09:04,800 [Worker-24: Update Maven projects configuration] INFO  o.e.m.c.i.e.AbstractTransferListenerAdapter - Downloading https://repo.maven.apache.org/maven2/org/springframework/boot/spring-boot-test-autoconfigure/2.6.3/spring-boot-test-autoconfigure-2.6.3.pom
2026-05-08 18:09:04,801 [Worker-24: Update Maven projects configuration] INFO  o.e.m.c.i.e.AbstractTransferListenerAdapter - Downloaded https://repo.maven.apache.org/maven2/org/springframework/boot/spring-boot-test-autoconfigure/2.6.3/spring-boot-test-autoconfigure-2.6.3.pom
2026-05-08 18:09:04,839 [Worker-24: Update Maven projects configuration] INFO  o.e.m.c.i.e.AbstractTransferListenerAdapter - Downloading https://repo.maven.apache.org/maven2/com/jayway/jsonpath/json-path/2.6.0/json-path-2.6.0.pom
2026-05-08 18:09:04,840 [Worker-24: Update Maven projects configuration] INFO  o.e.m.c.i.e.AbstractTransferListenerAdapter - Downloaded https://repo.maven.apache.org/maven2/com/jayway/jsonpath/json-path/2.6.0/json-path-2.6.0.pom
2026-05-08 18:09:04,881 [Worker-24: Update Maven projects configuration] INFO  o.e.m.c.i.e.AbstractTransferListenerAdapter - Downloading https://repo.maven.apache.org/maven2/net/minidev/json-smart/2.4.7/json-smart-2.4.7.pom
2026-05-08 18:09:04,882 [Worker-24: Update Maven projects configuration] INFO  o.e.m.c.i.e.AbstractTransferListenerAdapter - Downloaded https://repo.maven.apache.org/maven2/net/minidev/json-smart/2.4.7/json-smart-2.4.7.pom
2026-05-08 18:09:04,953 [Worker-24: Update Maven projects configuration] INFO  o.e.m.c.i.e.AbstractTransferListenerAdapter - Downloading https://repo.maven.apache.org/maven2/net/minidev/accessors-smart/2.4.7/accessors-smart-2.4.7.pom
2026-05-08 18:09:04,954 [Worker-24: Update Maven projects configuration] INFO  o.e.m.c.i.e.AbstractTransferListenerAdapter - Downloaded https://repo.maven.apache.org/maven2/net/minidev/accessors-smart/2.4.7/accessors-smart-2.4.7.pom
2026-05-08 18:09:05,003 [Worker-24: Update Maven projects configuration] INFO  o.e.m.c.i.e.AbstractTransferListenerAdapter - Downloading https://repo.maven.apache.org/maven2/org/ow2/asm/asm/9.1/asm-9.1.pom
2026-05-08 18:09:05,005 [Worker-24: Update Maven projects configuration] INFO  o.e.m.c.i.e.AbstractTransferListenerAdapter - Downloaded https://repo.maven.apache.org/maven2/org/ow2/asm/asm/9.1/asm-9.1.pom
2026-05-08 18:09:05,056 [Worker-24: Update Maven projects configuration] INFO  o.e.m.c.i.e.AbstractTransferListenerAdapter - Downloading https://repo.maven.apache.org/maven2/jakarta/activation/jakarta.activation-api/1.2.2/jakarta.activation-api-1.2.2.pom
2026-05-08 18:09:05,059 [Worker-24: Update Maven projects configuration] INFO  o.e.m.c.i.e.AbstractTransferListenerAdapter - Downloaded https://repo.maven.apache.org/maven2/jakarta/activation/jakarta.activation-api/1.2.2/jakarta.activation-api-1.2.2.pom
2026-05-08 18:09:05,121 [Worker-24: Update Maven projects configuration] INFO  o.e.m.c.i.e.AbstractTransferListenerAdapter - Downloading https://repo.maven.apache.org/maven2/org/assertj/assertj-core/3.21.0/assertj-core-3.21.0.pom
2026-05-08 18:09:05,125 [Worker-24: Update Maven projects configuration] INFO  o.e.m.c.i.e.AbstractTransferListenerAdapter - Downloaded https://repo.maven.apache.org/maven2/org/assertj/assertj-core/3.21.0/assertj-core-3.21.0.pom
2026-05-08 18:09:05,174 [Worker-24: Update Maven projects configuration] INFO  o.e.m.c.i.e.AbstractTransferListenerAdapter - Downloading https://repo.maven.apache.org/maven2/org/assertj/assertj-parent-pom/2.2.13/assertj-parent-pom-2.2.13.pom
2026-05-08 18:09:05,176 [Worker-24: Update Maven projects configuration] INFO  o.e.m.c.i.e.AbstractTransferListenerAdapter - Downloaded https://repo.maven.apache.org/maven2/org/assertj/assertj-parent-pom/2.2.13/assertj-parent-pom-2.2.13.pom
2026-05-08 18:09:05,232 [Worker-24: Update Maven projects configuration] INFO  o.e.m.c.i.e.AbstractTransferListenerAdapter - Downloading https://repo.maven.apache.org/maven2/org/junit/junit-bom/5.8.0/junit-bom-5.8.0.pom
2026-05-08 18:09:05,234 [Worker-24: Update Maven projects configuration] INFO  o.e.m.c.i.e.AbstractTransferListenerAdapter - Downloaded https://repo.maven.apache.org/maven2/org/junit/junit-bom/5.8.0/junit-bom-5.8.0.pom
2026-05-08 18:09:05,291 [Worker-24: Update Maven projects configuration] INFO  o.e.m.c.i.e.AbstractTransferListenerAdapter - Downloading https://repo.maven.apache.org/maven2/org/hamcrest/hamcrest/2.2/hamcrest-2.2.pom
2026-05-08 18:09:05,291 [Worker-24: Update Maven projects configuration] INFO  o.e.m.c.i.e.AbstractTransferListenerAdapter - Downloaded https://repo.maven.apache.org/maven2/org/hamcrest/hamcrest/2.2/hamcrest-2.2.pom
2026-05-08 18:09:05,330 [Worker-24: Update Maven projects configuration] INFO  o.e.m.c.i.e.AbstractTransferListenerAdapter - Downloading https://repo.maven.apache.org/maven2/org/junit/jupiter/junit-jupiter/5.8.2/junit-jupiter-5.8.2.pom
2026-05-08 18:09:05,330 [Worker-24: Update Maven projects configuration] INFO  o.e.m.c.i.e.AbstractTransferListenerAdapter - Downloaded https://repo.maven.apache.org/maven2/org/junit/jupiter/junit-jupiter/5.8.2/junit-jupiter-5.8.2.pom
2026-05-08 18:09:05,366 [Worker-24: Update Maven projects configuration] INFO  o.e.m.c.i.e.AbstractTransferListenerAdapter - Downloading https://repo.maven.apache.org/maven2/org/junit/jupiter/junit-jupiter-api/5.8.2/junit-jupiter-api-5.8.2.pom
2026-05-08 18:09:05,367 [Worker-24: Update Maven projects configuration] INFO  o.e.m.c.i.e.AbstractTransferListenerAdapter - Downloaded https://repo.maven.apache.org/maven2/org/junit/jupiter/junit-jupiter-api/5.8.2/junit-jupiter-api-5.8.2.pom
2026-05-08 18:09:05,412 [Worker-24: Update Maven projects configuration] INFO  o.e.m.c.i.e.AbstractTransferListenerAdapter - Downloading https://repo.maven.apache.org/maven2/org/opentest4j/opentest4j/1.2.0/opentest4j-1.2.0.pom
2026-05-08 18:09:05,414 [Worker-24: Update Maven projects configuration] INFO  o.e.m.c.i.e.AbstractTransferListenerAdapter - Downloaded https://repo.maven.apache.org/maven2/org/opentest4j/opentest4j/1.2.0/opentest4j-1.2.0.pom
2026-05-08 18:09:05,462 [Worker-24: Update Maven projects configuration] INFO  o.e.m.c.i.e.AbstractTransferListenerAdapter - Downloading https://repo.maven.apache.org/maven2/org/junit/platform/junit-platform-commons/1.8.2/junit-platform-commons-1.8.2.pom
2026-05-08 18:09:05,464 [Worker-24: Update Maven projects configuration] INFO  o.e.m.c.i.e.AbstractTransferListenerAdapter - Downloaded https://repo.maven.apache.org/maven2/org/junit/platform/junit-platform-commons/1.8.2/junit-platform-commons-1.8.2.pom
2026-05-08 18:09:05,518 [Worker-24: Update Maven projects configuration] INFO  o.e.m.c.i.e.AbstractTransferListenerAdapter - Downloading https://repo.maven.apache.org/maven2/org/junit/jupiter/junit-jupiter-params/5.8.2/junit-jupiter-params-5.8.2.pom
2026-05-08 18:09:05,520 [Worker-24: Update Maven projects configuration] INFO  o.e.m.c.i.e.AbstractTransferListenerAdapter - Downloaded https://repo.maven.apache.org/maven2/org/junit/jupiter/junit-jupiter-params/5.8.2/junit-jupiter-params-5.8.2.pom
2026-05-08 18:09:05,567 [Worker-24: Update Maven projects configuration] INFO  o.e.m.c.i.e.AbstractTransferListenerAdapter - Downloading https://repo.maven.apache.org/maven2/org/junit/jupiter/junit-jupiter-engine/5.8.2/junit-jupiter-engine-5.8.2.pom
2026-05-08 18:09:05,570 [Worker-24: Update Maven projects configuration] INFO  o.e.m.c.i.e.AbstractTransferListenerAdapter - Downloaded https://repo.maven.apache.org/maven2/org/junit/jupiter/junit-jupiter-engine/5.8.2/junit-jupiter-engine-5.8.2.pom
2026-05-08 18:09:05,627 [Worker-24: Update Maven projects configuration] INFO  o.e.m.c.i.e.AbstractTransferListenerAdapter - Downloading https://repo.maven.apache.org/maven2/org/junit/platform/junit-platform-engine/1.8.2/junit-platform-engine-1.8.2.pom
2026-05-08 18:09:05,629 [Worker-24: Update Maven projects configuration] INFO  o.e.m.c.i.e.AbstractTransferListenerAdapter - Downloaded https://repo.maven.apache.org/maven2/org/junit/platform/junit-platform-engine/1.8.2/junit-platform-engine-1.8.2.pom
2026-05-08 18:09:05,677 [Worker-24: Update Maven projects configuration] INFO  o.e.m.c.i.e.AbstractTransferListenerAdapter - Downloading https://repo.maven.apache.org/maven2/org/mockito/mockito-core/4.0.0/mockito-core-4.0.0.pom
2026-05-08 18:09:05,679 [Worker-24: Update Maven projects configuration] INFO  o.e.m.c.i.e.AbstractTransferListenerAdapter - Downloaded https://repo.maven.apache.org/maven2/org/mockito/mockito-core/4.0.0/mockito-core-4.0.0.pom
2026-05-08 18:09:05,734 [Worker-24: Update Maven projects configuration] INFO  o.e.m.c.i.e.AbstractTransferListenerAdapter - Downloading https://repo.maven.apache.org/maven2/net/bytebuddy/byte-buddy-agent/1.11.22/byte-buddy-agent-1.11.22.pom
2026-05-08 18:09:05,738 [Worker-24: Update Maven projects configuration] INFO  o.e.m.c.i.e.AbstractTransferListenerAdapter - Downloaded https://repo.maven.apache.org/maven2/net/bytebuddy/byte-buddy-agent/1.11.22/byte-buddy-agent-1.11.22.pom
2026-05-08 18:09:05,798 [Worker-24: Update Maven projects configuration] INFO  o.e.m.c.i.e.AbstractTransferListenerAdapter - Downloading https://repo.maven.apache.org/maven2/org/objenesis/objenesis/3.2/objenesis-3.2.pom
2026-05-08 18:09:05,799 [Worker-24: Update Maven projects configuration] INFO  o.e.m.c.i.e.AbstractTransferListenerAdapter - Downloaded https://repo.maven.apache.org/maven2/org/objenesis/objenesis/3.2/objenesis-3.2.pom
2026-05-08 18:09:05,844 [Worker-24: Update Maven projects configuration] INFO  o.e.m.c.i.e.AbstractTransferListenerAdapter - Downloading https://repo.maven.apache.org/maven2/org/objenesis/objenesis-parent/3.2/objenesis-parent-3.2.pom
2026-05-08 18:09:05,847 [Worker-24: Update Maven projects configuration] INFO  o.e.m.c.i.e.AbstractTransferListenerAdapter - Downloaded https://repo.maven.apache.org/maven2/org/objenesis/objenesis-parent/3.2/objenesis-parent-3.2.pom
2026-05-08 18:09:05,896 [Worker-24: Update Maven projects configuration] INFO  o.e.m.c.i.e.AbstractTransferListenerAdapter - Downloading https://repo.maven.apache.org/maven2/org/mockito/mockito-junit-jupiter/4.0.0/mockito-junit-jupiter-4.0.0.pom
2026-05-08 18:09:05,898 [Worker-24: Update Maven projects configuration] INFO  o.e.m.c.i.e.AbstractTransferListenerAdapter - Downloaded https://repo.maven.apache.org/maven2/org/mockito/mockito-junit-jupiter/4.0.0/mockito-junit-jupiter-4.0.0.pom
2026-05-08 18:09:05,942 [Worker-24: Update Maven projects configuration] INFO  o.e.m.c.i.e.AbstractTransferListenerAdapter - Downloading https://repo.maven.apache.org/maven2/org/skyscreamer/jsonassert/1.5.0/jsonassert-1.5.0.pom
2026-05-08 18:09:05,944 [Worker-24: Update Maven projects configuration] INFO  o.e.m.c.i.e.AbstractTransferListenerAdapter - Downloaded https://repo.maven.apache.org/maven2/org/skyscreamer/jsonassert/1.5.0/jsonassert-1.5.0.pom
2026-05-08 18:09:06,000 [Worker-24: Update Maven projects configuration] INFO  o.e.m.c.i.e.AbstractTransferListenerAdapter - Downloading https://repo.maven.apache.org/maven2/com/vaadin/external/google/android-json/0.0.20131108.vaadin1/android-json-0.0.20131108.vaadin1.pom
2026-05-08 18:09:06,003 [Worker-24: Update Maven projects configuration] INFO  o.e.m.c.i.e.AbstractTransferListenerAdapter - Downloaded https://repo.maven.apache.org/maven2/com/vaadin/external/google/android-json/0.0.20131108.vaadin1/android-json-0.0.20131108.vaadin1.pom
2026-05-08 18:09:06,052 [Worker-24: Update Maven projects configuration] INFO  o.e.m.c.i.e.AbstractTransferListenerAdapter - Downloading https://repo.maven.apache.org/maven2/org/springframework/spring-test/5.3.15/spring-test-5.3.15.pom
2026-05-08 18:09:06,053 [Worker-24: Update Maven projects configuration] INFO  o.e.m.c.i.e.AbstractTransferListenerAdapter - Downloaded https://repo.maven.apache.org/maven2/org/springframework/spring-test/5.3.15/spring-test-5.3.15.pom
2026-05-08 18:09:06,092 [Worker-24: Update Maven projects configuration] INFO  o.e.m.c.i.e.AbstractTransferListenerAdapter - Downloading https://repo.maven.apache.org/maven2/org/xmlunit/xmlunit-core/2.8.4/xmlunit-core-2.8.4.pom
2026-05-08 18:09:06,093 [Worker-24: Update Maven projects configuration] INFO  o.e.m.c.i.e.AbstractTransferListenerAdapter - Downloaded https://repo.maven.apache.org/maven2/org/xmlunit/xmlunit-core/2.8.4/xmlunit-core-2.8.4.pom
2026-05-08 18:09:06,145 [Worker-24: Update Maven projects configuration] INFO  o.e.m.c.i.e.AbstractTransferListenerAdapter - Downloading https://repo.maven.apache.org/maven2/org/xmlunit/xmlunit-parent/2.8.4/xmlunit-parent-2.8.4.pom
2026-05-08 18:09:06,147 [Worker-24: Update Maven projects configuration] INFO  o.e.m.c.i.e.AbstractTransferListenerAdapter - Downloaded https://repo.maven.apache.org/maven2/org/xmlunit/xmlunit-parent/2.8.4/xmlunit-parent-2.8.4.pom
2026-05-08 18:09:06,266 [Worker-24: Update Maven projects configuration] INFO  o.e.m.c.i.e.AbstractTransferListenerAdapter - Downloading https://repo.maven.apache.org/maven2/org/springframework/security/spring-security-test/5.6.1/spring-security-test-5.6.1.pom
2026-05-08 18:09:06,268 [Worker-24: Update Maven projects configuration] INFO  o.e.m.c.i.e.AbstractTransferListenerAdapter - Downloaded https://repo.maven.apache.org/maven2/org/springframework/security/spring-security-test/5.6.1/spring-security-test-5.6.1.pom
2026-05-08 18:09:06,343 [BasicRepositoryConnector-repo.maven.apache.org-1-3] INFO  o.e.m.c.i.e.AbstractTransferListenerAdapter - Downloading https://repo.maven.apache.org/maven2/org/springframework/boot/spring-boot-starter-jdbc/2.6.3/spring-boot-starter-jdbc-2.6.3.jar
2026-05-08 18:09:06,343 [BasicRepositoryConnector-repo.maven.apache.org-1-0] INFO  o.e.m.c.i.e.AbstractTransferListenerAdapter - Downloading https://repo.maven.apache.org/maven2/org/springframework/boot/spring-boot-starter-data-jpa/2.6.3/spring-boot-starter-data-jpa-2.6.3.jar
2026-05-08 18:09:06,344 [BasicRepositoryConnector-repo.maven.apache.org-1-3] INFO  o.e.m.c.i.e.AbstractTransferListenerAdapter - Downloaded https://repo.maven.apache.org/maven2/org/springframework/boot/spring-boot-starter-jdbc/2.6.3/spring-boot-starter-jdbc-2.6.3.jar
2026-05-08 18:09:06,344 [BasicRepositoryConnector-repo.maven.apache.org-1-0] INFO  o.e.m.c.i.e.AbstractTransferListenerAdapter - Downloaded https://repo.maven.apache.org/maven2/org/springframework/boot/spring-boot-starter-data-jpa/2.6.3/spring-boot-starter-data-jpa-2.6.3.jar
2026-05-08 18:09:06,346 [BasicRepositoryConnector-repo.maven.apache.org-1-4] INFO  o.e.m.c.i.e.AbstractTransferListenerAdapter - Downloading https://repo.maven.apache.org/maven2/com/zaxxer/HikariCP/4.0.3/HikariCP-4.0.3.jar
2026-05-08 18:09:06,349 [BasicRepositoryConnector-repo.maven.apache.org-1-1] INFO  o.e.m.c.i.e.AbstractTransferListenerAdapter - Downloading https://repo.maven.apache.org/maven2/org/springframework/boot/spring-boot-starter-aop/2.6.3/spring-boot-starter-aop-2.6.3.jar
2026-05-08 18:09:06,349 [BasicRepositoryConnector-repo.maven.apache.org-1-1] INFO  o.e.m.c.i.e.AbstractTransferListenerAdapter - Downloaded https://repo.maven.apache.org/maven2/org/springframework/boot/spring-boot-starter-aop/2.6.3/spring-boot-starter-aop-2.6.3.jar
2026-05-08 18:09:06,368 [BasicRepositoryConnector-repo.maven.apache.org-1-2] INFO  o.e.m.c.i.e.AbstractTransferListenerAdapter - Downloading https://repo.maven.apache.org/maven2/org/aspectj/aspectjweaver/1.9.7/aspectjweaver-1.9.7.jar
2026-05-08 18:09:06,395 [BasicRepositoryConnector-repo.maven.apache.org-1-4] INFO  o.e.m.c.i.e.AbstractTransferListenerAdapter - Downloaded https://repo.maven.apache.org/maven2/com/zaxxer/HikariCP/4.0.3/HikariCP-4.0.3.jar
2026-05-08 18:09:06,398 [BasicRepositoryConnector-repo.maven.apache.org-1-0] INFO  o.e.m.c.i.e.AbstractTransferListenerAdapter - Downloading https://repo.maven.apache.org/maven2/jakarta/transaction/jakarta.transaction-api/1.3.3/jakarta.transaction-api-1.3.3.jar
2026-05-08 18:09:06,399 [BasicRepositoryConnector-repo.maven.apache.org-1-0] INFO  o.e.m.c.i.e.AbstractTransferListenerAdapter - Downloaded https://repo.maven.apache.org/maven2/jakarta/transaction/jakarta.transaction-api/1.3.3/jakarta.transaction-api-1.3.3.jar
2026-05-08 18:09:06,399 [BasicRepositoryConnector-repo.maven.apache.org-1-3] INFO  o.e.m.c.i.e.AbstractTransferListenerAdapter - Downloading https://repo.maven.apache.org/maven2/org/springframework/spring-jdbc/5.3.15/spring-jdbc-5.3.15.jar
2026-05-08 18:09:06,405 [BasicRepositoryConnector-repo.maven.apache.org-1-1] INFO  o.e.m.c.i.e.AbstractTransferListenerAdapter - Downloading https://repo.maven.apache.org/maven2/jakarta/persistence/jakarta.persistence-api/2.2.3/jakarta.persistence-api-2.2.3.jar
2026-05-08 18:09:06,455 [BasicRepositoryConnector-repo.maven.apache.org-1-4] INFO  o.e.m.c.i.e.AbstractTransferListenerAdapter - Downloading https://repo.maven.apache.org/maven2/org/hibernate/hibernate-core/5.6.4.Final/hibernate-core-5.6.4.Final.jar
2026-05-08 18:09:06,478 [BasicRepositoryConnector-repo.maven.apache.org-1-0] INFO  o.e.m.c.i.e.AbstractTransferListenerAdapter - Downloading https://repo.maven.apache.org/maven2/org/jboss/logging/jboss-logging/3.4.3.Final/jboss-logging-3.4.3.Final.jar
2026-05-08 18:09:06,497 [BasicRepositoryConnector-repo.maven.apache.org-1-0] INFO  o.e.m.c.i.e.AbstractTransferListenerAdapter - Downloaded https://repo.maven.apache.org/maven2/org/jboss/logging/jboss-logging/3.4.3.Final/jboss-logging-3.4.3.Final.jar
2026-05-08 18:09:06,525 [BasicRepositoryConnector-repo.maven.apache.org-1-1] INFO  o.e.m.c.i.e.AbstractTransferListenerAdapter - Downloaded https://repo.maven.apache.org/maven2/jakarta/persistence/jakarta.persistence-api/2.2.3/jakarta.persistence-api-2.2.3.jar
2026-05-08 18:09:06,603 [BasicRepositoryConnector-repo.maven.apache.org-1-0] INFO  o.e.m.c.i.e.AbstractTransferListenerAdapter - Downloading https://repo.maven.apache.org/maven2/net/bytebuddy/byte-buddy/1.11.22/byte-buddy-1.11.22.jar
2026-05-08 18:09:06,670 [BasicRepositoryConnector-repo.maven.apache.org-1-1] INFO  o.e.m.c.i.e.AbstractTransferListenerAdapter - Downloading https://repo.maven.apache.org/maven2/antlr/antlr/2.7.7/antlr-2.7.7.jar
2026-05-08 18:09:06,855 [BasicRepositoryConnector-repo.maven.apache.org-1-3] INFO  o.e.m.c.i.e.AbstractTransferListenerAdapter - Downloaded https://repo.maven.apache.org/maven2/org/springframework/spring-jdbc/5.3.15/spring-jdbc-5.3.15.jar
2026-05-08 18:09:06,978 [BasicRepositoryConnector-repo.maven.apache.org-1-3] INFO  o.e.m.c.i.e.AbstractTransferListenerAdapter - Downloading https://repo.maven.apache.org/maven2/org/jboss/jandex/2.4.2.Final/jandex-2.4.2.Final.jar
2026-05-08 18:09:07,155 [BasicRepositoryConnector-repo.maven.apache.org-1-1] INFO  o.e.m.c.i.e.AbstractTransferListenerAdapter - Downloaded https://repo.maven.apache.org/maven2/antlr/antlr/2.7.7/antlr-2.7.7.jar
2026-05-08 18:09:07,207 [BasicRepositoryConnector-repo.maven.apache.org-1-3] INFO  o.e.m.c.i.e.AbstractTransferListenerAdapter - Downloaded https://repo.maven.apache.org/maven2/org/jboss/jandex/2.4.2.Final/jandex-2.4.2.Final.jar
2026-05-08 18:09:07,261 [BasicRepositoryConnector-repo.maven.apache.org-1-1] INFO  o.e.m.c.i.e.AbstractTransferListenerAdapter - Downloading https://repo.maven.apache.org/maven2/com/fasterxml/classmate/1.5.1/classmate-1.5.1.jar
2026-05-08 18:09:07,291 [BasicRepositoryConnector-repo.maven.apache.org-1-1] INFO  o.e.m.c.i.e.AbstractTransferListenerAdapter - Downloaded https://repo.maven.apache.org/maven2/com/fasterxml/classmate/1.5.1/classmate-1.5.1.jar
2026-05-08 18:09:07,333 [BasicRepositoryConnector-repo.maven.apache.org-1-3] INFO  o.e.m.c.i.e.AbstractTransferListenerAdapter - Downloading https://repo.maven.apache.org/maven2/org/hibernate/common/hibernate-commons-annotations/5.1.2.Final/hibernate-commons-annotations-5.1.2.Final.jar
2026-05-08 18:09:07,367 [BasicRepositoryConnector-repo.maven.apache.org-1-3] INFO  o.e.m.c.i.e.AbstractTransferListenerAdapter - Downloaded https://repo.maven.apache.org/maven2/org/hibernate/common/hibernate-commons-annotations/5.1.2.Final/hibernate-commons-annotations-5.1.2.Final.jar
2026-05-08 18:09:07,382 [BasicRepositoryConnector-repo.maven.apache.org-1-1] INFO  o.e.m.c.i.e.AbstractTransferListenerAdapter - Downloading https://repo.maven.apache.org/maven2/org/glassfish/jaxb/jaxb-runtime/2.3.5/jaxb-runtime-2.3.5.jar
2026-05-08 18:09:07,482 [BasicRepositoryConnector-repo.maven.apache.org-1-3] INFO  o.e.m.c.i.e.AbstractTransferListenerAdapter - Downloading https://repo.maven.apache.org/maven2/org/glassfish/jaxb/txw2/2.3.5/txw2-2.3.5.jar
2026-05-08 18:09:07,519 [BasicRepositoryConnector-repo.maven.apache.org-1-3] INFO  o.e.m.c.i.e.AbstractTransferListenerAdapter - Downloaded https://repo.maven.apache.org/maven2/org/glassfish/jaxb/txw2/2.3.5/txw2-2.3.5.jar
2026-05-08 18:09:07,730 [BasicRepositoryConnector-repo.maven.apache.org-1-3] INFO  o.e.m.c.i.e.AbstractTransferListenerAdapter - Downloading https://repo.maven.apache.org/maven2/com/sun/istack/istack-commons-runtime/3.0.12/istack-commons-runtime-3.0.12.jar
2026-05-08 18:09:07,782 [BasicRepositoryConnector-repo.maven.apache.org-1-3] INFO  o.e.m.c.i.e.AbstractTransferListenerAdapter - Downloaded https://repo.maven.apache.org/maven2/com/sun/istack/istack-commons-runtime/3.0.12/istack-commons-runtime-3.0.12.jar
2026-05-08 18:09:07,988 [BasicRepositoryConnector-repo.maven.apache.org-1-3] INFO  o.e.m.c.i.e.AbstractTransferListenerAdapter - Downloading https://repo.maven.apache.org/maven2/com/sun/activation/jakarta.activation/1.2.2/jakarta.activation-1.2.2.jar
2026-05-08 18:09:08,083 [BasicRepositoryConnector-repo.maven.apache.org-1-3] INFO  o.e.m.c.i.e.AbstractTransferListenerAdapter - Downloaded https://repo.maven.apache.org/maven2/com/sun/activation/jakarta.activation/1.2.2/jakarta.activation-1.2.2.jar
2026-05-08 18:09:08,290 [BasicRepositoryConnector-repo.maven.apache.org-1-3] INFO  o.e.m.c.i.e.AbstractTransferListenerAdapter - Downloading https://repo.maven.apache.org/maven2/org/springframework/data/spring-data-jpa/2.6.1/spring-data-jpa-2.6.1.jar
2026-05-08 18:09:08,632 [BasicRepositoryConnector-repo.maven.apache.org-1-3] INFO  o.e.m.c.i.e.AbstractTransferListenerAdapter - Downloaded https://repo.maven.apache.org/maven2/org/springframework/data/spring-data-jpa/2.6.1/spring-data-jpa-2.6.1.jar
2026-05-08 18:09:08,718 [BasicRepositoryConnector-repo.maven.apache.org-1-3] INFO  o.e.m.c.i.e.AbstractTransferListenerAdapter - Downloading https://repo.maven.apache.org/maven2/org/springframework/data/spring-data-commons/2.6.1/spring-data-commons-2.6.1.jar
2026-05-08 18:09:08,778 [BasicRepositoryConnector-repo.maven.apache.org-1-1] INFO  o.e.m.c.i.e.AbstractTransferListenerAdapter - Downloaded https://repo.maven.apache.org/maven2/org/glassfish/jaxb/jaxb-runtime/2.3.5/jaxb-runtime-2.3.5.jar
2026-05-08 18:09:08,886 [BasicRepositoryConnector-repo.maven.apache.org-1-1] INFO  o.e.m.c.i.e.AbstractTransferListenerAdapter - Downloading https://repo.maven.apache.org/maven2/org/springframework/spring-orm/5.3.15/spring-orm-5.3.15.jar
2026-05-08 18:09:08,890 [BasicRepositoryConnector-repo.maven.apache.org-1-4] INFO  o.e.m.c.i.e.AbstractTransferListenerAdapter - Downloaded https://repo.maven.apache.org/maven2/org/hibernate/hibernate-core/5.6.4.Final/hibernate-core-5.6.4.Final.jar
2026-05-08 18:09:08,952 [BasicRepositoryConnector-repo.maven.apache.org-1-2] INFO  o.e.m.c.i.e.AbstractTransferListenerAdapter - Downloaded https://repo.maven.apache.org/maven2/org/aspectj/aspectjweaver/1.9.7/aspectjweaver-1.9.7.jar
2026-05-08 18:09:08,959 [BasicRepositoryConnector-repo.maven.apache.org-1-4] INFO  o.e.m.c.i.e.AbstractTransferListenerAdapter - Downloading https://repo.maven.apache.org/maven2/org/springframework/spring-context/5.3.15/spring-context-5.3.15.jar
2026-05-08 18:09:09,015 [BasicRepositoryConnector-repo.maven.apache.org-1-1] INFO  o.e.m.c.i.e.AbstractTransferListenerAdapter - Downloaded https://repo.maven.apache.org/maven2/org/springframework/spring-orm/5.3.15/spring-orm-5.3.15.jar
2026-05-08 18:09:09,069 [BasicRepositoryConnector-repo.maven.apache.org-1-2] INFO  o.e.m.c.i.e.AbstractTransferListenerAdapter - Downloading https://repo.maven.apache.org/maven2/org/springframework/spring-tx/5.3.15/spring-tx-5.3.15.jar
2026-05-08 18:09:09,089 [BasicRepositoryConnector-repo.maven.apache.org-1-1] INFO  o.e.m.c.i.e.AbstractTransferListenerAdapter - Downloading https://repo.maven.apache.org/maven2/org/springframework/spring-beans/5.3.15/spring-beans-5.3.15.jar
2026-05-08 18:09:09,319 [BasicRepositoryConnector-repo.maven.apache.org-1-4] INFO  o.e.m.c.i.e.AbstractTransferListenerAdapter - Downloaded https://repo.maven.apache.org/maven2/org/springframework/spring-context/5.3.15/spring-context-5.3.15.jar
2026-05-08 18:09:09,332 [BasicRepositoryConnector-repo.maven.apache.org-1-2] INFO  o.e.m.c.i.e.AbstractTransferListenerAdapter - Downloaded https://repo.maven.apache.org/maven2/org/springframework/spring-tx/5.3.15/spring-tx-5.3.15.jar
2026-05-08 18:09:09,382 [BasicRepositoryConnector-repo.maven.apache.org-1-4] INFO  o.e.m.c.i.e.AbstractTransferListenerAdapter - Downloading https://repo.maven.apache.org/maven2/org/springframework/spring-aspects/5.3.15/spring-aspects-5.3.15.jar
2026-05-08 18:09:09,391 [BasicRepositoryConnector-repo.maven.apache.org-1-4] INFO  o.e.m.c.i.e.AbstractTransferListenerAdapter - Downloaded https://repo.maven.apache.org/maven2/org/springframework/spring-aspects/5.3.15/spring-aspects-5.3.15.jar
2026-05-08 18:09:09,393 [BasicRepositoryConnector-repo.maven.apache.org-1-2] INFO  o.e.m.c.i.e.AbstractTransferListenerAdapter - Downloading https://repo.maven.apache.org/maven2/org/springframework/boot/spring-boot-starter-security/2.6.3/spring-boot-starter-security-2.6.3.jar
2026-05-08 18:09:09,395 [BasicRepositoryConnector-repo.maven.apache.org-1-2] INFO  o.e.m.c.i.e.AbstractTransferListenerAdapter - Downloaded https://repo.maven.apache.org/maven2/org/springframework/boot/spring-boot-starter-security/2.6.3/spring-boot-starter-security-2.6.3.jar
2026-05-08 18:09:09,441 [BasicRepositoryConnector-repo.maven.apache.org-1-4] INFO  o.e.m.c.i.e.AbstractTransferListenerAdapter - Downloading https://repo.maven.apache.org/maven2/org/springframework/boot/spring-boot-starter/2.6.3/spring-boot-starter-2.6.3.jar
2026-05-08 18:09:09,443 [BasicRepositoryConnector-repo.maven.apache.org-1-4] INFO  o.e.m.c.i.e.AbstractTransferListenerAdapter - Downloaded https://repo.maven.apache.org/maven2/org/springframework/boot/spring-boot-starter/2.6.3/spring-boot-starter-2.6.3.jar
2026-05-08 18:09:09,465 [BasicRepositoryConnector-repo.maven.apache.org-1-2] INFO  o.e.m.c.i.e.AbstractTransferListenerAdapter - Downloading https://repo.maven.apache.org/maven2/org/springframework/boot/spring-boot-starter-logging/2.6.3/spring-boot-starter-logging-2.6.3.jar
2026-05-08 18:09:09,467 [BasicRepositoryConnector-repo.maven.apache.org-1-2] INFO  o.e.m.c.i.e.AbstractTransferListenerAdapter - Downloaded https://repo.maven.apache.org/maven2/org/springframework/boot/spring-boot-starter-logging/2.6.3/spring-boot-starter-logging-2.6.3.jar
2026-05-08 18:09:09,492 [BasicRepositoryConnector-repo.maven.apache.org-1-4] INFO  o.e.m.c.i.e.AbstractTransferListenerAdapter - Downloading https://repo.maven.apache.org/maven2/ch/qos/logback/logback-classic/1.2.10/logback-classic-1.2.10.jar
2026-05-08 18:09:09,529 [BasicRepositoryConnector-repo.maven.apache.org-1-2] INFO  o.e.m.c.i.e.AbstractTransferListenerAdapter - Downloading https://repo.maven.apache.org/maven2/ch/qos/logback/logback-core/1.2.10/logback-core-1.2.10.jar
2026-05-08 18:09:09,569 [BasicRepositoryConnector-repo.maven.apache.org-1-4] INFO  o.e.m.c.i.e.AbstractTransferListenerAdapter - Downloaded https://repo.maven.apache.org/maven2/ch/qos/logback/logback-classic/1.2.10/logback-classic-1.2.10.jar
2026-05-08 18:09:09,613 [BasicRepositoryConnector-repo.maven.apache.org-1-1] INFO  o.e.m.c.i.e.AbstractTransferListenerAdapter - Downloaded https://repo.maven.apache.org/maven2/org/springframework/spring-beans/5.3.15/spring-beans-5.3.15.jar
2026-05-08 18:09:09,614 [BasicRepositoryConnector-repo.maven.apache.org-1-3] INFO  o.e.m.c.i.e.AbstractTransferListenerAdapter - Downloaded https://repo.maven.apache.org/maven2/org/springframework/data/spring-data-commons/2.6.1/spring-data-commons-2.6.1.jar
2026-05-08 18:09:09,644 [BasicRepositoryConnector-repo.maven.apache.org-1-4] INFO  o.e.m.c.i.e.AbstractTransferListenerAdapter - Downloading https://repo.maven.apache.org/maven2/org/apache/logging/log4j/log4j-to-slf4j/2.17.1/log4j-to-slf4j-2.17.1.jar
2026-05-08 18:09:09,646 [BasicRepositoryConnector-repo.maven.apache.org-1-4] INFO  o.e.m.c.i.e.AbstractTransferListenerAdapter - Downloaded https://repo.maven.apache.org/maven2/org/apache/logging/log4j/log4j-to-slf4j/2.17.1/log4j-to-slf4j-2.17.1.jar
2026-05-08 18:09:09,658 [BasicRepositoryConnector-repo.maven.apache.org-1-1] INFO  o.e.m.c.i.e.AbstractTransferListenerAdapter - Downloading https://repo.maven.apache.org/maven2/org/apache/logging/log4j/log4j-api/2.17.1/log4j-api-2.17.1.jar
2026-05-08 18:09:09,661 [BasicRepositoryConnector-repo.maven.apache.org-1-3] INFO  o.e.m.c.i.e.AbstractTransferListenerAdapter - Downloading https://repo.maven.apache.org/maven2/org/slf4j/jul-to-slf4j/1.7.33/jul-to-slf4j-1.7.33.jar
2026-05-08 18:09:09,662 [BasicRepositoryConnector-repo.maven.apache.org-1-3] INFO  o.e.m.c.i.e.AbstractTransferListenerAdapter - Downloaded https://repo.maven.apache.org/maven2/org/slf4j/jul-to-slf4j/1.7.33/jul-to-slf4j-1.7.33.jar
2026-05-08 18:09:09,693 [BasicRepositoryConnector-repo.maven.apache.org-1-4] INFO  o.e.m.c.i.e.AbstractTransferListenerAdapter - Downloading https://repo.maven.apache.org/maven2/jakarta/annotation/jakarta.annotation-api/1.3.5/jakarta.annotation-api-1.3.5.jar
2026-05-08 18:09:09,697 [BasicRepositoryConnector-repo.maven.apache.org-1-4] INFO  o.e.m.c.i.e.AbstractTransferListenerAdapter - Downloaded https://repo.maven.apache.org/maven2/jakarta/annotation/jakarta.annotation-api/1.3.5/jakarta.annotation-api-1.3.5.jar
2026-05-08 18:09:09,716 [BasicRepositoryConnector-repo.maven.apache.org-1-3] INFO  o.e.m.c.i.e.AbstractTransferListenerAdapter - Downloading https://repo.maven.apache.org/maven2/org/yaml/snakeyaml/1.29/snakeyaml-1.29.jar
2026-05-08 18:09:09,750 [BasicRepositoryConnector-repo.maven.apache.org-1-4] INFO  o.e.m.c.i.e.AbstractTransferListenerAdapter - Downloading https://repo.maven.apache.org/maven2/org/springframework/spring-aop/5.3.15/spring-aop-5.3.15.jar
2026-05-08 18:09:09,826 [BasicRepositoryConnector-repo.maven.apache.org-1-2] INFO  o.e.m.c.i.e.AbstractTransferListenerAdapter - Downloaded https://repo.maven.apache.org/maven2/ch/qos/logback/logback-core/1.2.10/logback-core-1.2.10.jar
2026-05-08 18:09:09,883 [BasicRepositoryConnector-repo.maven.apache.org-1-4] INFO  o.e.m.c.i.e.AbstractTransferListenerAdapter - Downloaded https://repo.maven.apache.org/maven2/org/springframework/spring-aop/5.3.15/spring-aop-5.3.15.jar
2026-05-08 18:09:09,887 [BasicRepositoryConnector-repo.maven.apache.org-1-1] INFO  o.e.m.c.i.e.AbstractTransferListenerAdapter - Downloaded https://repo.maven.apache.org/maven2/org/apache/logging/log4j/log4j-api/2.17.1/log4j-api-2.17.1.jar
2026-05-08 18:09:09,924 [BasicRepositoryConnector-repo.maven.apache.org-1-2] INFO  o.e.m.c.i.e.AbstractTransferListenerAdapter - Downloading https://repo.maven.apache.org/maven2/org/springframework/security/spring-security-config/5.6.1/spring-security-config-5.6.1.jar
2026-05-08 18:09:09,934 [BasicRepositoryConnector-repo.maven.apache.org-1-3] INFO  o.e.m.c.i.e.AbstractTransferListenerAdapter - Downloaded https://repo.maven.apache.org/maven2/org/yaml/snakeyaml/1.29/snakeyaml-1.29.jar
2026-05-08 18:09:09,942 [BasicRepositoryConnector-repo.maven.apache.org-1-1] INFO  o.e.m.c.i.e.AbstractTransferListenerAdapter - Downloading https://repo.maven.apache.org/maven2/org/springframework/spring-expression/5.3.15/spring-expression-5.3.15.jar
2026-05-08 18:09:09,949 [BasicRepositoryConnector-repo.maven.apache.org-1-4] INFO  o.e.m.c.i.e.AbstractTransferListenerAdapter - Downloading https://repo.maven.apache.org/maven2/org/springframework/security/spring-security-web/5.6.1/spring-security-web-5.6.1.jar
2026-05-08 18:09:10,006 [BasicRepositoryConnector-repo.maven.apache.org-1-3] INFO  o.e.m.c.i.e.AbstractTransferListenerAdapter - Downloading https://repo.maven.apache.org/maven2/org/springframework/boot/spring-boot-starter-thymeleaf/2.6.3/spring-boot-starter-thymeleaf-2.6.3.jar
2026-05-08 18:09:10,007 [BasicRepositoryConnector-repo.maven.apache.org-1-3] INFO  o.e.m.c.i.e.AbstractTransferListenerAdapter - Downloaded https://repo.maven.apache.org/maven2/org/springframework/boot/spring-boot-starter-thymeleaf/2.6.3/spring-boot-starter-thymeleaf-2.6.3.jar
2026-05-08 18:09:10,116 [BasicRepositoryConnector-repo.maven.apache.org-1-3] INFO  o.e.m.c.i.e.AbstractTransferListenerAdapter - Downloading https://repo.maven.apache.org/maven2/org/thymeleaf/thymeleaf-spring5/3.0.14.RELEASE/thymeleaf-spring5-3.0.14.RELEASE.jar
2026-05-08 18:09:10,225 [BasicRepositoryConnector-repo.maven.apache.org-1-1] INFO  o.e.m.c.i.e.AbstractTransferListenerAdapter - Downloaded https://repo.maven.apache.org/maven2/org/springframework/spring-expression/5.3.15/spring-expression-5.3.15.jar
2026-05-08 18:09:10,228 [BasicRepositoryConnector-repo.maven.apache.org-1-4] INFO  o.e.m.c.i.e.AbstractTransferListenerAdapter - Downloaded https://repo.maven.apache.org/maven2/org/springframework/security/spring-security-web/5.6.1/spring-security-web-5.6.1.jar
2026-05-08 18:09:10,244 [BasicRepositoryConnector-repo.maven.apache.org-1-3] INFO  o.e.m.c.i.e.AbstractTransferListenerAdapter - Downloaded https://repo.maven.apache.org/maven2/org/thymeleaf/thymeleaf-spring5/3.0.14.RELEASE/thymeleaf-spring5-3.0.14.RELEASE.jar
2026-05-08 18:09:10,305 [BasicRepositoryConnector-repo.maven.apache.org-1-1] INFO  o.e.m.c.i.e.AbstractTransferListenerAdapter - Downloading https://repo.maven.apache.org/maven2/org/thymeleaf/thymeleaf/3.0.14.RELEASE/thymeleaf-3.0.14.RELEASE.jar
2026-05-08 18:09:10,345 [BasicRepositoryConnector-repo.maven.apache.org-1-4] INFO  o.e.m.c.i.e.AbstractTransferListenerAdapter - Downloading https://repo.maven.apache.org/maven2/org/attoparser/attoparser/2.0.5.RELEASE/attoparser-2.0.5.RELEASE.jar
2026-05-08 18:09:10,352 [BasicRepositoryConnector-repo.maven.apache.org-1-3] INFO  o.e.m.c.i.e.AbstractTransferListenerAdapter - Downloading https://repo.maven.apache.org/maven2/org/unbescape/unbescape/1.1.6.RELEASE/unbescape-1.1.6.RELEASE.jar
2026-05-08 18:09:10,469 [BasicRepositoryConnector-repo.maven.apache.org-1-4] INFO  o.e.m.c.i.e.AbstractTransferListenerAdapter - Downloaded https://repo.maven.apache.org/maven2/org/attoparser/attoparser/2.0.5.RELEASE/attoparser-2.0.5.RELEASE.jar
2026-05-08 18:09:10,483 [BasicRepositoryConnector-repo.maven.apache.org-1-3] INFO  o.e.m.c.i.e.AbstractTransferListenerAdapter - Downloaded https://repo.maven.apache.org/maven2/org/unbescape/unbescape/1.1.6.RELEASE/unbescape-1.1.6.RELEASE.jar
2026-05-08 18:09:10,551 [BasicRepositoryConnector-repo.maven.apache.org-1-4] INFO  o.e.m.c.i.e.AbstractTransferListenerAdapter - Downloading https://repo.maven.apache.org/maven2/org/thymeleaf/extras/thymeleaf-extras-java8time/3.0.4.RELEASE/thymeleaf-extras-java8time-3.0.4.RELEASE.jar
2026-05-08 18:09:10,562 [BasicRepositoryConnector-repo.maven.apache.org-1-3] INFO  o.e.m.c.i.e.AbstractTransferListenerAdapter - Downloading https://repo.maven.apache.org/maven2/org/springframework/boot/spring-boot-starter-web/2.6.3/spring-boot-starter-web-2.6.3.jar
2026-05-08 18:09:10,565 [BasicRepositoryConnector-repo.maven.apache.org-1-3] INFO  o.e.m.c.i.e.AbstractTransferListenerAdapter - Downloaded https://repo.maven.apache.org/maven2/org/springframework/boot/spring-boot-starter-web/2.6.3/spring-boot-starter-web-2.6.3.jar
2026-05-08 18:09:10,572 [BasicRepositoryConnector-repo.maven.apache.org-1-4] INFO  o.e.m.c.i.e.AbstractTransferListenerAdapter - Downloaded https://repo.maven.apache.org/maven2/org/thymeleaf/extras/thymeleaf-extras-java8time/3.0.4.RELEASE/thymeleaf-extras-java8time-3.0.4.RELEASE.jar
2026-05-08 18:09:10,619 [BasicRepositoryConnector-repo.maven.apache.org-1-3] INFO  o.e.m.c.i.e.AbstractTransferListenerAdapter - Downloading https://repo.maven.apache.org/maven2/org/springframework/boot/spring-boot-starter-json/2.6.3/spring-boot-starter-json-2.6.3.jar
2026-05-08 18:09:10,620 [BasicRepositoryConnector-repo.maven.apache.org-1-3] INFO  o.e.m.c.i.e.AbstractTransferListenerAdapter - Downloaded https://repo.maven.apache.org/maven2/org/springframework/boot/spring-boot-starter-json/2.6.3/spring-boot-starter-json-2.6.3.jar
2026-05-08 18:09:10,627 [BasicRepositoryConnector-repo.maven.apache.org-1-4] INFO  o.e.m.c.i.e.AbstractTransferListenerAdapter - Downloading https://repo.maven.apache.org/maven2/com/fasterxml/jackson/core/jackson-databind/2.13.1/jackson-databind-2.13.1.jar
2026-05-08 18:09:10,698 [BasicRepositoryConnector-repo.maven.apache.org-1-2] INFO  o.e.m.c.i.e.AbstractTransferListenerAdapter - Downloaded https://repo.maven.apache.org/maven2/org/springframework/security/spring-security-config/5.6.1/spring-security-config-5.6.1.jar
2026-05-08 18:09:10,717 [BasicRepositoryConnector-repo.maven.apache.org-1-3] INFO  o.e.m.c.i.e.AbstractTransferListenerAdapter - Downloading https://repo.maven.apache.org/maven2/com/fasterxml/jackson/core/jackson-annotations/2.13.1/jackson-annotations-2.13.1.jar
2026-05-08 18:09:10,766 [BasicRepositoryConnector-repo.maven.apache.org-1-3] INFO  o.e.m.c.i.e.AbstractTransferListenerAdapter - Downloaded https://repo.maven.apache.org/maven2/com/fasterxml/jackson/core/jackson-annotations/2.13.1/jackson-annotations-2.13.1.jar
2026-05-08 18:09:10,784 [BasicRepositoryConnector-repo.maven.apache.org-1-0] INFO  o.e.m.c.i.e.AbstractTransferListenerAdapter - Downloaded https://repo.maven.apache.org/maven2/net/bytebuddy/byte-buddy/1.11.22/byte-buddy-1.11.22.jar
2026-05-08 18:09:10,793 [BasicRepositoryConnector-repo.maven.apache.org-1-2] INFO  o.e.m.c.i.e.AbstractTransferListenerAdapter - Downloading https://repo.maven.apache.org/maven2/com/fasterxml/jackson/core/jackson-core/2.13.1/jackson-core-2.13.1.jar
2026-05-08 18:09:10,869 [BasicRepositoryConnector-repo.maven.apache.org-1-3] INFO  o.e.m.c.i.e.AbstractTransferListenerAdapter - Downloading https://repo.maven.apache.org/maven2/com/fasterxml/jackson/datatype/jackson-datatype-jdk8/2.13.1/jackson-datatype-jdk8-2.13.1.jar
2026-05-08 18:09:10,894 [BasicRepositoryConnector-repo.maven.apache.org-1-3] INFO  o.e.m.c.i.e.AbstractTransferListenerAdapter - Downloaded https://repo.maven.apache.org/maven2/com/fasterxml/jackson/datatype/jackson-datatype-jdk8/2.13.1/jackson-datatype-jdk8-2.13.1.jar
2026-05-08 18:09:10,915 [BasicRepositoryConnector-repo.maven.apache.org-1-0] INFO  o.e.m.c.i.e.AbstractTransferListenerAdapter - Downloading https://repo.maven.apache.org/maven2/com/fasterxml/jackson/datatype/jackson-datatype-jsr310/2.13.1/jackson-datatype-jsr310-2.13.1.jar
2026-05-08 18:09:11,011 [BasicRepositoryConnector-repo.maven.apache.org-1-2] INFO  o.e.m.c.i.e.AbstractTransferListenerAdapter - Downloaded https://repo.maven.apache.org/maven2/com/fasterxml/jackson/core/jackson-core/2.13.1/jackson-core-2.13.1.jar
2026-05-08 18:09:11,013 [BasicRepositoryConnector-repo.maven.apache.org-1-0] INFO  o.e.m.c.i.e.AbstractTransferListenerAdapter - Downloaded https://repo.maven.apache.org/maven2/com/fasterxml/jackson/datatype/jackson-datatype-jsr310/2.13.1/jackson-datatype-jsr310-2.13.1.jar
2026-05-08 18:09:11,016 [BasicRepositoryConnector-repo.maven.apache.org-1-3] INFO  o.e.m.c.i.e.AbstractTransferListenerAdapter - Downloading https://repo.maven.apache.org/maven2/com/fasterxml/jackson/module/jackson-module-parameter-names/2.13.1/jackson-module-parameter-names-2.13.1.jar
2026-05-08 18:09:11,019 [BasicRepositoryConnector-repo.maven.apache.org-1-3] INFO  o.e.m.c.i.e.AbstractTransferListenerAdapter - Downloaded https://repo.maven.apache.org/maven2/com/fasterxml/jackson/module/jackson-module-parameter-names/2.13.1/jackson-module-parameter-names-2.13.1.jar
2026-05-08 18:09:11,101 [BasicRepositoryConnector-repo.maven.apache.org-1-1] INFO  o.e.m.c.i.e.AbstractTransferListenerAdapter - Downloaded https://repo.maven.apache.org/maven2/org/thymeleaf/thymeleaf/3.0.14.RELEASE/thymeleaf-3.0.14.RELEASE.jar
2026-05-08 18:09:11,116 [BasicRepositoryConnector-repo.maven.apache.org-1-3] INFO  o.e.m.c.i.e.AbstractTransferListenerAdapter - Downloading https://repo.maven.apache.org/maven2/org/apache/tomcat/embed/tomcat-embed-websocket/9.0.56/tomcat-embed-websocket-9.0.56.jar
2026-05-08 18:09:11,120 [BasicRepositoryConnector-repo.maven.apache.org-1-2] INFO  o.e.m.c.i.e.AbstractTransferListenerAdapter - Downloading https://repo.maven.apache.org/maven2/org/springframework/boot/spring-boot-starter-tomcat/2.6.3/spring-boot-starter-tomcat-2.6.3.jar
2026-05-08 18:09:11,123 [BasicRepositoryConnector-repo.maven.apache.org-1-2] INFO  o.e.m.c.i.e.AbstractTransferListenerAdapter - Downloaded https://repo.maven.apache.org/maven2/org/springframework/boot/spring-boot-starter-tomcat/2.6.3/spring-boot-starter-tomcat-2.6.3.jar
2026-05-08 18:09:11,123 [BasicRepositoryConnector-repo.maven.apache.org-1-0] INFO  o.e.m.c.i.e.AbstractTransferListenerAdapter - Downloading https://repo.maven.apache.org/maven2/org/apache/tomcat/embed/tomcat-embed-core/9.0.56/tomcat-embed-core-9.0.56.jar
2026-05-08 18:09:11,218 [BasicRepositoryConnector-repo.maven.apache.org-1-1] INFO  o.e.m.c.i.e.AbstractTransferListenerAdapter - Downloading https://repo.maven.apache.org/maven2/org/springframework/spring-web/5.3.15/spring-web-5.3.15.jar
2026-05-08 18:09:11,249 [BasicRepositoryConnector-repo.maven.apache.org-1-2] INFO  o.e.m.c.i.e.AbstractTransferListenerAdapter - Downloading https://repo.maven.apache.org/maven2/org/springframework/spring-webmvc/5.3.15/spring-webmvc-5.3.15.jar
2026-05-08 18:09:11,382 [BasicRepositoryConnector-repo.maven.apache.org-1-4] INFO  o.e.m.c.i.e.AbstractTransferListenerAdapter - Downloaded https://repo.maven.apache.org/maven2/com/fasterxml/jackson/core/jackson-databind/2.13.1/jackson-databind-2.13.1.jar
2026-05-08 18:09:11,500 [BasicRepositoryConnector-repo.maven.apache.org-1-4] INFO  o.e.m.c.i.e.AbstractTransferListenerAdapter - Downloading https://repo.maven.apache.org/maven2/org/thymeleaf/extras/thymeleaf-extras-springsecurity5/3.0.4.RELEASE/thymeleaf-extras-springsecurity5-3.0.4.RELEASE.jar
2026-05-08 18:09:11,501 [BasicRepositoryConnector-repo.maven.apache.org-1-3] INFO  o.e.m.c.i.e.AbstractTransferListenerAdapter - Downloaded https://repo.maven.apache.org/maven2/org/apache/tomcat/embed/tomcat-embed-websocket/9.0.56/tomcat-embed-websocket-9.0.56.jar
2026-05-08 18:09:11,512 [BasicRepositoryConnector-repo.maven.apache.org-1-4] INFO  o.e.m.c.i.e.AbstractTransferListenerAdapter - Downloaded https://repo.maven.apache.org/maven2/org/thymeleaf/extras/thymeleaf-extras-springsecurity5/3.0.4.RELEASE/thymeleaf-extras-springsecurity5-3.0.4.RELEASE.jar
2026-05-08 18:09:11,590 [BasicRepositoryConnector-repo.maven.apache.org-1-3] INFO  o.e.m.c.i.e.AbstractTransferListenerAdapter - Downloading https://repo.maven.apache.org/maven2/org/slf4j/slf4j-api/1.7.33/slf4j-api-1.7.33.jar
2026-05-08 18:09:11,590 [BasicRepositoryConnector-repo.maven.apache.org-1-4] INFO  o.e.m.c.i.e.AbstractTransferListenerAdapter - Downloading https://repo.maven.apache.org/maven2/org/springframework/boot/spring-boot-starter-validation/2.6.3/spring-boot-starter-validation-2.6.3.jar
2026-05-08 18:09:11,594 [BasicRepositoryConnector-repo.maven.apache.org-1-4] INFO  o.e.m.c.i.e.AbstractTransferListenerAdapter - Downloaded https://repo.maven.apache.org/maven2/org/springframework/boot/spring-boot-starter-validation/2.6.3/spring-boot-starter-validation-2.6.3.jar
2026-05-08 18:09:11,619 [BasicRepositoryConnector-repo.maven.apache.org-1-3] INFO  o.e.m.c.i.e.AbstractTransferListenerAdapter - Downloaded https://repo.maven.apache.org/maven2/org/slf4j/slf4j-api/1.7.33/slf4j-api-1.7.33.jar
2026-05-08 18:09:11,698 [BasicRepositoryConnector-repo.maven.apache.org-1-4] INFO  o.e.m.c.i.e.AbstractTransferListenerAdapter - Downloading https://repo.maven.apache.org/maven2/org/apache/tomcat/embed/tomcat-embed-el/9.0.56/tomcat-embed-el-9.0.56.jar
2026-05-08 18:09:11,720 [BasicRepositoryConnector-repo.maven.apache.org-1-3] INFO  o.e.m.c.i.e.AbstractTransferListenerAdapter - Downloading https://repo.maven.apache.org/maven2/org/hibernate/validator/hibernate-validator/6.2.0.Final/hibernate-validator-6.2.0.Final.jar
2026-05-08 18:09:11,786 [BasicRepositoryConnector-repo.maven.apache.org-1-2] INFO  o.e.m.c.i.e.AbstractTransferListenerAdapter - Downloaded https://repo.maven.apache.org/maven2/org/springframework/spring-webmvc/5.3.15/spring-webmvc-5.3.15.jar
2026-05-08 18:09:11,815 [BasicRepositoryConnector-repo.maven.apache.org-1-4] INFO  o.e.m.c.i.e.AbstractTransferListenerAdapter - Downloaded https://repo.maven.apache.org/maven2/org/apache/tomcat/embed/tomcat-embed-el/9.0.56/tomcat-embed-el-9.0.56.jar
2026-05-08 18:09:11,852 [BasicRepositoryConnector-repo.maven.apache.org-1-2] INFO  o.e.m.c.i.e.AbstractTransferListenerAdapter - Downloading https://repo.maven.apache.org/maven2/jakarta/validation/jakarta.validation-api/2.0.2/jakarta.validation-api-2.0.2.jar
2026-05-08 18:09:11,896 [BasicRepositoryConnector-repo.maven.apache.org-1-2] INFO  o.e.m.c.i.e.AbstractTransferListenerAdapter - Downloaded https://repo.maven.apache.org/maven2/jakarta/validation/jakarta.validation-api/2.0.2/jakarta.validation-api-2.0.2.jar
2026-05-08 18:09:11,922 [BasicRepositoryConnector-repo.maven.apache.org-1-4] INFO  o.e.m.c.i.e.AbstractTransferListenerAdapter - Downloading https://repo.maven.apache.org/maven2/org/springframework/boot/spring-boot-devtools/2.6.3/spring-boot-devtools-2.6.3.jar
2026-05-08 18:09:11,973 [BasicRepositoryConnector-repo.maven.apache.org-1-2] INFO  o.e.m.c.i.e.AbstractTransferListenerAdapter - Downloading https://repo.maven.apache.org/maven2/org/springframework/boot/spring-boot/2.6.3/spring-boot-2.6.3.jar
2026-05-08 18:09:12,045 [BasicRepositoryConnector-repo.maven.apache.org-1-4] INFO  o.e.m.c.i.e.AbstractTransferListenerAdapter - Downloaded https://repo.maven.apache.org/maven2/org/springframework/boot/spring-boot-devtools/2.6.3/spring-boot-devtools-2.6.3.jar
2026-05-08 18:09:12,158 [BasicRepositoryConnector-repo.maven.apache.org-1-4] INFO  o.e.m.c.i.e.AbstractTransferListenerAdapter - Downloading https://repo.maven.apache.org/maven2/org/springframework/boot/spring-boot-autoconfigure/2.6.3/spring-boot-autoconfigure-2.6.3.jar
2026-05-08 18:09:12,759 [BasicRepositoryConnector-repo.maven.apache.org-1-2] INFO  o.e.m.c.i.e.AbstractTransferListenerAdapter - Downloaded https://repo.maven.apache.org/maven2/org/springframework/boot/spring-boot/2.6.3/spring-boot-2.6.3.jar
2026-05-08 18:09:12,878 [BasicRepositoryConnector-repo.maven.apache.org-1-2] INFO  o.e.m.c.i.e.AbstractTransferListenerAdapter - Downloading https://repo.maven.apache.org/maven2/org/springframework/boot/spring-boot-starter-test/2.6.3/spring-boot-starter-test-2.6.3.jar
2026-05-08 18:09:12,881 [BasicRepositoryConnector-repo.maven.apache.org-1-2] INFO  o.e.m.c.i.e.AbstractTransferListenerAdapter - Downloaded https://repo.maven.apache.org/maven2/org/springframework/boot/spring-boot-starter-test/2.6.3/spring-boot-starter-test-2.6.3.jar
2026-05-08 18:09:12,936 [BasicRepositoryConnector-repo.maven.apache.org-1-1] INFO  o.e.m.c.i.e.AbstractTransferListenerAdapter - Downloaded https://repo.maven.apache.org/maven2/org/springframework/spring-web/5.3.15/spring-web-5.3.15.jar
2026-05-08 18:09:12,958 [BasicRepositoryConnector-repo.maven.apache.org-1-4] INFO  o.e.m.c.i.e.AbstractTransferListenerAdapter - Downloaded https://repo.maven.apache.org/maven2/org/springframework/boot/spring-boot-autoconfigure/2.6.3/spring-boot-autoconfigure-2.6.3.jar
2026-05-08 18:09:12,966 [BasicRepositoryConnector-repo.maven.apache.org-1-2] INFO  o.e.m.c.i.e.AbstractTransferListenerAdapter - Downloading https://repo.maven.apache.org/maven2/org/springframework/boot/spring-boot-test/2.6.3/spring-boot-test-2.6.3.jar
2026-05-08 18:09:13,000 [BasicRepositoryConnector-repo.maven.apache.org-1-3] INFO  o.e.m.c.i.e.AbstractTransferListenerAdapter - Downloaded https://repo.maven.apache.org/maven2/org/hibernate/validator/hibernate-validator/6.2.0.Final/hibernate-validator-6.2.0.Final.jar
2026-05-08 18:09:13,025 [BasicRepositoryConnector-repo.maven.apache.org-1-4] INFO  o.e.m.c.i.e.AbstractTransferListenerAdapter - Downloading https://repo.maven.apache.org/maven2/com/jayway/jsonpath/json-path/2.6.0/json-path-2.6.0.jar
2026-05-08 18:09:13,027 [BasicRepositoryConnector-repo.maven.apache.org-1-1] INFO  o.e.m.c.i.e.AbstractTransferListenerAdapter - Downloading https://repo.maven.apache.org/maven2/org/springframework/boot/spring-boot-test-autoconfigure/2.6.3/spring-boot-test-autoconfigure-2.6.3.jar
2026-05-08 18:09:13,053 [BasicRepositoryConnector-repo.maven.apache.org-1-2] INFO  o.e.m.c.i.e.AbstractTransferListenerAdapter - Downloaded https://repo.maven.apache.org/maven2/org/springframework/boot/spring-boot-test/2.6.3/spring-boot-test-2.6.3.jar
2026-05-08 18:09:13,073 [BasicRepositoryConnector-repo.maven.apache.org-1-3] INFO  o.e.m.c.i.e.AbstractTransferListenerAdapter - Downloading https://repo.maven.apache.org/maven2/net/minidev/json-smart/2.4.7/json-smart-2.4.7.jar
2026-05-08 18:09:13,119 [BasicRepositoryConnector-repo.maven.apache.org-1-4] INFO  o.e.m.c.i.e.AbstractTransferListenerAdapter - Downloaded https://repo.maven.apache.org/maven2/com/jayway/jsonpath/json-path/2.6.0/json-path-2.6.0.jar
2026-05-08 18:09:13,124 [BasicRepositoryConnector-repo.maven.apache.org-1-2] INFO  o.e.m.c.i.e.AbstractTransferListenerAdapter - Downloading https://repo.maven.apache.org/maven2/net/minidev/accessors-smart/2.4.7/accessors-smart-2.4.7.jar
2026-05-08 18:09:13,129 [BasicRepositoryConnector-repo.maven.apache.org-1-2] INFO  o.e.m.c.i.e.AbstractTransferListenerAdapter - Downloaded https://repo.maven.apache.org/maven2/net/minidev/accessors-smart/2.4.7/accessors-smart-2.4.7.jar
2026-05-08 18:09:13,148 [BasicRepositoryConnector-repo.maven.apache.org-1-1] INFO  o.e.m.c.i.e.AbstractTransferListenerAdapter - Downloaded https://repo.maven.apache.org/maven2/org/springframework/boot/spring-boot-test-autoconfigure/2.6.3/spring-boot-test-autoconfigure-2.6.3.jar
2026-05-08 18:09:13,158 [BasicRepositoryConnector-repo.maven.apache.org-1-3] INFO  o.e.m.c.i.e.AbstractTransferListenerAdapter - Downloaded https://repo.maven.apache.org/maven2/net/minidev/json-smart/2.4.7/json-smart-2.4.7.jar
2026-05-08 18:09:13,168 [BasicRepositoryConnector-repo.maven.apache.org-1-4] INFO  o.e.m.c.i.e.AbstractTransferListenerAdapter - Downloading https://repo.maven.apache.org/maven2/org/ow2/asm/asm/9.1/asm-9.1.jar
2026-05-08 18:09:13,204 [BasicRepositoryConnector-repo.maven.apache.org-1-2] INFO  o.e.m.c.i.e.AbstractTransferListenerAdapter - Downloading https://repo.maven.apache.org/maven2/jakarta/xml/bind/jakarta.xml.bind-api/2.3.3/jakarta.xml.bind-api-2.3.3.jar
2026-05-08 18:09:13,218 [BasicRepositoryConnector-repo.maven.apache.org-1-1] INFO  o.e.m.c.i.e.AbstractTransferListenerAdapter - Downloading https://repo.maven.apache.org/maven2/jakarta/activation/jakarta.activation-api/1.2.2/jakarta.activation-api-1.2.2.jar
2026-05-08 18:09:13,221 [BasicRepositoryConnector-repo.maven.apache.org-1-3] INFO  o.e.m.c.i.e.AbstractTransferListenerAdapter - Downloading https://repo.maven.apache.org/maven2/org/assertj/assertj-core/3.21.0/assertj-core-3.21.0.jar
2026-05-08 18:09:13,225 [BasicRepositoryConnector-repo.maven.apache.org-1-4] INFO  o.e.m.c.i.e.AbstractTransferListenerAdapter - Downloaded https://repo.maven.apache.org/maven2/org/ow2/asm/asm/9.1/asm-9.1.jar
2026-05-08 18:09:13,236 [BasicRepositoryConnector-repo.maven.apache.org-1-1] INFO  o.e.m.c.i.e.AbstractTransferListenerAdapter - Downloaded https://repo.maven.apache.org/maven2/jakarta/activation/jakarta.activation-api/1.2.2/jakarta.activation-api-1.2.2.jar
2026-05-08 18:09:13,251 [BasicRepositoryConnector-repo.maven.apache.org-1-2] INFO  o.e.m.c.i.e.AbstractTransferListenerAdapter - Downloaded https://repo.maven.apache.org/maven2/jakarta/xml/bind/jakarta.xml.bind-api/2.3.3/jakarta.xml.bind-api-2.3.3.jar
2026-05-08 18:09:13,329 [BasicRepositoryConnector-repo.maven.apache.org-1-4] INFO  o.e.m.c.i.e.AbstractTransferListenerAdapter - Downloading https://repo.maven.apache.org/maven2/org/hamcrest/hamcrest/2.2/hamcrest-2.2.jar
2026-05-08 18:09:13,335 [BasicRepositoryConnector-repo.maven.apache.org-1-1] INFO  o.e.m.c.i.e.AbstractTransferListenerAdapter - Downloading https://repo.maven.apache.org/maven2/org/junit/jupiter/junit-jupiter/5.8.2/junit-jupiter-5.8.2.jar
2026-05-08 18:09:13,337 [BasicRepositoryConnector-repo.maven.apache.org-1-1] INFO  o.e.m.c.i.e.AbstractTransferListenerAdapter - Downloaded https://repo.maven.apache.org/maven2/org/junit/jupiter/junit-jupiter/5.8.2/junit-jupiter-5.8.2.jar
2026-05-08 18:09:13,345 [BasicRepositoryConnector-repo.maven.apache.org-1-2] INFO  o.e.m.c.i.e.AbstractTransferListenerAdapter - Downloading https://repo.maven.apache.org/maven2/org/junit/jupiter/junit-jupiter-api/5.8.2/junit-jupiter-api-5.8.2.jar
2026-05-08 18:09:13,383 [BasicRepositoryConnector-repo.maven.apache.org-1-4] INFO  o.e.m.c.i.e.AbstractTransferListenerAdapter - Downloaded https://repo.maven.apache.org/maven2/org/hamcrest/hamcrest/2.2/hamcrest-2.2.jar
2026-05-08 18:09:13,400 [BasicRepositoryConnector-repo.maven.apache.org-1-1] INFO  o.e.m.c.i.e.AbstractTransferListenerAdapter - Downloading https://repo.maven.apache.org/maven2/org/opentest4j/opentest4j/1.2.0/opentest4j-1.2.0.jar
2026-05-08 18:09:13,401 [BasicRepositoryConnector-repo.maven.apache.org-1-1] INFO  o.e.m.c.i.e.AbstractTransferListenerAdapter - Downloaded https://repo.maven.apache.org/maven2/org/opentest4j/opentest4j/1.2.0/opentest4j-1.2.0.jar
2026-05-08 18:09:13,435 [BasicRepositoryConnector-repo.maven.apache.org-1-2] INFO  o.e.m.c.i.e.AbstractTransferListenerAdapter - Downloaded https://repo.maven.apache.org/maven2/org/junit/jupiter/junit-jupiter-api/5.8.2/junit-jupiter-api-5.8.2.jar
2026-05-08 18:09:13,450 [BasicRepositoryConnector-repo.maven.apache.org-1-4] INFO  o.e.m.c.i.e.AbstractTransferListenerAdapter - Downloading https://repo.maven.apache.org/maven2/org/junit/platform/junit-platform-commons/1.8.2/junit-platform-commons-1.8.2.jar
2026-05-08 18:09:13,471 [BasicRepositoryConnector-repo.maven.apache.org-1-1] INFO  o.e.m.c.i.e.AbstractTransferListenerAdapter - Downloading https://repo.maven.apache.org/maven2/org/junit/jupiter/junit-jupiter-params/5.8.2/junit-jupiter-params-5.8.2.jar
2026-05-08 18:09:13,481 [BasicRepositoryConnector-repo.maven.apache.org-1-2] INFO  o.e.m.c.i.e.AbstractTransferListenerAdapter - Downloading https://repo.maven.apache.org/maven2/org/junit/jupiter/junit-jupiter-engine/5.8.2/junit-jupiter-engine-5.8.2.jar
2026-05-08 18:09:13,487 [BasicRepositoryConnector-repo.maven.apache.org-1-4] INFO  o.e.m.c.i.e.AbstractTransferListenerAdapter - Downloaded https://repo.maven.apache.org/maven2/org/junit/platform/junit-platform-commons/1.8.2/junit-platform-commons-1.8.2.jar
2026-05-08 18:09:13,590 [BasicRepositoryConnector-repo.maven.apache.org-1-2] INFO  o.e.m.c.i.e.AbstractTransferListenerAdapter - Downloaded https://repo.maven.apache.org/maven2/org/junit/jupiter/junit-jupiter-engine/5.8.2/junit-jupiter-engine-5.8.2.jar
2026-05-08 18:09:13,618 [BasicRepositoryConnector-repo.maven.apache.org-1-4] INFO  o.e.m.c.i.e.AbstractTransferListenerAdapter - Downloading https://repo.maven.apache.org/maven2/org/junit/platform/junit-platform-engine/1.8.2/junit-platform-engine-1.8.2.jar
2026-05-08 18:09:13,657 [BasicRepositoryConnector-repo.maven.apache.org-1-2] INFO  o.e.m.c.i.e.AbstractTransferListenerAdapter - Downloading https://repo.maven.apache.org/maven2/org/mockito/mockito-core/4.0.0/mockito-core-4.0.0.jar
2026-05-08 18:09:13,670 [BasicRepositoryConnector-repo.maven.apache.org-1-0] INFO  o.e.m.c.i.e.AbstractTransferListenerAdapter - Downloaded https://repo.maven.apache.org/maven2/org/apache/tomcat/embed/tomcat-embed-core/9.0.56/tomcat-embed-core-9.0.56.jar
2026-05-08 18:09:13,702 [BasicRepositoryConnector-repo.maven.apache.org-1-4] INFO  o.e.m.c.i.e.AbstractTransferListenerAdapter - Downloaded https://repo.maven.apache.org/maven2/org/junit/platform/junit-platform-engine/1.8.2/junit-platform-engine-1.8.2.jar
2026-05-08 18:09:13,745 [BasicRepositoryConnector-repo.maven.apache.org-1-0] INFO  o.e.m.c.i.e.AbstractTransferListenerAdapter - Downloading https://repo.maven.apache.org/maven2/net/bytebuddy/byte-buddy-agent/1.11.22/byte-buddy-agent-1.11.22.jar
2026-05-08 18:09:13,801 [BasicRepositoryConnector-repo.maven.apache.org-1-4] INFO  o.e.m.c.i.e.AbstractTransferListenerAdapter - Downloading https://repo.maven.apache.org/maven2/org/objenesis/objenesis/3.2/objenesis-3.2.jar
2026-05-08 18:09:13,803 [BasicRepositoryConnector-repo.maven.apache.org-1-1] INFO  o.e.m.c.i.e.AbstractTransferListenerAdapter - Downloaded https://repo.maven.apache.org/maven2/org/junit/jupiter/junit-jupiter-params/5.8.2/junit-jupiter-params-5.8.2.jar
2026-05-08 18:09:13,827 [BasicRepositoryConnector-repo.maven.apache.org-1-4] INFO  o.e.m.c.i.e.AbstractTransferListenerAdapter - Downloaded https://repo.maven.apache.org/maven2/org/objenesis/objenesis/3.2/objenesis-3.2.jar
2026-05-08 18:09:13,888 [BasicRepositoryConnector-repo.maven.apache.org-1-1] INFO  o.e.m.c.i.e.AbstractTransferListenerAdapter - Downloading https://repo.maven.apache.org/maven2/org/mockito/mockito-junit-jupiter/4.0.0/mockito-junit-jupiter-4.0.0.jar
2026-05-08 18:09:13,889 [BasicRepositoryConnector-repo.maven.apache.org-1-1] INFO  o.e.m.c.i.e.AbstractTransferListenerAdapter - Downloaded https://repo.maven.apache.org/maven2/org/mockito/mockito-junit-jupiter/4.0.0/mockito-junit-jupiter-4.0.0.jar
2026-05-08 18:09:13,897 [BasicRepositoryConnector-repo.maven.apache.org-1-0] INFO  o.e.m.c.i.e.AbstractTransferListenerAdapter - Downloaded https://repo.maven.apache.org/maven2/net/bytebuddy/byte-buddy-agent/1.11.22/byte-buddy-agent-1.11.22.jar
2026-05-08 18:09:13,902 [BasicRepositoryConnector-repo.maven.apache.org-1-4] INFO  o.e.m.c.i.e.AbstractTransferListenerAdapter - Downloading https://repo.maven.apache.org/maven2/org/skyscreamer/jsonassert/1.5.0/jsonassert-1.5.0.jar
2026-05-08 18:09:13,923 [BasicRepositoryConnector-repo.maven.apache.org-1-4] INFO  o.e.m.c.i.e.AbstractTransferListenerAdapter - Downloaded https://repo.maven.apache.org/maven2/org/skyscreamer/jsonassert/1.5.0/jsonassert-1.5.0.jar
2026-05-08 18:09:13,945 [BasicRepositoryConnector-repo.maven.apache.org-1-1] INFO  o.e.m.c.i.e.AbstractTransferListenerAdapter - Downloading https://repo.maven.apache.org/maven2/com/vaadin/external/google/android-json/0.0.20131108.vaadin1/android-json-0.0.20131108.vaadin1.jar
2026-05-08 18:09:13,950 [BasicRepositoryConnector-repo.maven.apache.org-1-1] INFO  o.e.m.c.i.e.AbstractTransferListenerAdapter - Downloaded https://repo.maven.apache.org/maven2/com/vaadin/external/google/android-json/0.0.20131108.vaadin1/android-json-0.0.20131108.vaadin1.jar
2026-05-08 18:09:13,955 [BasicRepositoryConnector-repo.maven.apache.org-1-0] INFO  o.e.m.c.i.e.AbstractTransferListenerAdapter - Downloading https://repo.maven.apache.org/maven2/org/springframework/spring-core/5.3.15/spring-core-5.3.15.jar
2026-05-08 18:09:13,976 [BasicRepositoryConnector-repo.maven.apache.org-1-2] INFO  o.e.m.c.i.e.AbstractTransferListenerAdapter - Downloaded https://repo.maven.apache.org/maven2/org/mockito/mockito-core/4.0.0/mockito-core-4.0.0.jar
2026-05-08 18:09:13,976 [BasicRepositoryConnector-repo.maven.apache.org-1-4] INFO  o.e.m.c.i.e.AbstractTransferListenerAdapter - Downloading https://repo.maven.apache.org/maven2/org/springframework/spring-jcl/5.3.15/spring-jcl-5.3.15.jar
2026-05-08 18:09:13,986 [BasicRepositoryConnector-repo.maven.apache.org-1-4] INFO  o.e.m.c.i.e.AbstractTransferListenerAdapter - Downloaded https://repo.maven.apache.org/maven2/org/springframework/spring-jcl/5.3.15/spring-jcl-5.3.15.jar
2026-05-08 18:09:14,001 [BasicRepositoryConnector-repo.maven.apache.org-1-1] INFO  o.e.m.c.i.e.AbstractTransferListenerAdapter - Downloading https://repo.maven.apache.org/maven2/org/springframework/spring-test/5.3.15/spring-test-5.3.15.jar
2026-05-08 18:09:14,032 [BasicRepositoryConnector-repo.maven.apache.org-1-2] INFO  o.e.m.c.i.e.AbstractTransferListenerAdapter - Downloading https://repo.maven.apache.org/maven2/org/xmlunit/xmlunit-core/2.8.4/xmlunit-core-2.8.4.jar
2026-05-08 18:09:14,037 [BasicRepositoryConnector-repo.maven.apache.org-1-4] INFO  o.e.m.c.i.e.AbstractTransferListenerAdapter - Downloading https://repo.maven.apache.org/maven2/org/springframework/security/spring-security-test/5.6.1/spring-security-test-5.6.1.jar
2026-05-08 18:09:14,098 [BasicRepositoryConnector-repo.maven.apache.org-1-4] INFO  o.e.m.c.i.e.AbstractTransferListenerAdapter - Downloaded https://repo.maven.apache.org/maven2/org/springframework/security/spring-security-test/5.6.1/spring-security-test-5.6.1.jar
2026-05-08 18:09:14,127 [BasicRepositoryConnector-repo.maven.apache.org-1-2] INFO  o.e.m.c.i.e.AbstractTransferListenerAdapter - Downloaded https://repo.maven.apache.org/maven2/org/xmlunit/xmlunit-core/2.8.4/xmlunit-core-2.8.4.jar
2026-05-08 18:09:14,310 [BasicRepositoryConnector-repo.maven.apache.org-1-4] INFO  o.e.m.c.i.e.AbstractTransferListenerAdapter - Downloading https://repo.maven.apache.org/maven2/org/springframework/security/spring-security-core/5.6.1/spring-security-core-5.6.1.jar
2026-05-08 18:09:14,320 [BasicRepositoryConnector-repo.maven.apache.org-1-2] INFO  o.e.m.c.i.e.AbstractTransferListenerAdapter - Downloading https://repo.maven.apache.org/maven2/org/springframework/security/spring-security-crypto/5.6.1/spring-security-crypto-5.6.1.jar
2026-05-08 18:09:14,365 [BasicRepositoryConnector-repo.maven.apache.org-1-2] INFO  o.e.m.c.i.e.AbstractTransferListenerAdapter - Downloaded https://repo.maven.apache.org/maven2/org/springframework/security/spring-security-crypto/5.6.1/spring-security-crypto-5.6.1.jar
2026-05-08 18:09:14,531 [BasicRepositoryConnector-repo.maven.apache.org-1-1] INFO  o.e.m.c.i.e.AbstractTransferListenerAdapter - Downloaded https://repo.maven.apache.org/maven2/org/springframework/spring-test/5.3.15/spring-test-5.3.15.jar
2026-05-08 18:09:14,582 [BasicRepositoryConnector-repo.maven.apache.org-1-4] INFO  o.e.m.c.i.e.AbstractTransferListenerAdapter - Downloaded https://repo.maven.apache.org/maven2/org/springframework/security/spring-security-core/5.6.1/spring-security-core-5.6.1.jar
2026-05-08 18:09:14,798 [BasicRepositoryConnector-repo.maven.apache.org-1-0] INFO  o.e.m.c.i.e.AbstractTransferListenerAdapter - Downloaded https://repo.maven.apache.org/maven2/org/springframework/spring-core/5.3.15/spring-core-5.3.15.jar
2026-05-08 18:09:15,784 [BasicRepositoryConnector-repo.maven.apache.org-1-3] INFO  o.e.m.c.i.e.AbstractTransferListenerAdapter - Downloaded https://repo.maven.apache.org/maven2/org/assertj/assertj-core/3.21.0/assertj-core-3.21.0.jar
2026-05-08 18:09:15,883 [Worker-24: Update Maven projects configuration] INFO  o.e.m.c.i.e.AbstractTransferListenerAdapter - Downloading https://repo.maven.apache.org/maven2/org/apache/maven/plugins/maven-resources-plugin/3.2.0/maven-resources-plugin-3.2.0.pom
2026-05-08 18:09:15,886 [Worker-24: Update Maven projects configuration] INFO  o.e.m.c.i.e.AbstractTransferListenerAdapter - Downloaded https://repo.maven.apache.org/maven2/org/apache/maven/plugins/maven-resources-plugin/3.2.0/maven-resources-plugin-3.2.0.pom
2026-05-08 18:09:15,941 [Worker-24: Update Maven projects configuration] INFO  o.e.m.c.i.e.AbstractTransferListenerAdapter - Downloading https://repo.maven.apache.org/maven2/org/apache/maven/plugins/maven-surefire-plugin/2.22.2/maven-surefire-plugin-2.22.2.pom
2026-05-08 18:09:15,942 [Worker-24: Update Maven projects configuration] INFO  o.e.m.c.i.e.AbstractTransferListenerAdapter - Downloaded https://repo.maven.apache.org/maven2/org/apache/maven/plugins/maven-surefire-plugin/2.22.2/maven-surefire-plugin-2.22.2.pom
2026-05-08 18:09:15,979 [Worker-24: Update Maven projects configuration] INFO  o.e.m.c.i.e.AbstractTransferListenerAdapter - Downloading https://repo.maven.apache.org/maven2/org/apache/maven/surefire/surefire/2.22.2/surefire-2.22.2.pom
2026-05-08 18:09:15,980 [Worker-24: Update Maven projects configuration] INFO  o.e.m.c.i.e.AbstractTransferListenerAdapter - Downloaded https://repo.maven.apache.org/maven2/org/apache/maven/surefire/surefire/2.22.2/surefire-2.22.2.pom
2026-05-08 18:09:16,027 [Worker-24: Update Maven projects configuration] INFO  o.e.m.c.i.e.AbstractTransferListenerAdapter - Downloading https://repo.maven.apache.org/maven2/org/apache/maven/plugins/maven-jar-plugin/3.2.2/maven-jar-plugin-3.2.2.pom
2026-05-08 18:09:16,028 [Worker-24: Update Maven projects configuration] INFO  o.e.m.c.i.e.AbstractTransferListenerAdapter - Downloaded https://repo.maven.apache.org/maven2/org/apache/maven/plugins/maven-jar-plugin/3.2.2/maven-jar-plugin-3.2.2.pom
2026-05-08 18:09:16,073 [Worker-24: Update Maven projects configuration] INFO  o.e.m.c.i.e.AbstractTransferListenerAdapter - Downloading https://repo.maven.apache.org/maven2/org/apache/maven/maven-plugin-api/3.1.0/maven-plugin-api-3.1.0.pom
2026-05-08 18:09:16,073 [Worker-24: Update Maven projects configuration] INFO  o.e.m.c.i.e.AbstractTransferListenerAdapter - Downloaded https://repo.maven.apache.org/maven2/org/apache/maven/maven-plugin-api/3.1.0/maven-plugin-api-3.1.0.pom
2026-05-08 18:09:16,120 [Worker-24: Update Maven projects configuration] INFO  o.e.m.c.i.e.AbstractTransferListenerAdapter - Downloading https://repo.maven.apache.org/maven2/org/apache/maven/maven/3.1.0/maven-3.1.0.pom
2026-05-08 18:09:16,120 [Worker-24: Update Maven projects configuration] INFO  o.e.m.c.i.e.AbstractTransferListenerAdapter - Downloaded https://repo.maven.apache.org/maven2/org/apache/maven/maven/3.1.0/maven-3.1.0.pom
2026-05-08 18:09:16,168 [Worker-24: Update Maven projects configuration] INFO  o.e.m.c.i.e.AbstractTransferListenerAdapter - Downloading https://repo.maven.apache.org/maven2/org/apache/maven/maven-model/3.1.0/maven-model-3.1.0.pom
2026-05-08 18:09:16,168 [Worker-24: Update Maven projects configuration] INFO  o.e.m.c.i.e.AbstractTransferListenerAdapter - Downloaded https://repo.maven.apache.org/maven2/org/apache/maven/maven-model/3.1.0/maven-model-3.1.0.pom
2026-05-08 18:09:16,211 [Worker-24: Update Maven projects configuration] INFO  o.e.m.c.i.e.AbstractTransferListenerAdapter - Downloading https://repo.maven.apache.org/maven2/org/apache/maven/maven-artifact/3.1.0/maven-artifact-3.1.0.pom
2026-05-08 18:09:16,211 [Worker-24: Update Maven projects configuration] INFO  o.e.m.c.i.e.AbstractTransferListenerAdapter - Downloaded https://repo.maven.apache.org/maven2/org/apache/maven/maven-artifact/3.1.0/maven-artifact-3.1.0.pom
2026-05-08 18:09:16,267 [Worker-24: Update Maven projects configuration] INFO  o.e.m.c.i.e.AbstractTransferListenerAdapter - Downloading https://repo.maven.apache.org/maven2/org/eclipse/sisu/org.eclipse.sisu.plexus/0.0.0.M2a/org.eclipse.sisu.plexus-0.0.0.M2a.pom
2026-05-08 18:09:16,267 [Worker-24: Update Maven projects configuration] INFO  o.e.m.c.i.e.AbstractTransferListenerAdapter - Downloaded https://repo.maven.apache.org/maven2/org/eclipse/sisu/org.eclipse.sisu.plexus/0.0.0.M2a/org.eclipse.sisu.plexus-0.0.0.M2a.pom
2026-05-08 18:09:16,307 [Worker-24: Update Maven projects configuration] INFO  o.e.m.c.i.e.AbstractTransferListenerAdapter - Downloading https://repo.maven.apache.org/maven2/org/eclipse/sisu/sisu-plexus/0.0.0.M2a/sisu-plexus-0.0.0.M2a.pom
2026-05-08 18:09:16,308 [Worker-24: Update Maven projects configuration] INFO  o.e.m.c.i.e.AbstractTransferListenerAdapter - Downloaded https://repo.maven.apache.org/maven2/org/eclipse/sisu/sisu-plexus/0.0.0.M2a/sisu-plexus-0.0.0.M2a.pom
2026-05-08 18:09:16,349 [Worker-24: Update Maven projects configuration] INFO  o.e.m.c.i.e.AbstractTransferListenerAdapter - Downloading https://repo.maven.apache.org/maven2/com/google/guava/guava/10.0.1/guava-10.0.1.pom
2026-05-08 18:09:16,350 [Worker-24: Update Maven projects configuration] INFO  o.e.m.c.i.e.AbstractTransferListenerAdapter - Downloaded https://repo.maven.apache.org/maven2/com/google/guava/guava/10.0.1/guava-10.0.1.pom
2026-05-08 18:09:16,391 [Worker-24: Update Maven projects configuration] INFO  o.e.m.c.i.e.AbstractTransferListenerAdapter - Downloading https://repo.maven.apache.org/maven2/com/google/guava/guava-parent/10.0.1/guava-parent-10.0.1.pom
2026-05-08 18:09:16,393 [Worker-24: Update Maven projects configuration] INFO  o.e.m.c.i.e.AbstractTransferListenerAdapter - Downloaded https://repo.maven.apache.org/maven2/com/google/guava/guava-parent/10.0.1/guava-parent-10.0.1.pom
2026-05-08 18:09:16,438 [Worker-24: Update Maven projects configuration] INFO  o.e.m.c.i.e.AbstractTransferListenerAdapter - Downloading https://repo.maven.apache.org/maven2/com/google/code/findbugs/jsr305/1.3.9/jsr305-1.3.9.pom
2026-05-08 18:09:16,440 [Worker-24: Update Maven projects configuration] INFO  o.e.m.c.i.e.AbstractTransferListenerAdapter - Downloaded https://repo.maven.apache.org/maven2/com/google/code/findbugs/jsr305/1.3.9/jsr305-1.3.9.pom
2026-05-08 18:09:16,478 [Worker-24: Update Maven projects configuration] INFO  o.e.m.c.i.e.AbstractTransferListenerAdapter - Downloading https://repo.maven.apache.org/maven2/org/sonatype/sisu/sisu-guice/3.1.0/sisu-guice-3.1.0.pom
2026-05-08 18:09:16,481 [Worker-24: Update Maven projects configuration] INFO  o.e.m.c.i.e.AbstractTransferListenerAdapter - Downloaded https://repo.maven.apache.org/maven2/org/sonatype/sisu/sisu-guice/3.1.0/sisu-guice-3.1.0.pom
2026-05-08 18:09:16,532 [Worker-24: Update Maven projects configuration] INFO  o.e.m.c.i.e.AbstractTransferListenerAdapter - Downloading https://repo.maven.apache.org/maven2/org/sonatype/sisu/inject/guice-parent/3.1.0/guice-parent-3.1.0.pom
2026-05-08 18:09:16,535 [Worker-24: Update Maven projects configuration] INFO  o.e.m.c.i.e.AbstractTransferListenerAdapter - Downloaded https://repo.maven.apache.org/maven2/org/sonatype/sisu/inject/guice-parent/3.1.0/guice-parent-3.1.0.pom
2026-05-08 18:09:16,586 [Worker-24: Update Maven projects configuration] INFO  o.e.m.c.i.e.AbstractTransferListenerAdapter - Downloading https://repo.maven.apache.org/maven2/org/eclipse/sisu/org.eclipse.sisu.inject/0.0.0.M2a/org.eclipse.sisu.inject-0.0.0.M2a.pom
2026-05-08 18:09:16,588 [Worker-24: Update Maven projects configuration] INFO  o.e.m.c.i.e.AbstractTransferListenerAdapter - Downloaded https://repo.maven.apache.org/maven2/org/eclipse/sisu/org.eclipse.sisu.inject/0.0.0.M2a/org.eclipse.sisu.inject-0.0.0.M2a.pom
2026-05-08 18:09:16,633 [Worker-24: Update Maven projects configuration] INFO  o.e.m.c.i.e.AbstractTransferListenerAdapter - Downloading https://repo.maven.apache.org/maven2/org/eclipse/sisu/sisu-inject/0.0.0.M2a/sisu-inject-0.0.0.M2a.pom
2026-05-08 18:09:16,635 [Worker-24: Update Maven projects configuration] INFO  o.e.m.c.i.e.AbstractTransferListenerAdapter - Downloaded https://repo.maven.apache.org/maven2/org/eclipse/sisu/sisu-inject/0.0.0.M2a/sisu-inject-0.0.0.M2a.pom
2026-05-08 18:09:16,683 [Worker-24: Update Maven projects configuration] INFO  o.e.m.c.i.e.AbstractTransferListenerAdapter - Downloading https://repo.maven.apache.org/maven2/asm/asm/3.3.1/asm-3.3.1.pom
2026-05-08 18:09:16,685 [Worker-24: Update Maven projects configuration] INFO  o.e.m.c.i.e.AbstractTransferListenerAdapter - Downloaded https://repo.maven.apache.org/maven2/asm/asm/3.3.1/asm-3.3.1.pom
2026-05-08 18:09:16,737 [Worker-24: Update Maven projects configuration] INFO  o.e.m.c.i.e.AbstractTransferListenerAdapter - Downloading https://repo.maven.apache.org/maven2/asm/asm-parent/3.3.1/asm-parent-3.3.1.pom
2026-05-08 18:09:16,739 [Worker-24: Update Maven projects configuration] INFO  o.e.m.c.i.e.AbstractTransferListenerAdapter - Downloaded https://repo.maven.apache.org/maven2/asm/asm-parent/3.3.1/asm-parent-3.3.1.pom
2026-05-08 18:09:16,777 [Worker-24: Update Maven projects configuration] INFO  o.e.m.c.i.e.AbstractTransferListenerAdapter - Downloading https://repo.maven.apache.org/maven2/org/codehaus/plexus/plexus-component-annotations/2.0.0/plexus-component-annotations-2.0.0.pom
2026-05-08 18:09:16,780 [Worker-24: Update Maven projects configuration] INFO  o.e.m.c.i.e.AbstractTransferListenerAdapter - Downloaded https://repo.maven.apache.org/maven2/org/codehaus/plexus/plexus-component-annotations/2.0.0/plexus-component-annotations-2.0.0.pom
2026-05-08 18:09:16,825 [Worker-24: Update Maven projects configuration] INFO  o.e.m.c.i.e.AbstractTransferListenerAdapter - Downloading https://repo.maven.apache.org/maven2/org/codehaus/plexus/plexus-containers/2.0.0/plexus-containers-2.0.0.pom
2026-05-08 18:09:16,827 [Worker-24: Update Maven projects configuration] INFO  o.e.m.c.i.e.AbstractTransferListenerAdapter - Downloaded https://repo.maven.apache.org/maven2/org/codehaus/plexus/plexus-containers/2.0.0/plexus-containers-2.0.0.pom
2026-05-08 18:09:16,882 [Worker-24: Update Maven projects configuration] INFO  o.e.m.c.i.e.AbstractTransferListenerAdapter - Downloading https://repo.maven.apache.org/maven2/org/codehaus/plexus/plexus-classworlds/2.4/plexus-classworlds-2.4.pom
2026-05-08 18:09:16,883 [Worker-24: Update Maven projects configuration] INFO  o.e.m.c.i.e.AbstractTransferListenerAdapter - Downloaded https://repo.maven.apache.org/maven2/org/codehaus/plexus/plexus-classworlds/2.4/plexus-classworlds-2.4.pom
2026-05-08 18:09:16,926 [Worker-24: Update Maven projects configuration] INFO  o.e.m.c.i.e.AbstractTransferListenerAdapter - Downloading https://repo.maven.apache.org/maven2/org/codehaus/plexus/plexus-utils/2.1/plexus-utils-2.1.pom
2026-05-08 18:09:16,928 [Worker-24: Update Maven projects configuration] INFO  o.e.m.c.i.e.AbstractTransferListenerAdapter - Downloaded https://repo.maven.apache.org/maven2/org/codehaus/plexus/plexus-utils/2.1/plexus-utils-2.1.pom
2026-05-08 18:09:16,986 [Worker-24: Update Maven projects configuration] INFO  o.e.m.c.i.e.AbstractTransferListenerAdapter - Downloading https://repo.maven.apache.org/maven2/org/apache/maven/maven-core/3.1.0/maven-core-3.1.0.pom
2026-05-08 18:09:16,988 [Worker-24: Update Maven projects configuration] INFO  o.e.m.c.i.e.AbstractTransferListenerAdapter - Downloaded https://repo.maven.apache.org/maven2/org/apache/maven/maven-core/3.1.0/maven-core-3.1.0.pom
2026-05-08 18:09:17,036 [Worker-24: Update Maven projects configuration] INFO  o.e.m.c.i.e.AbstractTransferListenerAdapter - Downloading https://repo.maven.apache.org/maven2/org/apache/maven/maven-settings/3.1.0/maven-settings-3.1.0.pom
2026-05-08 18:09:17,038 [Worker-24: Update Maven projects configuration] INFO  o.e.m.c.i.e.AbstractTransferListenerAdapter - Downloaded https://repo.maven.apache.org/maven2/org/apache/maven/maven-settings/3.1.0/maven-settings-3.1.0.pom
2026-05-08 18:09:17,097 [Worker-24: Update Maven projects configuration] INFO  o.e.m.c.i.e.AbstractTransferListenerAdapter - Downloading https://repo.maven.apache.org/maven2/org/apache/maven/maven-settings-builder/3.1.0/maven-settings-builder-3.1.0.pom
2026-05-08 18:09:17,100 [Worker-24: Update Maven projects configuration] INFO  o.e.m.c.i.e.AbstractTransferListenerAdapter - Downloaded https://repo.maven.apache.org/maven2/org/apache/maven/maven-settings-builder/3.1.0/maven-settings-builder-3.1.0.pom
2026-05-08 18:09:17,149 [Worker-24: Update Maven projects configuration] INFO  o.e.m.c.i.e.AbstractTransferListenerAdapter - Downloading https://repo.maven.apache.org/maven2/org/codehaus/plexus/plexus-interpolation/1.16/plexus-interpolation-1.16.pom
2026-05-08 18:09:17,151 [Worker-24: Update Maven projects configuration] INFO  o.e.m.c.i.e.AbstractTransferListenerAdapter - Downloaded https://repo.maven.apache.org/maven2/org/codehaus/plexus/plexus-interpolation/1.16/plexus-interpolation-1.16.pom
2026-05-08 18:09:17,197 [Worker-24: Update Maven projects configuration] INFO  o.e.m.c.i.e.AbstractTransferListenerAdapter - Downloading https://repo.maven.apache.org/maven2/org/codehaus/plexus/plexus-components/1.3/plexus-components-1.3.pom
2026-05-08 18:09:17,199 [Worker-24: Update Maven projects configuration] INFO  o.e.m.c.i.e.AbstractTransferListenerAdapter - Downloaded https://repo.maven.apache.org/maven2/org/codehaus/plexus/plexus-components/1.3/plexus-components-1.3.pom
2026-05-08 18:09:17,245 [Worker-24: Update Maven projects configuration] INFO  o.e.m.c.i.e.AbstractTransferListenerAdapter - Downloading https://repo.maven.apache.org/maven2/org/apache/maven/maven-repository-metadata/3.1.0/maven-repository-metadata-3.1.0.pom
2026-05-08 18:09:17,246 [Worker-24: Update Maven projects configuration] INFO  o.e.m.c.i.e.AbstractTransferListenerAdapter - Downloaded https://repo.maven.apache.org/maven2/org/apache/maven/maven-repository-metadata/3.1.0/maven-repository-metadata-3.1.0.pom
2026-05-08 18:09:17,286 [Worker-24: Update Maven projects configuration] INFO  o.e.m.c.i.e.AbstractTransferListenerAdapter - Downloading https://repo.maven.apache.org/maven2/org/apache/maven/maven-model-builder/3.1.0/maven-model-builder-3.1.0.pom
2026-05-08 18:09:17,287 [Worker-24: Update Maven projects configuration] INFO  o.e.m.c.i.e.AbstractTransferListenerAdapter - Downloaded https://repo.maven.apache.org/maven2/org/apache/maven/maven-model-builder/3.1.0/maven-model-builder-3.1.0.pom
2026-05-08 18:09:17,331 [Worker-24: Update Maven projects configuration] INFO  o.e.m.c.i.e.AbstractTransferListenerAdapter - Downloading https://repo.maven.apache.org/maven2/org/apache/maven/maven-aether-provider/3.1.0/maven-aether-provider-3.1.0.pom
2026-05-08 18:09:17,332 [Worker-24: Update Maven projects configuration] INFO  o.e.m.c.i.e.AbstractTransferListenerAdapter - Downloaded https://repo.maven.apache.org/maven2/org/apache/maven/maven-aether-provider/3.1.0/maven-aether-provider-3.1.0.pom
2026-05-08 18:09:17,432 [Worker-24: Update Maven projects configuration] INFO  o.e.m.c.i.e.AbstractTransferListenerAdapter - Downloading https://repo.maven.apache.org/maven2/org/eclipse/aether/aether-api/0.9.0.M2/aether-api-0.9.0.M2.pom
2026-05-08 18:09:17,433 [Worker-24: Update Maven projects configuration] INFO  o.e.m.c.i.e.AbstractTransferListenerAdapter - Downloaded https://repo.maven.apache.org/maven2/org/eclipse/aether/aether-api/0.9.0.M2/aether-api-0.9.0.M2.pom
2026-05-08 18:09:17,471 [Worker-24: Update Maven projects configuration] INFO  o.e.m.c.i.e.AbstractTransferListenerAdapter - Downloading https://repo.maven.apache.org/maven2/org/eclipse/aether/aether-spi/0.9.0.M2/aether-spi-0.9.0.M2.pom
2026-05-08 18:09:17,472 [Worker-24: Update Maven projects configuration] INFO  o.e.m.c.i.e.AbstractTransferListenerAdapter - Downloaded https://repo.maven.apache.org/maven2/org/eclipse/aether/aether-spi/0.9.0.M2/aether-spi-0.9.0.M2.pom
2026-05-08 18:09:17,521 [Worker-24: Update Maven projects configuration] INFO  o.e.m.c.i.e.AbstractTransferListenerAdapter - Downloading https://repo.maven.apache.org/maven2/org/eclipse/aether/aether-impl/0.9.0.M2/aether-impl-0.9.0.M2.pom
2026-05-08 18:09:17,522 [Worker-24: Update Maven projects configuration] INFO  o.e.m.c.i.e.AbstractTransferListenerAdapter - Downloaded https://repo.maven.apache.org/maven2/org/eclipse/aether/aether-impl/0.9.0.M2/aether-impl-0.9.0.M2.pom
2026-05-08 18:09:17,575 [Worker-24: Update Maven projects configuration] INFO  o.e.m.c.i.e.AbstractTransferListenerAdapter - Downloading https://repo.maven.apache.org/maven2/org/codehaus/plexus/plexus-classworlds/2.4.2/plexus-classworlds-2.4.2.pom
2026-05-08 18:09:17,576 [Worker-24: Update Maven projects configuration] INFO  o.e.m.c.i.e.AbstractTransferListenerAdapter - Downloaded https://repo.maven.apache.org/maven2/org/codehaus/plexus/plexus-classworlds/2.4.2/plexus-classworlds-2.4.2.pom
2026-05-08 18:09:17,620 [Worker-24: Update Maven projects configuration] INFO  o.e.m.c.i.e.AbstractTransferListenerAdapter - Downloading https://repo.maven.apache.org/maven2/org/apache/maven/shared/file-management/3.0.0/file-management-3.0.0.pom
2026-05-08 18:09:17,621 [Worker-24: Update Maven projects configuration] INFO  o.e.m.c.i.e.AbstractTransferListenerAdapter - Downloaded https://repo.maven.apache.org/maven2/org/apache/maven/shared/file-management/3.0.0/file-management-3.0.0.pom
2026-05-08 18:09:17,658 [Worker-24: Update Maven projects configuration] INFO  o.e.m.c.i.e.AbstractTransferListenerAdapter - Downloading https://repo.maven.apache.org/maven2/org/apache/maven/shared/maven-shared-components/22/maven-shared-components-22.pom
2026-05-08 18:09:17,658 [Worker-24: Update Maven projects configuration] INFO  o.e.m.c.i.e.AbstractTransferListenerAdapter - Downloaded https://repo.maven.apache.org/maven2/org/apache/maven/shared/maven-shared-components/22/maven-shared-components-22.pom
2026-05-08 18:09:17,706 [Worker-24: Update Maven projects configuration] INFO  o.e.m.c.i.e.AbstractTransferListenerAdapter - Downloading https://repo.maven.apache.org/maven2/org/apache/maven/maven-parent/27/maven-parent-27.pom
2026-05-08 18:09:17,706 [Worker-24: Update Maven projects configuration] INFO  o.e.m.c.i.e.AbstractTransferListenerAdapter - Downloaded https://repo.maven.apache.org/maven2/org/apache/maven/maven-parent/27/maven-parent-27.pom
2026-05-08 18:09:17,746 [Worker-24: Update Maven projects configuration] INFO  o.e.m.c.i.e.AbstractTransferListenerAdapter - Downloading https://repo.maven.apache.org/maven2/org/apache/apache/17/apache-17.pom
2026-05-08 18:09:17,747 [Worker-24: Update Maven projects configuration] INFO  o.e.m.c.i.e.AbstractTransferListenerAdapter - Downloaded https://repo.maven.apache.org/maven2/org/apache/apache/17/apache-17.pom
2026-05-08 18:09:17,793 [Worker-24: Update Maven projects configuration] INFO  o.e.m.c.i.e.AbstractTransferListenerAdapter - Downloading https://repo.maven.apache.org/maven2/org/apache/maven/shared/maven-shared-io/3.0.0/maven-shared-io-3.0.0.pom
2026-05-08 18:09:17,793 [Worker-24: Update Maven projects configuration] INFO  o.e.m.c.i.e.AbstractTransferListenerAdapter - Downloaded https://repo.maven.apache.org/maven2/org/apache/maven/shared/maven-shared-io/3.0.0/maven-shared-io-3.0.0.pom
2026-05-08 18:09:17,836 [Worker-24: Update Maven projects configuration] INFO  o.e.m.c.i.e.AbstractTransferListenerAdapter - Downloading https://repo.maven.apache.org/maven2/org/apache/maven/maven-compat/3.0/maven-compat-3.0.pom
2026-05-08 18:09:17,836 [Worker-24: Update Maven projects configuration] INFO  o.e.m.c.i.e.AbstractTransferListenerAdapter - Downloaded https://repo.maven.apache.org/maven2/org/apache/maven/maven-compat/3.0/maven-compat-3.0.pom
2026-05-08 18:09:17,877 [Worker-24: Update Maven projects configuration] INFO  o.e.m.c.i.e.AbstractTransferListenerAdapter - Downloading https://repo.maven.apache.org/maven2/org/apache/maven/wagon/wagon-provider-api/1.0-beta-6/wagon-provider-api-1.0-beta-6.pom
2026-05-08 18:09:17,878 [Worker-24: Update Maven projects configuration] INFO  o.e.m.c.i.e.AbstractTransferListenerAdapter - Downloaded https://repo.maven.apache.org/maven2/org/apache/maven/wagon/wagon-provider-api/1.0-beta-6/wagon-provider-api-1.0-beta-6.pom
2026-05-08 18:09:17,922 [Worker-24: Update Maven projects configuration] INFO  o.e.m.c.i.e.AbstractTransferListenerAdapter - Downloading https://repo.maven.apache.org/maven2/org/apache/maven/wagon/wagon/1.0-beta-6/wagon-1.0-beta-6.pom
2026-05-08 18:09:17,922 [Worker-24: Update Maven projects configuration] INFO  o.e.m.c.i.e.AbstractTransferListenerAdapter - Downloaded https://repo.maven.apache.org/maven2/org/apache/maven/wagon/wagon/1.0-beta-6/wagon-1.0-beta-6.pom
2026-05-08 18:09:17,974 [Worker-24: Update Maven projects configuration] INFO  o.e.m.c.i.e.AbstractTransferListenerAdapter - Downloading https://repo.maven.apache.org/maven2/org/apache/maven/wagon/wagon-provider-api/2.10/wagon-provider-api-2.10.pom
2026-05-08 18:09:17,975 [Worker-24: Update Maven projects configuration] INFO  o.e.m.c.i.e.AbstractTransferListenerAdapter - Downloaded https://repo.maven.apache.org/maven2/org/apache/maven/wagon/wagon-provider-api/2.10/wagon-provider-api-2.10.pom
2026-05-08 18:09:18,021 [Worker-24: Update Maven projects configuration] INFO  o.e.m.c.i.e.AbstractTransferListenerAdapter - Downloading https://repo.maven.apache.org/maven2/org/apache/maven/wagon/wagon/2.10/wagon-2.10.pom
2026-05-08 18:09:18,022 [Worker-24: Update Maven projects configuration] INFO  o.e.m.c.i.e.AbstractTransferListenerAdapter - Downloaded https://repo.maven.apache.org/maven2/org/apache/maven/wagon/wagon/2.10/wagon-2.10.pom
2026-05-08 18:09:18,067 [Worker-24: Update Maven projects configuration] INFO  o.e.m.c.i.e.AbstractTransferListenerAdapter - Downloading https://repo.maven.apache.org/maven2/org/apache/maven/maven-parent/26/maven-parent-26.pom
2026-05-08 18:09:18,068 [Worker-24: Update Maven projects configuration] INFO  o.e.m.c.i.e.AbstractTransferListenerAdapter - Downloaded https://repo.maven.apache.org/maven2/org/apache/maven/maven-parent/26/maven-parent-26.pom
2026-05-08 18:09:18,113 [Worker-24: Update Maven projects configuration] INFO  o.e.m.c.i.e.AbstractTransferListenerAdapter - Downloading https://repo.maven.apache.org/maven2/org/codehaus/plexus/plexus-utils/3.0.15/plexus-utils-3.0.15.pom
2026-05-08 18:09:18,114 [Worker-24: Update Maven projects configuration] INFO  o.e.m.c.i.e.AbstractTransferListenerAdapter - Downloaded https://repo.maven.apache.org/maven2/org/codehaus/plexus/plexus-utils/3.0.15/plexus-utils-3.0.15.pom
2026-05-08 18:09:18,171 [Worker-24: Update Maven projects configuration] INFO  o.e.m.c.i.e.AbstractTransferListenerAdapter - Downloading https://repo.maven.apache.org/maven2/org/apache/maven/shared/maven-shared-utils/3.0.0/maven-shared-utils-3.0.0.pom
2026-05-08 18:09:18,172 [Worker-24: Update Maven projects configuration] INFO  o.e.m.c.i.e.AbstractTransferListenerAdapter - Downloaded https://repo.maven.apache.org/maven2/org/apache/maven/shared/maven-shared-utils/3.0.0/maven-shared-utils-3.0.0.pom
2026-05-08 18:09:18,218 [Worker-24: Update Maven projects configuration] INFO  o.e.m.c.i.e.AbstractTransferListenerAdapter - Downloading https://repo.maven.apache.org/maven2/org/apache/maven/shared/maven-shared-components/21/maven-shared-components-21.pom
2026-05-08 18:09:18,219 [Worker-24: Update Maven projects configuration] INFO  o.e.m.c.i.e.AbstractTransferListenerAdapter - Downloaded https://repo.maven.apache.org/maven2/org/apache/maven/shared/maven-shared-components/21/maven-shared-components-21.pom
2026-05-08 18:09:18,260 [Worker-24: Update Maven projects configuration] INFO  o.e.m.c.i.e.AbstractTransferListenerAdapter - Downloading https://repo.maven.apache.org/maven2/org/apache/maven/maven-parent/25/maven-parent-25.pom
2026-05-08 18:09:18,263 [Worker-24: Update Maven projects configuration] INFO  o.e.m.c.i.e.AbstractTransferListenerAdapter - Downloaded https://repo.maven.apache.org/maven2/org/apache/maven/maven-parent/25/maven-parent-25.pom
2026-05-08 18:09:18,322 [Worker-24: Update Maven projects configuration] INFO  o.e.m.c.i.e.AbstractTransferListenerAdapter - Downloading https://repo.maven.apache.org/maven2/commons-io/commons-io/2.4/commons-io-2.4.pom
2026-05-08 18:09:18,324 [Worker-24: Update Maven projects configuration] INFO  o.e.m.c.i.e.AbstractTransferListenerAdapter - Downloaded https://repo.maven.apache.org/maven2/commons-io/commons-io/2.4/commons-io-2.4.pom
2026-05-08 18:09:18,375 [Worker-24: Update Maven projects configuration] INFO  o.e.m.c.i.e.AbstractTransferListenerAdapter - Downloading https://repo.maven.apache.org/maven2/org/apache/commons/commons-parent/25/commons-parent-25.pom
2026-05-08 18:09:18,377 [Worker-24: Update Maven projects configuration] INFO  o.e.m.c.i.e.AbstractTransferListenerAdapter - Downloaded https://repo.maven.apache.org/maven2/org/apache/commons/commons-parent/25/commons-parent-25.pom
2026-05-08 18:09:18,426 [Worker-24: Update Maven projects configuration] INFO  o.e.m.c.i.e.AbstractTransferListenerAdapter - Downloading https://repo.maven.apache.org/maven2/org/apache/maven/maven-archiver/3.5.2/maven-archiver-3.5.2.pom
2026-05-08 18:09:18,428 [Worker-24: Update Maven projects configuration] INFO  o.e.m.c.i.e.AbstractTransferListenerAdapter - Downloaded https://repo.maven.apache.org/maven2/org/apache/maven/maven-archiver/3.5.2/maven-archiver-3.5.2.pom
2026-05-08 18:09:18,467 [Worker-24: Update Maven projects configuration] INFO  o.e.m.c.i.e.AbstractTransferListenerAdapter - Downloading https://repo.maven.apache.org/maven2/org/apache/maven/maven-artifact/3.1.1/maven-artifact-3.1.1.pom
2026-05-08 18:09:18,468 [Worker-24: Update Maven projects configuration] INFO  o.e.m.c.i.e.AbstractTransferListenerAdapter - Downloaded https://repo.maven.apache.org/maven2/org/apache/maven/maven-artifact/3.1.1/maven-artifact-3.1.1.pom
2026-05-08 18:09:18,521 [Worker-24: Update Maven projects configuration] INFO  o.e.m.c.i.e.AbstractTransferListenerAdapter - Downloading https://repo.maven.apache.org/maven2/org/apache/maven/maven/3.1.1/maven-3.1.1.pom
2026-05-08 18:09:18,522 [Worker-24: Update Maven projects configuration] INFO  o.e.m.c.i.e.AbstractTransferListenerAdapter - Downloaded https://repo.maven.apache.org/maven2/org/apache/maven/maven/3.1.1/maven-3.1.1.pom
2026-05-08 18:09:18,567 [Worker-24: Update Maven projects configuration] INFO  o.e.m.c.i.e.AbstractTransferListenerAdapter - Downloading https://repo.maven.apache.org/maven2/org/apache/maven/maven-model/3.1.1/maven-model-3.1.1.pom
2026-05-08 18:09:18,569 [Worker-24: Update Maven projects configuration] INFO  o.e.m.c.i.e.AbstractTransferListenerAdapter - Downloaded https://repo.maven.apache.org/maven2/org/apache/maven/maven-model/3.1.1/maven-model-3.1.1.pom
2026-05-08 18:09:18,621 [Worker-24: Update Maven projects configuration] INFO  o.e.m.c.i.e.AbstractTransferListenerAdapter - Downloading https://repo.maven.apache.org/maven2/org/apache/maven/maven-core/3.1.1/maven-core-3.1.1.pom
2026-05-08 18:09:18,623 [Worker-24: Update Maven projects configuration] INFO  o.e.m.c.i.e.AbstractTransferListenerAdapter - Downloaded https://repo.maven.apache.org/maven2/org/apache/maven/maven-core/3.1.1/maven-core-3.1.1.pom
2026-05-08 18:09:18,682 [Worker-24: Update Maven projects configuration] INFO  o.e.m.c.i.e.AbstractTransferListenerAdapter - Downloading https://repo.maven.apache.org/maven2/org/apache/maven/maven-settings/3.1.1/maven-settings-3.1.1.pom
2026-05-08 18:09:18,684 [Worker-24: Update Maven projects configuration] INFO  o.e.m.c.i.e.AbstractTransferListenerAdapter - Downloaded https://repo.maven.apache.org/maven2/org/apache/maven/maven-settings/3.1.1/maven-settings-3.1.1.pom
2026-05-08 18:09:18,737 [Worker-24: Update Maven projects configuration] INFO  o.e.m.c.i.e.AbstractTransferListenerAdapter - Downloading https://repo.maven.apache.org/maven2/org/apache/maven/maven-settings-builder/3.1.1/maven-settings-builder-3.1.1.pom
2026-05-08 18:09:18,740 [Worker-24: Update Maven projects configuration] INFO  o.e.m.c.i.e.AbstractTransferListenerAdapter - Downloaded https://repo.maven.apache.org/maven2/org/apache/maven/maven-settings-builder/3.1.1/maven-settings-builder-3.1.1.pom
2026-05-08 18:09:18,787 [Worker-24: Update Maven projects configuration] INFO  o.e.m.c.i.e.AbstractTransferListenerAdapter - Downloading https://repo.maven.apache.org/maven2/org/codehaus/plexus/plexus-interpolation/1.19/plexus-interpolation-1.19.pom
2026-05-08 18:09:18,789 [Worker-24: Update Maven projects configuration] INFO  o.e.m.c.i.e.AbstractTransferListenerAdapter - Downloaded https://repo.maven.apache.org/maven2/org/codehaus/plexus/plexus-interpolation/1.19/plexus-interpolation-1.19.pom
2026-05-08 18:09:18,827 [Worker-24: Update Maven projects configuration] INFO  o.e.m.c.i.e.AbstractTransferListenerAdapter - Downloading https://repo.maven.apache.org/maven2/org/codehaus/plexus/plexus-components/1.3.1/plexus-components-1.3.1.pom
2026-05-08 18:09:18,829 [Worker-24: Update Maven projects configuration] INFO  o.e.m.c.i.e.AbstractTransferListenerAdapter - Downloaded https://repo.maven.apache.org/maven2/org/codehaus/plexus/plexus-components/1.3.1/plexus-components-1.3.1.pom
2026-05-08 18:09:18,887 [Worker-24: Update Maven projects configuration] INFO  o.e.m.c.i.e.AbstractTransferListenerAdapter - Downloading https://repo.maven.apache.org/maven2/org/apache/maven/maven-repository-metadata/3.1.1/maven-repository-metadata-3.1.1.pom
2026-05-08 18:09:18,890 [Worker-24: Update Maven projects configuration] INFO  o.e.m.c.i.e.AbstractTransferListenerAdapter - Downloaded https://repo.maven.apache.org/maven2/org/apache/maven/maven-repository-metadata/3.1.1/maven-repository-metadata-3.1.1.pom
2026-05-08 18:09:18,942 [Worker-24: Update Maven projects configuration] INFO  o.e.m.c.i.e.AbstractTransferListenerAdapter - Downloading https://repo.maven.apache.org/maven2/org/apache/maven/maven-plugin-api/3.1.1/maven-plugin-api-3.1.1.pom
2026-05-08 18:09:18,944 [Worker-24: Update Maven projects configuration] INFO  o.e.m.c.i.e.AbstractTransferListenerAdapter - Downloaded https://repo.maven.apache.org/maven2/org/apache/maven/maven-plugin-api/3.1.1/maven-plugin-api-3.1.1.pom
2026-05-08 18:09:18,996 [Worker-24: Update Maven projects configuration] INFO  o.e.m.c.i.e.AbstractTransferListenerAdapter - Downloading https://repo.maven.apache.org/maven2/org/eclipse/sisu/org.eclipse.sisu.plexus/0.0.0.M5/org.eclipse.sisu.plexus-0.0.0.M5.pom
2026-05-08 18:09:18,996 [Worker-24: Update Maven projects configuration] INFO  o.e.m.c.i.e.AbstractTransferListenerAdapter - Downloaded https://repo.maven.apache.org/maven2/org/eclipse/sisu/org.eclipse.sisu.plexus/0.0.0.M5/org.eclipse.sisu.plexus-0.0.0.M5.pom
2026-05-08 18:09:19,037 [Worker-24: Update Maven projects configuration] INFO  o.e.m.c.i.e.AbstractTransferListenerAdapter - Downloading https://repo.maven.apache.org/maven2/org/eclipse/sisu/sisu-plexus/0.0.0.M5/sisu-plexus-0.0.0.M5.pom
2026-05-08 18:09:19,037 [Worker-24: Update Maven projects configuration] INFO  o.e.m.c.i.e.AbstractTransferListenerAdapter - Downloaded https://repo.maven.apache.org/maven2/org/eclipse/sisu/sisu-plexus/0.0.0.M5/sisu-plexus-0.0.0.M5.pom
2026-05-08 18:09:19,076 [Worker-24: Update Maven projects configuration] INFO  o.e.m.c.i.e.AbstractTransferListenerAdapter - Downloading https://repo.maven.apache.org/maven2/org/eclipse/sisu/org.eclipse.sisu.inject/0.0.0.M5/org.eclipse.sisu.inject-0.0.0.M5.pom
2026-05-08 18:09:19,077 [Worker-24: Update Maven projects configuration] INFO  o.e.m.c.i.e.AbstractTransferListenerAdapter - Downloaded https://repo.maven.apache.org/maven2/org/eclipse/sisu/org.eclipse.sisu.inject/0.0.0.M5/org.eclipse.sisu.inject-0.0.0.M5.pom
2026-05-08 18:09:19,126 [Worker-24: Update Maven projects configuration] INFO  o.e.m.c.i.e.AbstractTransferListenerAdapter - Downloading https://repo.maven.apache.org/maven2/org/eclipse/sisu/sisu-inject/0.0.0.M5/sisu-inject-0.0.0.M5.pom
2026-05-08 18:09:19,127 [Worker-24: Update Maven projects configuration] INFO  o.e.m.c.i.e.AbstractTransferListenerAdapter - Downloaded https://repo.maven.apache.org/maven2/org/eclipse/sisu/sisu-inject/0.0.0.M5/sisu-inject-0.0.0.M5.pom
2026-05-08 18:09:19,176 [Worker-24: Update Maven projects configuration] INFO  o.e.m.c.i.e.AbstractTransferListenerAdapter - Downloading https://repo.maven.apache.org/maven2/org/apache/maven/maven-model-builder/3.1.1/maven-model-builder-3.1.1.pom
2026-05-08 18:09:19,177 [Worker-24: Update Maven projects configuration] INFO  o.e.m.c.i.e.AbstractTransferListenerAdapter - Downloaded https://repo.maven.apache.org/maven2/org/apache/maven/maven-model-builder/3.1.1/maven-model-builder-3.1.1.pom
2026-05-08 18:09:19,225 [Worker-24: Update Maven projects configuration] INFO  o.e.m.c.i.e.AbstractTransferListenerAdapter - Downloading https://repo.maven.apache.org/maven2/org/apache/maven/maven-aether-provider/3.1.1/maven-aether-provider-3.1.1.pom
2026-05-08 18:09:19,225 [Worker-24: Update Maven projects configuration] INFO  o.e.m.c.i.e.AbstractTransferListenerAdapter - Downloaded https://repo.maven.apache.org/maven2/org/apache/maven/maven-aether-provider/3.1.1/maven-aether-provider-3.1.1.pom
2026-05-08 18:09:19,282 [Worker-24: Update Maven projects configuration] INFO  o.e.m.c.i.e.AbstractTransferListenerAdapter - Downloading https://repo.maven.apache.org/maven2/org/codehaus/plexus/plexus-classworlds/2.5.1/plexus-classworlds-2.5.1.pom
2026-05-08 18:09:19,284 [Worker-24: Update Maven projects configuration] INFO  o.e.m.c.i.e.AbstractTransferListenerAdapter - Downloaded https://repo.maven.apache.org/maven2/org/codehaus/plexus/plexus-classworlds/2.5.1/plexus-classworlds-2.5.1.pom
2026-05-08 18:09:19,337 [Worker-24: Update Maven projects configuration] INFO  o.e.m.c.i.e.AbstractTransferListenerAdapter - Downloading https://repo.maven.apache.org/maven2/org/apache/maven/shared/maven-shared-utils/3.3.3/maven-shared-utils-3.3.3.pom
2026-05-08 18:09:19,339 [Worker-24: Update Maven projects configuration] INFO  o.e.m.c.i.e.AbstractTransferListenerAdapter - Downloaded https://repo.maven.apache.org/maven2/org/apache/maven/shared/maven-shared-utils/3.3.3/maven-shared-utils-3.3.3.pom
2026-05-08 18:09:19,395 [Worker-24: Update Maven projects configuration] INFO  o.e.m.c.i.e.AbstractTransferListenerAdapter - Downloading https://repo.maven.apache.org/maven2/org/apache/commons/commons-compress/1.20/commons-compress-1.20.pom
2026-05-08 18:09:19,397 [Worker-24: Update Maven projects configuration] INFO  o.e.m.c.i.e.AbstractTransferListenerAdapter - Downloaded https://repo.maven.apache.org/maven2/org/apache/commons/commons-compress/1.20/commons-compress-1.20.pom
2026-05-08 18:09:19,445 [Worker-24: Update Maven projects configuration] INFO  o.e.m.c.i.e.AbstractTransferListenerAdapter - Downloading https://repo.maven.apache.org/maven2/org/apache/commons/commons-parent/48/commons-parent-48.pom
2026-05-08 18:09:19,448 [Worker-24: Update Maven projects configuration] INFO  o.e.m.c.i.e.AbstractTransferListenerAdapter - Downloaded https://repo.maven.apache.org/maven2/org/apache/commons/commons-parent/48/commons-parent-48.pom
2026-05-08 18:09:19,503 [Worker-24: Update Maven projects configuration] INFO  o.e.m.c.i.e.AbstractTransferListenerAdapter - Downloading https://repo.maven.apache.org/maven2/org/codehaus/plexus/plexus-archiver/4.2.7/plexus-archiver-4.2.7.pom
2026-05-08 18:09:19,506 [Worker-24: Update Maven projects configuration] INFO  o.e.m.c.i.e.AbstractTransferListenerAdapter - Downloaded https://repo.maven.apache.org/maven2/org/codehaus/plexus/plexus-archiver/4.2.7/plexus-archiver-4.2.7.pom
2026-05-08 18:09:19,561 [Worker-24: Update Maven projects configuration] INFO  o.e.m.c.i.e.AbstractTransferListenerAdapter - Downloading https://repo.maven.apache.org/maven2/org/codehaus/plexus/plexus/8/plexus-8.pom
2026-05-08 18:09:19,564 [Worker-24: Update Maven projects configuration] INFO  o.e.m.c.i.e.AbstractTransferListenerAdapter - Downloaded https://repo.maven.apache.org/maven2/org/codehaus/plexus/plexus/8/plexus-8.pom
2026-05-08 18:09:19,623 [Worker-24: Update Maven projects configuration] INFO  o.e.m.c.i.e.AbstractTransferListenerAdapter - Downloading https://repo.maven.apache.org/maven2/org/codehaus/plexus/plexus-utils/3.4.1/plexus-utils-3.4.1.pom
2026-05-08 18:09:19,625 [Worker-24: Update Maven projects configuration] INFO  o.e.m.c.i.e.AbstractTransferListenerAdapter - Downloaded https://repo.maven.apache.org/maven2/org/codehaus/plexus/plexus-utils/3.4.1/plexus-utils-3.4.1.pom
2026-05-08 18:09:19,682 [Worker-24: Update Maven projects configuration] INFO  o.e.m.c.i.e.AbstractTransferListenerAdapter - Downloading https://repo.maven.apache.org/maven2/org/codehaus/plexus/plexus-io/3.2.0/plexus-io-3.2.0.pom
2026-05-08 18:09:19,684 [Worker-24: Update Maven projects configuration] INFO  o.e.m.c.i.e.AbstractTransferListenerAdapter - Downloaded https://repo.maven.apache.org/maven2/org/codehaus/plexus/plexus-io/3.2.0/plexus-io-3.2.0.pom
2026-05-08 18:09:19,726 [Worker-24: Update Maven projects configuration] INFO  o.e.m.c.i.e.AbstractTransferListenerAdapter - Downloading https://repo.maven.apache.org/maven2/org/codehaus/plexus/plexus-utils/3.3.0/plexus-utils-3.3.0.pom
2026-05-08 18:09:19,727 [Worker-24: Update Maven projects configuration] INFO  o.e.m.c.i.e.AbstractTransferListenerAdapter - Downloaded https://repo.maven.apache.org/maven2/org/codehaus/plexus/plexus-utils/3.3.0/plexus-utils-3.3.0.pom
2026-05-08 18:09:19,768 [Worker-24: Update Maven projects configuration] INFO  o.e.m.c.i.e.AbstractTransferListenerAdapter - Downloading https://repo.maven.apache.org/maven2/org/apache/commons/commons-compress/1.21/commons-compress-1.21.pom
2026-05-08 18:09:19,769 [Worker-24: Update Maven projects configuration] INFO  o.e.m.c.i.e.AbstractTransferListenerAdapter - Downloaded https://repo.maven.apache.org/maven2/org/apache/commons/commons-compress/1.21/commons-compress-1.21.pom
2026-05-08 18:09:19,815 [Worker-24: Update Maven projects configuration] INFO  o.e.m.c.i.e.AbstractTransferListenerAdapter - Downloading https://repo.maven.apache.org/maven2/org/codehaus/plexus/plexus-utils/3.3.1/plexus-utils-3.3.1.pom
2026-05-08 18:09:19,816 [Worker-24: Update Maven projects configuration] INFO  o.e.m.c.i.e.AbstractTransferListenerAdapter - Downloaded https://repo.maven.apache.org/maven2/org/codehaus/plexus/plexus-utils/3.3.1/plexus-utils-3.3.1.pom
2026-05-08 18:09:19,878 [BasicRepositoryConnector-repo.maven.apache.org-2-0] INFO  o.e.m.c.i.e.AbstractTransferListenerAdapter - Downloading https://repo.maven.apache.org/maven2/org/apache/maven/maven-plugin-api/3.1.0/maven-plugin-api-3.1.0.jar
2026-05-08 18:09:19,881 [BasicRepositoryConnector-repo.maven.apache.org-2-4] INFO  o.e.m.c.i.e.AbstractTransferListenerAdapter - Downloading https://repo.maven.apache.org/maven2/javax/annotation/jsr250-api/1.0/jsr250-api-1.0.jar
2026-05-08 18:09:19,882 [BasicRepositoryConnector-repo.maven.apache.org-2-4] INFO  o.e.m.c.i.e.AbstractTransferListenerAdapter - Downloaded https://repo.maven.apache.org/maven2/javax/annotation/jsr250-api/1.0/jsr250-api-1.0.jar
2026-05-08 18:09:19,885 [BasicRepositoryConnector-repo.maven.apache.org-2-1] INFO  o.e.m.c.i.e.AbstractTransferListenerAdapter - Downloading https://repo.maven.apache.org/maven2/org/apache/maven/maven-model/3.1.0/maven-model-3.1.0.jar
2026-05-08 18:09:19,888 [BasicRepositoryConnector-repo.maven.apache.org-2-0] INFO  o.e.m.c.i.e.AbstractTransferListenerAdapter - Downloaded https://repo.maven.apache.org/maven2/org/apache/maven/maven-plugin-api/3.1.0/maven-plugin-api-3.1.0.jar
2026-05-08 18:09:19,893 [BasicRepositoryConnector-repo.maven.apache.org-2-2] INFO  o.e.m.c.i.e.AbstractTransferListenerAdapter - Downloading https://repo.maven.apache.org/maven2/org/eclipse/sisu/org.eclipse.sisu.plexus/0.0.0.M2a/org.eclipse.sisu.plexus-0.0.0.M2a.jar
2026-05-08 18:09:19,896 [BasicRepositoryConnector-repo.maven.apache.org-2-3] INFO  o.e.m.c.i.e.AbstractTransferListenerAdapter - Downloading https://repo.maven.apache.org/maven2/javax/enterprise/cdi-api/1.0/cdi-api-1.0.jar
2026-05-08 18:09:19,908 [BasicRepositoryConnector-repo.maven.apache.org-2-3] INFO  o.e.m.c.i.e.AbstractTransferListenerAdapter - Downloaded https://repo.maven.apache.org/maven2/javax/enterprise/cdi-api/1.0/cdi-api-1.0.jar
2026-05-08 18:09:19,936 [BasicRepositoryConnector-repo.maven.apache.org-2-4] INFO  o.e.m.c.i.e.AbstractTransferListenerAdapter - Downloading https://repo.maven.apache.org/maven2/com/google/guava/guava/10.0.1/guava-10.0.1.jar
2026-05-08 18:09:19,939 [BasicRepositoryConnector-repo.maven.apache.org-2-1] INFO  o.e.m.c.i.e.AbstractTransferListenerAdapter - Downloaded https://repo.maven.apache.org/maven2/org/apache/maven/maven-model/3.1.0/maven-model-3.1.0.jar
2026-05-08 18:09:19,977 [BasicRepositoryConnector-repo.maven.apache.org-2-0] INFO  o.e.m.c.i.e.AbstractTransferListenerAdapter - Downloading https://repo.maven.apache.org/maven2/com/google/code/findbugs/jsr305/1.3.9/jsr305-1.3.9.jar
2026-05-08 18:09:19,981 [BasicRepositoryConnector-repo.maven.apache.org-2-0] INFO  o.e.m.c.i.e.AbstractTransferListenerAdapter - Downloaded https://repo.maven.apache.org/maven2/com/google/code/findbugs/jsr305/1.3.9/jsr305-1.3.9.jar
2026-05-08 18:09:19,989 [BasicRepositoryConnector-repo.maven.apache.org-2-3] INFO  o.e.m.c.i.e.AbstractTransferListenerAdapter - Downloading https://repo.maven.apache.org/maven2/org/sonatype/sisu/sisu-guice/3.1.0/sisu-guice-3.1.0-no_aop.jar
2026-05-08 18:09:19,992 [BasicRepositoryConnector-repo.maven.apache.org-2-2] INFO  o.e.m.c.i.e.AbstractTransferListenerAdapter - Downloaded https://repo.maven.apache.org/maven2/org/eclipse/sisu/org.eclipse.sisu.plexus/0.0.0.M2a/org.eclipse.sisu.plexus-0.0.0.M2a.jar
2026-05-08 18:09:19,995 [BasicRepositoryConnector-repo.maven.apache.org-2-1] INFO  o.e.m.c.i.e.AbstractTransferListenerAdapter - Downloading https://repo.maven.apache.org/maven2/aopalliance/aopalliance/1.0/aopalliance-1.0.jar
2026-05-08 18:09:19,997 [BasicRepositoryConnector-repo.maven.apache.org-2-1] INFO  o.e.m.c.i.e.AbstractTransferListenerAdapter - Downloaded https://repo.maven.apache.org/maven2/aopalliance/aopalliance/1.0/aopalliance-1.0.jar
2026-05-08 18:09:20,041 [BasicRepositoryConnector-repo.maven.apache.org-2-0] INFO  o.e.m.c.i.e.AbstractTransferListenerAdapter - Downloading https://repo.maven.apache.org/maven2/org/eclipse/sisu/org.eclipse.sisu.inject/0.0.0.M2a/org.eclipse.sisu.inject-0.0.0.M2a.jar
2026-05-08 18:09:20,074 [BasicRepositoryConnector-repo.maven.apache.org-2-1] INFO  o.e.m.c.i.e.AbstractTransferListenerAdapter - Downloading https://repo.maven.apache.org/maven2/org/apache/maven/maven-core/3.1.0/maven-core-3.1.0.jar
2026-05-08 18:09:20,074 [BasicRepositoryConnector-repo.maven.apache.org-2-2] INFO  o.e.m.c.i.e.AbstractTransferListenerAdapter - Downloading https://repo.maven.apache.org/maven2/asm/asm/3.3.1/asm-3.3.1.jar
2026-05-08 18:09:20,089 [BasicRepositoryConnector-repo.maven.apache.org-2-2] INFO  o.e.m.c.i.e.AbstractTransferListenerAdapter - Downloaded https://repo.maven.apache.org/maven2/asm/asm/3.3.1/asm-3.3.1.jar
2026-05-08 18:09:20,127 [BasicRepositoryConnector-repo.maven.apache.org-2-0] INFO  o.e.m.c.i.e.AbstractTransferListenerAdapter - Downloaded https://repo.maven.apache.org/maven2/org/eclipse/sisu/org.eclipse.sisu.inject/0.0.0.M2a/org.eclipse.sisu.inject-0.0.0.M2a.jar
2026-05-08 18:09:20,191 [BasicRepositoryConnector-repo.maven.apache.org-2-2] INFO  o.e.m.c.i.e.AbstractTransferListenerAdapter - Downloading https://repo.maven.apache.org/maven2/org/apache/maven/maven-settings/3.1.0/maven-settings-3.1.0.jar
2026-05-08 18:09:20,193 [BasicRepositoryConnector-repo.maven.apache.org-2-3] INFO  o.e.m.c.i.e.AbstractTransferListenerAdapter - Downloaded https://repo.maven.apache.org/maven2/org/sonatype/sisu/sisu-guice/3.1.0/sisu-guice-3.1.0-no_aop.jar
2026-05-08 18:09:20,210 [BasicRepositoryConnector-repo.maven.apache.org-2-2] INFO  o.e.m.c.i.e.AbstractTransferListenerAdapter - Downloaded https://repo.maven.apache.org/maven2/org/apache/maven/maven-settings/3.1.0/maven-settings-3.1.0.jar
2026-05-08 18:09:20,221 [BasicRepositoryConnector-repo.maven.apache.org-2-0] INFO  o.e.m.c.i.e.AbstractTransferListenerAdapter - Downloading https://repo.maven.apache.org/maven2/org/apache/maven/maven-settings-builder/3.1.0/maven-settings-builder-3.1.0.jar
2026-05-08 18:09:20,236 [BasicRepositoryConnector-repo.maven.apache.org-2-0] INFO  o.e.m.c.i.e.AbstractTransferListenerAdapter - Downloaded https://repo.maven.apache.org/maven2/org/apache/maven/maven-settings-builder/3.1.0/maven-settings-builder-3.1.0.jar
2026-05-08 18:09:20,279 [BasicRepositoryConnector-repo.maven.apache.org-2-3] INFO  o.e.m.c.i.e.AbstractTransferListenerAdapter - Downloading https://repo.maven.apache.org/maven2/org/apache/maven/maven-repository-metadata/3.1.0/maven-repository-metadata-3.1.0.jar
2026-05-08 18:09:20,286 [BasicRepositoryConnector-repo.maven.apache.org-2-2] INFO  o.e.m.c.i.e.AbstractTransferListenerAdapter - Downloading https://repo.maven.apache.org/maven2/org/apache/maven/maven-model-builder/3.1.0/maven-model-builder-3.1.0.jar
2026-05-08 18:09:20,287 [BasicRepositoryConnector-repo.maven.apache.org-2-3] INFO  o.e.m.c.i.e.AbstractTransferListenerAdapter - Downloaded https://repo.maven.apache.org/maven2/org/apache/maven/maven-repository-metadata/3.1.0/maven-repository-metadata-3.1.0.jar
2026-05-08 18:09:20,306 [BasicRepositoryConnector-repo.maven.apache.org-2-0] INFO  o.e.m.c.i.e.AbstractTransferListenerAdapter - Downloading https://repo.maven.apache.org/maven2/org/apache/maven/maven-aether-provider/3.1.0/maven-aether-provider-3.1.0.jar
2026-05-08 18:09:20,308 [BasicRepositoryConnector-repo.maven.apache.org-2-1] INFO  o.e.m.c.i.e.AbstractTransferListenerAdapter - Downloaded https://repo.maven.apache.org/maven2/org/apache/maven/maven-core/3.1.0/maven-core-3.1.0.jar
2026-05-08 18:09:20,325 [BasicRepositoryConnector-repo.maven.apache.org-2-0] INFO  o.e.m.c.i.e.AbstractTransferListenerAdapter - Downloaded https://repo.maven.apache.org/maven2/org/apache/maven/maven-aether-provider/3.1.0/maven-aether-provider-3.1.0.jar
2026-05-08 18:09:20,341 [BasicRepositoryConnector-repo.maven.apache.org-2-2] INFO  o.e.m.c.i.e.AbstractTransferListenerAdapter - Downloaded https://repo.maven.apache.org/maven2/org/apache/maven/maven-model-builder/3.1.0/maven-model-builder-3.1.0.jar
2026-05-08 18:09:20,347 [BasicRepositoryConnector-repo.maven.apache.org-2-3] INFO  o.e.m.c.i.e.AbstractTransferListenerAdapter - Downloading https://repo.maven.apache.org/maven2/org/eclipse/aether/aether-spi/0.9.0.M2/aether-spi-0.9.0.M2.jar
2026-05-08 18:09:20,349 [BasicRepositoryConnector-repo.maven.apache.org-2-3] INFO  o.e.m.c.i.e.AbstractTransferListenerAdapter - Downloaded https://repo.maven.apache.org/maven2/org/eclipse/aether/aether-spi/0.9.0.M2/aether-spi-0.9.0.M2.jar
2026-05-08 18:09:20,363 [BasicRepositoryConnector-repo.maven.apache.org-2-1] INFO  o.e.m.c.i.e.AbstractTransferListenerAdapter - Downloading https://repo.maven.apache.org/maven2/org/eclipse/aether/aether-impl/0.9.0.M2/aether-impl-0.9.0.M2.jar
2026-05-08 18:09:20,383 [BasicRepositoryConnector-repo.maven.apache.org-2-0] INFO  o.e.m.c.i.e.AbstractTransferListenerAdapter - Downloading https://repo.maven.apache.org/maven2/org/eclipse/aether/aether-api/0.9.0.M2/aether-api-0.9.0.M2.jar
2026-05-08 18:09:20,394 [BasicRepositoryConnector-repo.maven.apache.org-2-2] INFO  o.e.m.c.i.e.AbstractTransferListenerAdapter - Downloading https://repo.maven.apache.org/maven2/org/eclipse/aether/aether-util/0.9.0.M2/aether-util-0.9.0.M2.jar
2026-05-08 18:09:20,410 [BasicRepositoryConnector-repo.maven.apache.org-2-3] INFO  o.e.m.c.i.e.AbstractTransferListenerAdapter - Downloading https://repo.maven.apache.org/maven2/org/codehaus/plexus/plexus-interpolation/1.16/plexus-interpolation-1.16.jar
2026-05-08 18:09:20,434 [BasicRepositoryConnector-repo.maven.apache.org-2-1] INFO  o.e.m.c.i.e.AbstractTransferListenerAdapter - Downloaded https://repo.maven.apache.org/maven2/org/eclipse/aether/aether-impl/0.9.0.M2/aether-impl-0.9.0.M2.jar
2026-05-08 18:09:20,436 [BasicRepositoryConnector-repo.maven.apache.org-2-3] INFO  o.e.m.c.i.e.AbstractTransferListenerAdapter - Downloaded https://repo.maven.apache.org/maven2/org/codehaus/plexus/plexus-interpolation/1.16/plexus-interpolation-1.16.jar
2026-05-08 18:09:20,438 [BasicRepositoryConnector-repo.maven.apache.org-2-0] INFO  o.e.m.c.i.e.AbstractTransferListenerAdapter - Downloaded https://repo.maven.apache.org/maven2/org/eclipse/aether/aether-api/0.9.0.M2/aether-api-0.9.0.M2.jar
2026-05-08 18:09:20,467 [BasicRepositoryConnector-repo.maven.apache.org-2-2] INFO  o.e.m.c.i.e.AbstractTransferListenerAdapter - Downloaded https://repo.maven.apache.org/maven2/org/eclipse/aether/aether-util/0.9.0.M2/aether-util-0.9.0.M2.jar
2026-05-08 18:09:20,556 [BasicRepositoryConnector-repo.maven.apache.org-2-3] INFO  o.e.m.c.i.e.AbstractTransferListenerAdapter - Downloading https://repo.maven.apache.org/maven2/org/codehaus/plexus/plexus-component-annotations/2.0.0/plexus-component-annotations-2.0.0.jar
2026-05-08 18:09:20,556 [BasicRepositoryConnector-repo.maven.apache.org-2-1] INFO  o.e.m.c.i.e.AbstractTransferListenerAdapter - Downloading https://repo.maven.apache.org/maven2/org/codehaus/plexus/plexus-classworlds/2.4.2/plexus-classworlds-2.4.2.jar
2026-05-08 18:09:20,559 [BasicRepositoryConnector-repo.maven.apache.org-2-3] INFO  o.e.m.c.i.e.AbstractTransferListenerAdapter - Downloaded https://repo.maven.apache.org/maven2/org/codehaus/plexus/plexus-component-annotations/2.0.0/plexus-component-annotations-2.0.0.jar
2026-05-08 18:09:20,567 [BasicRepositoryConnector-repo.maven.apache.org-2-0] INFO  o.e.m.c.i.e.AbstractTransferListenerAdapter - Downloading https://repo.maven.apache.org/maven2/org/apache/maven/maven-artifact/3.1.0/maven-artifact-3.1.0.jar
2026-05-08 18:09:20,575 [BasicRepositoryConnector-repo.maven.apache.org-2-1] INFO  o.e.m.c.i.e.AbstractTransferListenerAdapter - Downloaded https://repo.maven.apache.org/maven2/org/codehaus/plexus/plexus-classworlds/2.4.2/plexus-classworlds-2.4.2.jar
2026-05-08 18:09:20,578 [BasicRepositoryConnector-repo.maven.apache.org-2-2] INFO  o.e.m.c.i.e.AbstractTransferListenerAdapter - Downloading https://repo.maven.apache.org/maven2/org/apache/maven/shared/file-management/3.0.0/file-management-3.0.0.jar
2026-05-08 18:09:20,581 [BasicRepositoryConnector-repo.maven.apache.org-2-0] INFO  o.e.m.c.i.e.AbstractTransferListenerAdapter - Downloaded https://repo.maven.apache.org/maven2/org/apache/maven/maven-artifact/3.1.0/maven-artifact-3.1.0.jar
2026-05-08 18:09:20,583 [BasicRepositoryConnector-repo.maven.apache.org-2-2] INFO  o.e.m.c.i.e.AbstractTransferListenerAdapter - Downloaded https://repo.maven.apache.org/maven2/org/apache/maven/shared/file-management/3.0.0/file-management-3.0.0.jar
2026-05-08 18:09:20,624 [BasicRepositoryConnector-repo.maven.apache.org-2-3] INFO  o.e.m.c.i.e.AbstractTransferListenerAdapter - Downloading https://repo.maven.apache.org/maven2/org/apache/maven/shared/maven-shared-io/3.0.0/maven-shared-io-3.0.0.jar
2026-05-08 18:09:20,638 [BasicRepositoryConnector-repo.maven.apache.org-2-4] INFO  o.e.m.c.i.e.AbstractTransferListenerAdapter - Downloaded https://repo.maven.apache.org/maven2/com/google/guava/guava/10.0.1/guava-10.0.1.jar
2026-05-08 18:09:20,643 [BasicRepositoryConnector-repo.maven.apache.org-2-3] INFO  o.e.m.c.i.e.AbstractTransferListenerAdapter - Downloaded https://repo.maven.apache.org/maven2/org/apache/maven/shared/maven-shared-io/3.0.0/maven-shared-io-3.0.0.jar
2026-05-08 18:09:20,678 [BasicRepositoryConnector-repo.maven.apache.org-2-1] INFO  o.e.m.c.i.e.AbstractTransferListenerAdapter - Downloading https://repo.maven.apache.org/maven2/org/apache/maven/maven-compat/3.0/maven-compat-3.0.jar
2026-05-08 18:09:20,679 [BasicRepositoryConnector-repo.maven.apache.org-2-0] INFO  o.e.m.c.i.e.AbstractTransferListenerAdapter - Downloading https://repo.maven.apache.org/maven2/org/apache/maven/wagon/wagon-provider-api/2.10/wagon-provider-api-2.10.jar
2026-05-08 18:09:20,681 [BasicRepositoryConnector-repo.maven.apache.org-2-2] INFO  o.e.m.c.i.e.AbstractTransferListenerAdapter - Downloading https://repo.maven.apache.org/maven2/org/apache/maven/maven-archiver/3.5.2/maven-archiver-3.5.2.jar
2026-05-08 18:09:20,682 [BasicRepositoryConnector-repo.maven.apache.org-2-4] INFO  o.e.m.c.i.e.AbstractTransferListenerAdapter - Downloading https://repo.maven.apache.org/maven2/org/apache/commons/commons-compress/1.20/commons-compress-1.20.jar
2026-05-08 18:09:20,687 [BasicRepositoryConnector-repo.maven.apache.org-2-2] INFO  o.e.m.c.i.e.AbstractTransferListenerAdapter - Downloaded https://repo.maven.apache.org/maven2/org/apache/maven/maven-archiver/3.5.2/maven-archiver-3.5.2.jar
2026-05-08 18:09:20,696 [BasicRepositoryConnector-repo.maven.apache.org-2-0] INFO  o.e.m.c.i.e.AbstractTransferListenerAdapter - Downloaded https://repo.maven.apache.org/maven2/org/apache/maven/wagon/wagon-provider-api/2.10/wagon-provider-api-2.10.jar
2026-05-08 18:09:20,714 [BasicRepositoryConnector-repo.maven.apache.org-2-3] INFO  o.e.m.c.i.e.AbstractTransferListenerAdapter - Downloading https://repo.maven.apache.org/maven2/org/codehaus/plexus/plexus-archiver/4.2.7/plexus-archiver-4.2.7.jar
2026-05-08 18:09:20,748 [BasicRepositoryConnector-repo.maven.apache.org-2-2] INFO  o.e.m.c.i.e.AbstractTransferListenerAdapter - Downloading https://repo.maven.apache.org/maven2/org/codehaus/plexus/plexus-io/3.2.0/plexus-io-3.2.0.jar
2026-05-08 18:09:20,754 [BasicRepositoryConnector-repo.maven.apache.org-2-0] INFO  o.e.m.c.i.e.AbstractTransferListenerAdapter - Downloading https://repo.maven.apache.org/maven2/org/codehaus/plexus/plexus-utils/3.3.1/plexus-utils-3.3.1.jar
2026-05-08 18:09:20,795 [BasicRepositoryConnector-repo.maven.apache.org-2-2] INFO  o.e.m.c.i.e.AbstractTransferListenerAdapter - Downloaded https://repo.maven.apache.org/maven2/org/codehaus/plexus/plexus-io/3.2.0/plexus-io-3.2.0.jar
2026-05-08 18:09:20,823 [BasicRepositoryConnector-repo.maven.apache.org-2-3] INFO  o.e.m.c.i.e.AbstractTransferListenerAdapter - Downloaded https://repo.maven.apache.org/maven2/org/codehaus/plexus/plexus-archiver/4.2.7/plexus-archiver-4.2.7.jar
2026-05-08 18:09:20,830 [BasicRepositoryConnector-repo.maven.apache.org-2-1] INFO  o.e.m.c.i.e.AbstractTransferListenerAdapter - Downloaded https://repo.maven.apache.org/maven2/org/apache/maven/maven-compat/3.0/maven-compat-3.0.jar
2026-05-08 18:09:20,875 [BasicRepositoryConnector-repo.maven.apache.org-2-0] INFO  o.e.m.c.i.e.AbstractTransferListenerAdapter - Downloaded https://repo.maven.apache.org/maven2/org/codehaus/plexus/plexus-utils/3.3.1/plexus-utils-3.3.1.jar
2026-05-08 18:09:20,934 [BasicRepositoryConnector-repo.maven.apache.org-2-4] INFO  o.e.m.c.i.e.AbstractTransferListenerAdapter - Downloaded https://repo.maven.apache.org/maven2/org/apache/commons/commons-compress/1.20/commons-compress-1.20.jar
2026-05-08 18:09:21,092 [Worker-24: Update Maven projects configuration] INFO  o.e.m.c.i.e.AbstractTransferListenerAdapter - Downloading https://repo.maven.apache.org/maven2/org/apache/maven/shared/maven-filtering/3.2.0/maven-filtering-3.2.0.pom
2026-05-08 18:09:21,092 [Worker-24: Update Maven projects configuration] INFO  o.e.m.c.i.e.AbstractTransferListenerAdapter - Downloaded https://repo.maven.apache.org/maven2/org/apache/maven/shared/maven-filtering/3.2.0/maven-filtering-3.2.0.pom
2026-05-08 18:09:21,150 [BasicRepositoryConnector-repo.maven.apache.org-3-0] INFO  o.e.m.c.i.e.AbstractTransferListenerAdapter - Downloading https://repo.maven.apache.org/maven2/org/codehaus/plexus/plexus-utils/3.0.10/plexus-utils-3.0.10.jar
2026-05-08 18:09:21,150 [BasicRepositoryConnector-repo.maven.apache.org-3-2] INFO  o.e.m.c.i.e.AbstractTransferListenerAdapter - Downloading https://repo.maven.apache.org/maven2/org/apache/maven/shared/maven-shared-utils/3.3.3/maven-shared-utils-3.3.3.jar
2026-05-08 18:09:21,167 [BasicRepositoryConnector-repo.maven.apache.org-3-1] INFO  o.e.m.c.i.e.AbstractTransferListenerAdapter - Downloading https://repo.maven.apache.org/maven2/org/apache/maven/shared/maven-filtering/3.2.0/maven-filtering-3.2.0.jar
2026-05-08 18:09:21,167 [BasicRepositoryConnector-repo.maven.apache.org-3-3] INFO  o.e.m.c.i.e.AbstractTransferListenerAdapter - Downloading https://repo.maven.apache.org/maven2/org/apache/commons/commons-lang3/3.8.1/commons-lang3-3.8.1.jar
2026-05-08 18:09:21,189 [BasicRepositoryConnector-repo.maven.apache.org-3-1] INFO  o.e.m.c.i.e.AbstractTransferListenerAdapter - Downloaded https://repo.maven.apache.org/maven2/org/apache/maven/shared/maven-filtering/3.2.0/maven-filtering-3.2.0.jar
2026-05-08 18:09:21,239 [BasicRepositoryConnector-repo.maven.apache.org-3-2] INFO  o.e.m.c.i.e.AbstractTransferListenerAdapter - Downloaded https://repo.maven.apache.org/maven2/org/apache/maven/shared/maven-shared-utils/3.3.3/maven-shared-utils-3.3.3.jar
2026-05-08 18:09:21,261 [BasicRepositoryConnector-repo.maven.apache.org-3-0] INFO  o.e.m.c.i.e.AbstractTransferListenerAdapter - Downloaded https://repo.maven.apache.org/maven2/org/codehaus/plexus/plexus-utils/3.0.10/plexus-utils-3.0.10.jar
2026-05-08 18:09:21,358 [BasicRepositoryConnector-repo.maven.apache.org-3-3] INFO  o.e.m.c.i.e.AbstractTransferListenerAdapter - Downloaded https://repo.maven.apache.org/maven2/org/apache/commons/commons-lang3/3.8.1/commons-lang3-3.8.1.jar
2026-05-08 18:09:21,374 [Worker-17: Building] INFO  o.e.m.c.i.embedder.EclipseLogger - Using 'UTF-8' encoding to copy filtered resources.
2026-05-08 18:09:21,374 [Worker-17: Building] INFO  o.e.m.c.i.embedder.EclipseLogger - Using 'UTF-8' encoding to copy filtered properties files.
2026-05-08 18:09:21,375 [Worker-17: Building] INFO  o.e.m.c.i.embedder.EclipseLogger - Copying 1 resource
2026-05-08 18:09:21,385 [Worker-17: Building] INFO  o.e.m.c.i.embedder.EclipseLogger - Copying 49 resources
2026-05-08 18:09:21,389 [Worker-17: Building] INFO  o.e.m.c.i.embedder.EclipseLogger - Using 'UTF-8' encoding to copy filtered resources.
2026-05-08 18:09:21,389 [Worker-17: Building] INFO  o.e.m.c.i.embedder.EclipseLogger - Using 'UTF-8' encoding to copy filtered properties files.
2026-05-08 18:09:21,389 [Worker-17: Building] INFO  o.e.m.c.i.embedder.EclipseLogger - skip non existing resourceDirectory /Users/krishpal/Major Project/Student-Management-System-main/src/test/resources
2026-05-08 18:09:21,497 [Worker-24: Update Maven projects configuration] INFO  o.e.m.j.i.AbstractJavaProjectConfigurator - Adding source folder /Student-Management-System-main/src/main/java
2026-05-08 18:09:21,498 [Worker-24: Update Maven projects configuration] INFO  o.e.m.j.i.AbstractJavaProjectConfigurator - Adding resource folder /Student-Management-System-main/src/main/resources
2026-05-08 18:09:21,500 [Worker-24: Update Maven projects configuration] INFO  o.e.m.j.i.AbstractJavaProjectConfigurator - Adding resource folder /Student-Management-System-main/src/main/resources
2026-05-08 18:09:21,502 [Worker-24: Update Maven projects configuration] INFO  o.e.m.j.i.AbstractJavaProjectConfigurator - Adding source folder /Student-Management-System-main/src/test/java
2026-05-08 18:09:21,503 [Worker-24: Update Maven projects configuration] INFO  o.e.m.j.i.AbstractJavaProjectConfigurator - Adding resource folder /Student-Management-System-main/src/test/resources
2026-05-08 18:09:21,594 [Worker-24: Update Maven projects configuration] WARN  o.apache.maven.project.MavenProject - Plugin is modifying compileSourceRoots through clear(), which will not work in Maven 4.0.0. Use MavenProject.addCompileSourceRoot()/removeCompileSourceRoot() methods instead. If using a plugin, please upgrade to the latest version or report the issue to the plugin maintainer. To disable these warnings, set -Dmaven.project.sourceRoots.warningsDisabled=true on the command line, in the .mvn/maven.config file, or in project POM properties.
2026-05-08 18:09:21,594 [Worker-24: Update Maven projects configuration] WARN  o.apache.maven.project.MavenProject - Plugin is modifying compileSourceRoots through add(), which will not work in Maven 4.0.0. Use MavenProject.addCompileSourceRoot()/removeCompileSourceRoot() methods instead. If using a plugin, please upgrade to the latest version or report the issue to the plugin maintainer. To disable these warnings, set -Dmaven.project.sourceRoots.warningsDisabled=true on the command line, in the .mvn/maven.config file, or in project POM properties.
2026-05-08 18:09:21,595 [Worker-24: Update Maven projects configuration] WARN  o.apache.maven.project.MavenProject - Plugin is modifying testCompileSourceRoots through clear(), which will not work in Maven 4.0.0. Use MavenProject.addTestCompileSourceRoot()/removeTestCompileSourceRoot() methods instead. If using a plugin, please upgrade to the latest version or report the issue to the plugin maintainer. To disable these warnings, set -Dmaven.project.sourceRoots.warningsDisabled=true on the command line, in the .mvn/maven.config file, or in project POM properties.
2026-05-08 18:09:21,595 [Worker-24: Update Maven projects configuration] WARN  o.apache.maven.project.MavenProject - Plugin is modifying testCompileSourceRoots through add(), which will not work in Maven 4.0.0. Use MavenProject.addTestCompileSourceRoot()/removeTestCompileSourceRoot() methods instead. If using a plugin, please upgrade to the latest version or report the issue to the plugin maintainer. To disable these warnings, set -Dmaven.project.sourceRoots.warningsDisabled=true on the command line, in the .mvn/maven.config file, or in project POM properties.
2026-05-08 18:09:21,600 [Worker-24: Update Maven projects configuration] INFO  o.e.m.c.i.p.ProjectConfigurationManager - Update completed for 1 poms: local refresh takes 0.00 sec, refresh facades takes 26.00 sec, update config takes 0.00 sec 
2026-05-08 18:09:22,140 [Worker-2: Download sources and javadoc] INFO  o.e.m.c.i.e.AbstractTransferListenerAdapter - Downloading https://repo.maven.apache.org/maven2/org/springframework/boot/spring-boot-starter-data-jpa/2.6.3/spring-boot-starter-data-jpa-2.6.3-sources.jar
2026-05-08 18:09:22,141 [Worker-2: Download sources and javadoc] INFO  o.e.m.c.i.e.AbstractTransferListenerAdapter - Downloaded https://repo.maven.apache.org/maven2/org/springframework/boot/spring-boot-starter-data-jpa/2.6.3/spring-boot-starter-data-jpa-2.6.3-sources.jar
2026-05-08 18:09:22,142 [Worker-2: Download sources and javadoc] INFO  o.e.m.j.internal.DownloadSourcesJob - Downloaded sources for org.springframework.boot:spring-boot-starter-data-jpa:2.6.3
2026-05-08 18:09:22,250 [Worker-2: Download sources and javadoc] INFO  o.e.m.c.i.e.AbstractTransferListenerAdapter - Downloading https://repo.maven.apache.org/maven2/org/springframework/boot/spring-boot-starter-aop/2.6.3/spring-boot-starter-aop-2.6.3-sources.jar
2026-05-08 18:09:22,252 [Worker-2: Download sources and javadoc] INFO  o.e.m.c.i.e.AbstractTransferListenerAdapter - Downloaded https://repo.maven.apache.org/maven2/org/springframework/boot/spring-boot-starter-aop/2.6.3/spring-boot-starter-aop-2.6.3-sources.jar
2026-05-08 18:09:22,254 [Worker-2: Download sources and javadoc] INFO  o.e.m.j.internal.DownloadSourcesJob - Downloaded sources for org.springframework.boot:spring-boot-starter-aop:2.6.3
2026-05-08 18:09:22,350 [Worker-2: Download sources and javadoc] INFO  o.e.m.c.i.e.AbstractTransferListenerAdapter - Downloading https://repo.maven.apache.org/maven2/org/aspectj/aspectjweaver/1.9.7/aspectjweaver-1.9.7-sources.jar
2026-05-08 18:09:22,645 [Worker-4: Building] INFO  o.e.m.c.i.embedder.EclipseLogger - Using 'UTF-8' encoding to copy filtered resources.
2026-05-08 18:09:22,646 [Worker-4: Building] INFO  o.e.m.c.i.embedder.EclipseLogger - Using 'UTF-8' encoding to copy filtered properties files.
2026-05-08 18:09:22,646 [Worker-4: Building] INFO  o.e.m.c.i.embedder.EclipseLogger - Copying 1 resource
2026-05-08 18:09:22,647 [Worker-4: Building] INFO  o.e.m.c.i.embedder.EclipseLogger - Copying 49 resources
2026-05-08 18:09:22,658 [Worker-4: Building] INFO  o.e.m.c.i.embedder.EclipseLogger - Using 'UTF-8' encoding to copy filtered resources.
2026-05-08 18:09:22,658 [Worker-4: Building] INFO  o.e.m.c.i.embedder.EclipseLogger - Using 'UTF-8' encoding to copy filtered properties files.
2026-05-08 18:09:22,658 [Worker-4: Building] INFO  o.e.m.c.i.embedder.EclipseLogger - skip non existing resourceDirectory /Users/krishpal/Major Project/Student-Management-System-main/src/test/resources
2026-05-08 18:09:22,662 [Worker-4: Building] WARN  o.apache.maven.project.MavenProject - Plugin is modifying compileSourceRoots through clear(), which will not work in Maven 4.0.0. Use MavenProject.addCompileSourceRoot()/removeCompileSourceRoot() methods instead. If using a plugin, please upgrade to the latest version or report the issue to the plugin maintainer. To disable these warnings, set -Dmaven.project.sourceRoots.warningsDisabled=true on the command line, in the .mvn/maven.config file, or in project POM properties.
2026-05-08 18:09:22,663 [Worker-4: Building] WARN  o.apache.maven.project.MavenProject - Plugin is modifying compileSourceRoots through add(), which will not work in Maven 4.0.0. Use MavenProject.addCompileSourceRoot()/removeCompileSourceRoot() methods instead. If using a plugin, please upgrade to the latest version or report the issue to the plugin maintainer. To disable these warnings, set -Dmaven.project.sourceRoots.warningsDisabled=true on the command line, in the .mvn/maven.config file, or in project POM properties.
2026-05-08 18:09:22,663 [Worker-4: Building] WARN  o.apache.maven.project.MavenProject - Plugin is modifying testCompileSourceRoots through clear(), which will not work in Maven 4.0.0. Use MavenProject.addTestCompileSourceRoot()/removeTestCompileSourceRoot() methods instead. If using a plugin, please upgrade to the latest version or report the issue to the plugin maintainer. To disable these warnings, set -Dmaven.project.sourceRoots.warningsDisabled=true on the command line, in the .mvn/maven.config file, or in project POM properties.
2026-05-08 18:09:22,663 [Worker-4: Building] WARN  o.apache.maven.project.MavenProject - Plugin is modifying testCompileSourceRoots through add(), which will not work in Maven 4.0.0. Use MavenProject.addTestCompileSourceRoot()/removeTestCompileSourceRoot() methods instead. If using a plugin, please upgrade to the latest version or report the issue to the plugin maintainer. To disable these warnings, set -Dmaven.project.sourceRoots.warningsDisabled=true on the command line, in the .mvn/maven.config file, or in project POM properties.
2026-05-08 18:09:22,689 [Worker-2: Download sources and javadoc] INFO  o.e.m.c.i.e.AbstractTransferListenerAdapter - Downloaded https://repo.maven.apache.org/maven2/org/aspectj/aspectjweaver/1.9.7/aspectjweaver-1.9.7-sources.jar
2026-05-08 18:09:22,689 [Worker-2: Download sources and javadoc] INFO  o.e.m.j.internal.DownloadSourcesJob - Downloaded sources for org.aspectj:aspectjweaver:1.9.7
2026-05-08 18:09:22,792 [Worker-2: Download sources and javadoc] INFO  o.e.m.c.i.e.AbstractTransferListenerAdapter - Downloading https://repo.maven.apache.org/maven2/org/springframework/boot/spring-boot-starter-jdbc/2.6.3/spring-boot-starter-jdbc-2.6.3-sources.jar
2026-05-08 18:09:22,796 [Worker-2: Download sources and javadoc] INFO  o.e.m.c.i.e.AbstractTransferListenerAdapter - Downloaded https://repo.maven.apache.org/maven2/org/springframework/boot/spring-boot-starter-jdbc/2.6.3/spring-boot-starter-jdbc-2.6.3-sources.jar
2026-05-08 18:09:22,796 [Worker-2: Download sources and javadoc] INFO  o.e.m.j.internal.DownloadSourcesJob - Downloaded sources for org.springframework.boot:spring-boot-starter-jdbc:2.6.3
2026-05-08 18:09:22,903 [Worker-2: Download sources and javadoc] INFO  o.e.m.c.i.e.AbstractTransferListenerAdapter - Downloading https://repo.maven.apache.org/maven2/com/zaxxer/HikariCP/4.0.3/HikariCP-4.0.3-sources.jar
2026-05-08 18:09:22,978 [Worker-2: Download sources and javadoc] INFO  o.e.m.c.i.e.AbstractTransferListenerAdapter - Downloaded https://repo.maven.apache.org/maven2/com/zaxxer/HikariCP/4.0.3/HikariCP-4.0.3-sources.jar
2026-05-08 18:09:22,979 [Worker-2: Download sources and javadoc] INFO  o.e.m.j.internal.DownloadSourcesJob - Downloaded sources for com.zaxxer:HikariCP:4.0.3
2026-05-08 18:09:23,092 [Worker-2: Download sources and javadoc] INFO  o.e.m.c.i.e.AbstractTransferListenerAdapter - Downloading https://repo.maven.apache.org/maven2/org/springframework/spring-jdbc/5.3.15/spring-jdbc-5.3.15-sources.jar
2026-05-08 18:09:23,223 [Worker-2: Download sources and javadoc] INFO  o.e.m.c.i.e.AbstractTransferListenerAdapter - Downloaded https://repo.maven.apache.org/maven2/org/springframework/spring-jdbc/5.3.15/spring-jdbc-5.3.15-sources.jar
2026-05-08 18:09:23,224 [Worker-2: Download sources and javadoc] INFO  o.e.m.j.internal.DownloadSourcesJob - Downloaded sources for org.springframework:spring-jdbc:5.3.15
2026-05-08 18:09:23,336 [Worker-2: Download sources and javadoc] INFO  o.e.m.c.i.e.AbstractTransferListenerAdapter - Downloading https://repo.maven.apache.org/maven2/jakarta/transaction/jakarta.transaction-api/1.3.3/jakarta.transaction-api-1.3.3-sources.jar
2026-05-08 18:09:23,340 [Worker-2: Download sources and javadoc] INFO  o.e.m.c.i.e.AbstractTransferListenerAdapter - Downloaded https://repo.maven.apache.org/maven2/jakarta/transaction/jakarta.transaction-api/1.3.3/jakarta.transaction-api-1.3.3-sources.jar
2026-05-08 18:09:23,342 [Worker-2: Download sources and javadoc] INFO  o.e.m.j.internal.DownloadSourcesJob - Downloaded sources for jakarta.transaction:jakarta.transaction-api:1.3.3
2026-05-08 18:09:23,457 [Worker-2: Download sources and javadoc] INFO  o.e.m.c.i.e.AbstractTransferListenerAdapter - Downloading https://repo.maven.apache.org/maven2/jakarta/persistence/jakarta.persistence-api/2.2.3/jakarta.persistence-api-2.2.3-sources.jar
2026-05-08 18:09:23,557 [Worker-2: Download sources and javadoc] INFO  o.e.m.c.i.e.AbstractTransferListenerAdapter - Downloaded https://repo.maven.apache.org/maven2/jakarta/persistence/jakarta.persistence-api/2.2.3/jakarta.persistence-api-2.2.3-sources.jar
2026-05-08 18:09:23,558 [Worker-2: Download sources and javadoc] INFO  o.e.m.j.internal.DownloadSourcesJob - Downloaded sources for jakarta.persistence:jakarta.persistence-api:2.2.3
2026-05-08 18:09:23,710 [Worker-2: Download sources and javadoc] INFO  o.e.m.c.i.e.AbstractTransferListenerAdapter - Downloading https://repo.maven.apache.org/maven2/org/hibernate/hibernate-core/5.6.4.Final/hibernate-core-5.6.4.Final-sources.jar
2026-05-08 18:09:24,589 [Worker-2: Download sources and javadoc] INFO  o.e.m.c.i.e.AbstractTransferListenerAdapter - Downloaded https://repo.maven.apache.org/maven2/org/hibernate/hibernate-core/5.6.4.Final/hibernate-core-5.6.4.Final-sources.jar
2026-05-08 18:09:24,590 [Worker-2: Download sources and javadoc] INFO  o.e.m.j.internal.DownloadSourcesJob - Downloaded sources for org.hibernate:hibernate-core:5.6.4.Final
2026-05-08 18:09:24,698 [Worker-2: Download sources and javadoc] INFO  o.e.m.c.i.e.AbstractTransferListenerAdapter - Downloading https://repo.maven.apache.org/maven2/org/jboss/logging/jboss-logging/3.4.3.Final/jboss-logging-3.4.3.Final-sources.jar
2026-05-08 18:09:24,703 [Worker-2: Download sources and javadoc] INFO  o.e.m.c.i.e.AbstractTransferListenerAdapter - Downloaded https://repo.maven.apache.org/maven2/org/jboss/logging/jboss-logging/3.4.3.Final/jboss-logging-3.4.3.Final-sources.jar
2026-05-08 18:09:24,704 [Worker-2: Download sources and javadoc] INFO  o.e.m.j.internal.DownloadSourcesJob - Downloaded sources for org.jboss.logging:jboss-logging:3.4.3.Final
2026-05-08 18:09:24,816 [Worker-2: Download sources and javadoc] INFO  o.e.m.c.i.e.AbstractTransferListenerAdapter - Downloading https://repo.maven.apache.org/maven2/net/bytebuddy/byte-buddy/1.11.22/byte-buddy-1.11.22-sources.jar
2026-05-08 18:09:25,063 [Worker-2: Download sources and javadoc] INFO  o.e.m.c.i.e.AbstractTransferListenerAdapter - Downloaded https://repo.maven.apache.org/maven2/net/bytebuddy/byte-buddy/1.11.22/byte-buddy-1.11.22-sources.jar
2026-05-08 18:09:25,065 [Worker-2: Download sources and javadoc] INFO  o.e.m.j.internal.DownloadSourcesJob - Downloaded sources for net.bytebuddy:byte-buddy:1.11.22
2026-05-08 18:09:25,181 [Worker-2: Download sources and javadoc] INFO  o.e.m.c.i.e.AbstractTransferListenerAdapter - Downloaded https://repo.maven.apache.org/maven2/antlr/antlr/2.7.7/antlr-2.7.7-sources.jar
2026-05-08 18:09:25,183 [Worker-2: Download sources and javadoc] ERROR o.e.m.j.internal.DownloadSourcesJob - Could not download sources for antlr:antlr:2.7.7
org.eclipse.core.runtime.CoreException: Could not resolve artifact antlr:antlr:jar:sources:2.7.7
	at org.eclipse.m2e.core.internal.embedder.MavenImpl.lambda$7(MavenImpl.java:581)
	at org.eclipse.m2e.core.internal.embedder.MavenExecutionContext.executeBare(MavenExecutionContext.java:462)
	at org.eclipse.m2e.core.internal.embedder.MavenExecutionContext.execute(MavenExecutionContext.java:295)
	at org.eclipse.m2e.core.internal.embedder.MavenExecutionContext.execute(MavenExecutionContext.java:281)
	at org.eclipse.m2e.core.internal.embedder.MavenImpl.resolve(MavenImpl.java:550)
	at org.eclipse.m2e.core.internal.embedder.MavenImpl.resolve(MavenImpl.java:535)
	at org.eclipse.m2e.jdt.internal.DownloadSourcesJob.download(DownloadSourcesJob.java:308)
	at org.eclipse.m2e.jdt.internal.DownloadSourcesJob.downloadAttachments(DownloadSourcesJob.java:282)
	at org.eclipse.m2e.jdt.internal.DownloadSourcesJob.downloadMaven(DownloadSourcesJob.java:252)
	at org.eclipse.m2e.jdt.internal.DownloadSourcesJob.downloadFilesAndPopulateToUpdate(DownloadSourcesJob.java:220)
	at org.eclipse.m2e.jdt.internal.DownloadSourcesJob.lambda$0(DownloadSourcesJob.java:149)
	at org.eclipse.m2e.core.internal.embedder.MavenExecutionContext.executeBare(MavenExecutionContext.java:462)
	at org.eclipse.m2e.core.internal.embedder.MavenExecutionContext.execute(MavenExecutionContext.java:342)
	at org.eclipse.m2e.core.internal.embedder.MavenExecutionContext.execute(MavenExecutionContext.java:281)
	at org.eclipse.m2e.core.embedder.IMaven.execute(IMaven.java:300)
	at org.eclipse.m2e.jdt.internal.DownloadSourcesJob.run(DownloadSourcesJob.java:149)
	at org.eclipse.core.internal.jobs.Worker.run(Worker.java:63)
2026-05-08 18:09:25,314 [Worker-2: Download sources and javadoc] INFO  o.e.m.c.i.e.AbstractTransferListenerAdapter - Downloading https://repo.maven.apache.org/maven2/org/jboss/jandex/2.4.2.Final/jandex-2.4.2.Final-sources.jar
2026-05-08 18:09:25,364 [Worker-2: Download sources and javadoc] INFO  o.e.m.c.i.e.AbstractTransferListenerAdapter - Downloaded https://repo.maven.apache.org/maven2/org/jboss/jandex/2.4.2.Final/jandex-2.4.2.Final-sources.jar
2026-05-08 18:09:25,366 [Worker-2: Download sources and javadoc] INFO  o.e.m.j.internal.DownloadSourcesJob - Downloaded sources for org.jboss:jandex:2.4.2.Final
2026-05-08 18:09:25,478 [Worker-2: Download sources and javadoc] INFO  o.e.m.c.i.e.AbstractTransferListenerAdapter - Downloading https://repo.maven.apache.org/maven2/com/fasterxml/classmate/1.5.1/classmate-1.5.1-sources.jar
2026-05-08 18:09:25,488 [Worker-2: Download sources and javadoc] INFO  o.e.m.c.i.e.AbstractTransferListenerAdapter - Downloaded https://repo.maven.apache.org/maven2/com/fasterxml/classmate/1.5.1/classmate-1.5.1-sources.jar
2026-05-08 18:09:25,490 [Worker-2: Download sources and javadoc] INFO  o.e.m.j.internal.DownloadSourcesJob - Downloaded sources for com.fasterxml:classmate:1.5.1
2026-05-08 18:09:25,620 [Worker-2: Download sources and javadoc] INFO  o.e.m.c.i.e.AbstractTransferListenerAdapter - Downloading https://repo.maven.apache.org/maven2/org/hibernate/common/hibernate-commons-annotations/5.1.2.Final/hibernate-commons-annotations-5.1.2.Final-sources.jar
2026-05-08 18:09:25,634 [Worker-2: Download sources and javadoc] INFO  o.e.m.c.i.e.AbstractTransferListenerAdapter - Downloaded https://repo.maven.apache.org/maven2/org/hibernate/common/hibernate-commons-annotations/5.1.2.Final/hibernate-commons-annotations-5.1.2.Final-sources.jar
2026-05-08 18:09:25,635 [Worker-2: Download sources and javadoc] INFO  o.e.m.j.internal.DownloadSourcesJob - Downloaded sources for org.hibernate.common:hibernate-commons-annotations:5.1.2.Final
2026-05-08 18:09:25,757 [Worker-2: Download sources and javadoc] INFO  o.e.m.c.i.e.AbstractTransferListenerAdapter - Downloading https://repo.maven.apache.org/maven2/org/glassfish/jaxb/jaxb-runtime/2.3.5/jaxb-runtime-2.3.5-sources.jar
2026-05-08 18:09:25,963 [Worker-2: Download sources and javadoc] INFO  o.e.m.c.i.e.AbstractTransferListenerAdapter - Downloaded https://repo.maven.apache.org/maven2/org/glassfish/jaxb/jaxb-runtime/2.3.5/jaxb-runtime-2.3.5-sources.jar
2026-05-08 18:09:25,965 [Worker-2: Download sources and javadoc] INFO  o.e.m.j.internal.DownloadSourcesJob - Downloaded sources for org.glassfish.jaxb:jaxb-runtime:2.3.5
2026-05-08 18:09:26,088 [Worker-2: Download sources and javadoc] INFO  o.e.m.c.i.e.AbstractTransferListenerAdapter - Downloading https://repo.maven.apache.org/maven2/org/glassfish/jaxb/txw2/2.3.5/txw2-2.3.5-sources.jar
2026-05-08 18:09:26,120 [Worker-2: Download sources and javadoc] INFO  o.e.m.c.i.e.AbstractTransferListenerAdapter - Downloaded https://repo.maven.apache.org/maven2/org/glassfish/jaxb/txw2/2.3.5/txw2-2.3.5-sources.jar
2026-05-08 18:09:26,122 [Worker-2: Download sources and javadoc] INFO  o.e.m.j.internal.DownloadSourcesJob - Downloaded sources for org.glassfish.jaxb:txw2:2.3.5
2026-05-08 18:09:26,230 [Worker-2: Download sources and javadoc] INFO  o.e.m.c.i.e.AbstractTransferListenerAdapter - Downloading https://repo.maven.apache.org/maven2/com/sun/istack/istack-commons-runtime/3.0.12/istack-commons-runtime-3.0.12-sources.jar
2026-05-08 18:09:26,234 [Worker-2: Download sources and javadoc] INFO  o.e.m.c.i.e.AbstractTransferListenerAdapter - Downloaded https://repo.maven.apache.org/maven2/com/sun/istack/istack-commons-runtime/3.0.12/istack-commons-runtime-3.0.12-sources.jar
2026-05-08 18:09:26,235 [Worker-2: Download sources and javadoc] INFO  o.e.m.j.internal.DownloadSourcesJob - Downloaded sources for com.sun.istack:istack-commons-runtime:3.0.12
2026-05-08 18:09:26,356 [Worker-2: Download sources and javadoc] INFO  o.e.m.c.i.e.AbstractTransferListenerAdapter - Downloading https://repo.maven.apache.org/maven2/com/sun/activation/jakarta.activation/1.2.2/jakarta.activation-1.2.2-sources.jar
2026-05-08 18:09:26,391 [Worker-2: Download sources and javadoc] INFO  o.e.m.c.i.e.AbstractTransferListenerAdapter - Downloaded https://repo.maven.apache.org/maven2/com/sun/activation/jakarta.activation/1.2.2/jakarta.activation-1.2.2-sources.jar
2026-05-08 18:09:26,393 [Worker-2: Download sources and javadoc] INFO  o.e.m.j.internal.DownloadSourcesJob - Downloaded sources for com.sun.activation:jakarta.activation:1.2.2
2026-05-08 18:09:26,514 [Worker-2: Download sources and javadoc] INFO  o.e.m.c.i.e.AbstractTransferListenerAdapter - Downloading https://repo.maven.apache.org/maven2/org/springframework/data/spring-data-jpa/2.6.1/spring-data-jpa-2.6.1-sources.jar
2026-05-08 18:09:26,613 [Worker-2: Download sources and javadoc] INFO  o.e.m.c.i.e.AbstractTransferListenerAdapter - Downloaded https://repo.maven.apache.org/maven2/org/springframework/data/spring-data-jpa/2.6.1/spring-data-jpa-2.6.1-sources.jar
2026-05-08 18:09:26,614 [Worker-2: Download sources and javadoc] INFO  o.e.m.j.internal.DownloadSourcesJob - Downloaded sources for org.springframework.data:spring-data-jpa:2.6.1
2026-05-08 18:09:26,789 [Worker-2: Download sources and javadoc] INFO  o.e.m.c.i.e.AbstractTransferListenerAdapter - Downloading https://repo.maven.apache.org/maven2/org/springframework/data/spring-data-commons/2.6.1/spring-data-commons-2.6.1-sources.jar
2026-05-08 18:09:26,999 [Worker-2: Download sources and javadoc] INFO  o.e.m.c.i.e.AbstractTransferListenerAdapter - Downloaded https://repo.maven.apache.org/maven2/org/springframework/data/spring-data-commons/2.6.1/spring-data-commons-2.6.1-sources.jar
2026-05-08 18:09:27,000 [Worker-2: Download sources and javadoc] INFO  o.e.m.j.internal.DownloadSourcesJob - Downloaded sources for org.springframework.data:spring-data-commons:2.6.1
2026-05-08 18:09:27,098 [Worker-2: Download sources and javadoc] INFO  o.e.m.c.i.e.AbstractTransferListenerAdapter - Downloading https://repo.maven.apache.org/maven2/org/springframework/spring-orm/5.3.15/spring-orm-5.3.15-sources.jar
2026-05-08 18:09:27,175 [Worker-2: Download sources and javadoc] INFO  o.e.m.c.i.e.AbstractTransferListenerAdapter - Downloaded https://repo.maven.apache.org/maven2/org/springframework/spring-orm/5.3.15/spring-orm-5.3.15-sources.jar
2026-05-08 18:09:27,177 [Worker-2: Download sources and javadoc] INFO  o.e.m.j.internal.DownloadSourcesJob - Downloaded sources for org.springframework:spring-orm:5.3.15
2026-05-08 18:09:27,309 [Worker-2: Download sources and javadoc] INFO  o.e.m.c.i.e.AbstractTransferListenerAdapter - Downloading https://repo.maven.apache.org/maven2/org/springframework/spring-context/5.3.15/spring-context-5.3.15-sources.jar
2026-05-08 18:09:27,525 [Worker-2: Download sources and javadoc] INFO  o.e.m.c.i.e.AbstractTransferListenerAdapter - Downloaded https://repo.maven.apache.org/maven2/org/springframework/spring-context/5.3.15/spring-context-5.3.15-sources.jar
2026-05-08 18:09:27,527 [Worker-2: Download sources and javadoc] INFO  o.e.m.j.internal.DownloadSourcesJob - Downloaded sources for org.springframework:spring-context:5.3.15
2026-05-08 18:09:27,628 [Worker-2: Download sources and javadoc] INFO  o.e.m.c.i.e.AbstractTransferListenerAdapter - Downloading https://repo.maven.apache.org/maven2/org/springframework/spring-tx/5.3.15/spring-tx-5.3.15-sources.jar
2026-05-08 18:09:27,728 [Worker-2: Download sources and javadoc] INFO  o.e.m.c.i.e.AbstractTransferListenerAdapter - Downloaded https://repo.maven.apache.org/maven2/org/springframework/spring-tx/5.3.15/spring-tx-5.3.15-sources.jar
2026-05-08 18:09:27,730 [Worker-2: Download sources and javadoc] INFO  o.e.m.j.internal.DownloadSourcesJob - Downloaded sources for org.springframework:spring-tx:5.3.15
2026-05-08 18:09:27,855 [Worker-2: Download sources and javadoc] INFO  o.e.m.c.i.e.AbstractTransferListenerAdapter - Downloading https://repo.maven.apache.org/maven2/org/springframework/spring-beans/5.3.15/spring-beans-5.3.15-sources.jar
2026-05-08 18:09:28,036 [Worker-2: Download sources and javadoc] INFO  o.e.m.c.i.e.AbstractTransferListenerAdapter - Downloaded https://repo.maven.apache.org/maven2/org/springframework/spring-beans/5.3.15/spring-beans-5.3.15-sources.jar
2026-05-08 18:09:28,037 [Worker-2: Download sources and javadoc] INFO  o.e.m.j.internal.DownloadSourcesJob - Downloaded sources for org.springframework:spring-beans:5.3.15
2026-05-08 18:09:28,144 [Worker-2: Download sources and javadoc] INFO  o.e.m.c.i.e.AbstractTransferListenerAdapter - Downloading https://repo.maven.apache.org/maven2/org/springframework/spring-aspects/5.3.15/spring-aspects-5.3.15-sources.jar
2026-05-08 18:09:28,147 [Worker-2: Download sources and javadoc] INFO  o.e.m.c.i.e.AbstractTransferListenerAdapter - Downloaded https://repo.maven.apache.org/maven2/org/springframework/spring-aspects/5.3.15/spring-aspects-5.3.15-sources.jar
2026-05-08 18:09:28,148 [Worker-2: Download sources and javadoc] INFO  o.e.m.j.internal.DownloadSourcesJob - Downloaded sources for org.springframework:spring-aspects:5.3.15
2026-05-08 18:09:28,251 [Worker-2: Download sources and javadoc] INFO  o.e.m.c.i.e.AbstractTransferListenerAdapter - Downloading https://repo.maven.apache.org/maven2/org/springframework/boot/spring-boot-starter-security/2.6.3/spring-boot-starter-security-2.6.3-sources.jar
2026-05-08 18:09:28,252 [Worker-2: Download sources and javadoc] INFO  o.e.m.c.i.e.AbstractTransferListenerAdapter - Downloaded https://repo.maven.apache.org/maven2/org/springframework/boot/spring-boot-starter-security/2.6.3/spring-boot-starter-security-2.6.3-sources.jar
2026-05-08 18:09:28,252 [Worker-2: Download sources and javadoc] INFO  o.e.m.j.internal.DownloadSourcesJob - Downloaded sources for org.springframework.boot:spring-boot-starter-security:2.6.3
2026-05-08 18:09:28,372 [Worker-2: Download sources and javadoc] INFO  o.e.m.c.i.e.AbstractTransferListenerAdapter - Downloading https://repo.maven.apache.org/maven2/org/springframework/boot/spring-boot-starter/2.6.3/spring-boot-starter-2.6.3-sources.jar
2026-05-08 18:09:28,373 [Worker-2: Download sources and javadoc] INFO  o.e.m.c.i.e.AbstractTransferListenerAdapter - Downloaded https://repo.maven.apache.org/maven2/org/springframework/boot/spring-boot-starter/2.6.3/spring-boot-starter-2.6.3-sources.jar
2026-05-08 18:09:28,373 [Worker-2: Download sources and javadoc] INFO  o.e.m.j.internal.DownloadSourcesJob - Downloaded sources for org.springframework.boot:spring-boot-starter:2.6.3
2026-05-08 18:09:28,484 [Worker-2: Download sources and javadoc] INFO  o.e.m.c.i.e.AbstractTransferListenerAdapter - Downloading https://repo.maven.apache.org/maven2/org/springframework/boot/spring-boot-starter-logging/2.6.3/spring-boot-starter-logging-2.6.3-sources.jar
2026-05-08 18:09:28,486 [Worker-2: Download sources and javadoc] INFO  o.e.m.c.i.e.AbstractTransferListenerAdapter - Downloaded https://repo.maven.apache.org/maven2/org/springframework/boot/spring-boot-starter-logging/2.6.3/spring-boot-starter-logging-2.6.3-sources.jar
2026-05-08 18:09:28,487 [Worker-2: Download sources and javadoc] INFO  o.e.m.j.internal.DownloadSourcesJob - Downloaded sources for org.springframework.boot:spring-boot-starter-logging:2.6.3
2026-05-08 18:09:28,602 [Worker-2: Download sources and javadoc] INFO  o.e.m.c.i.e.AbstractTransferListenerAdapter - Downloading https://repo.maven.apache.org/maven2/ch/qos/logback/logback-classic/1.2.10/logback-classic-1.2.10-sources.jar
2026-05-08 18:09:28,687 [Worker-2: Download sources and javadoc] INFO  o.e.m.c.i.e.AbstractTransferListenerAdapter - Downloaded https://repo.maven.apache.org/maven2/ch/qos/logback/logback-classic/1.2.10/logback-classic-1.2.10-sources.jar
2026-05-08 18:09:28,689 [Worker-2: Download sources and javadoc] INFO  o.e.m.j.internal.DownloadSourcesJob - Downloaded sources for ch.qos.logback:logback-classic:1.2.10
2026-05-08 18:09:28,788 [Worker-2: Download sources and javadoc] INFO  o.e.m.c.i.e.AbstractTransferListenerAdapter - Downloading https://repo.maven.apache.org/maven2/ch/qos/logback/logback-core/1.2.10/logback-core-1.2.10-sources.jar
2026-05-08 18:09:28,900 [Worker-2: Download sources and javadoc] INFO  o.e.m.c.i.e.AbstractTransferListenerAdapter - Downloaded https://repo.maven.apache.org/maven2/ch/qos/logback/logback-core/1.2.10/logback-core-1.2.10-sources.jar
2026-05-08 18:09:28,901 [Worker-2: Download sources and javadoc] INFO  o.e.m.j.internal.DownloadSourcesJob - Downloaded sources for ch.qos.logback:logback-core:1.2.10
2026-05-08 18:09:29,025 [Worker-2: Download sources and javadoc] INFO  o.e.m.c.i.e.AbstractTransferListenerAdapter - Downloading https://repo.maven.apache.org/maven2/org/apache/logging/log4j/log4j-to-slf4j/2.17.1/log4j-to-slf4j-2.17.1-sources.jar
2026-05-08 18:09:29,028 [Worker-2: Download sources and javadoc] INFO  o.e.m.c.i.e.AbstractTransferListenerAdapter - Downloaded https://repo.maven.apache.org/maven2/org/apache/logging/log4j/log4j-to-slf4j/2.17.1/log4j-to-slf4j-2.17.1-sources.jar
2026-05-08 18:09:29,030 [Worker-2: Download sources and javadoc] INFO  o.e.m.j.internal.DownloadSourcesJob - Downloaded sources for org.apache.logging.log4j:log4j-to-slf4j:2.17.1
2026-05-08 18:09:29,158 [Worker-2: Download sources and javadoc] INFO  o.e.m.c.i.e.AbstractTransferListenerAdapter - Downloading https://repo.maven.apache.org/maven2/org/apache/logging/log4j/log4j-api/2.17.1/log4j-api-2.17.1-sources.jar
2026-05-08 18:09:29,241 [Worker-2: Download sources and javadoc] INFO  o.e.m.c.i.e.AbstractTransferListenerAdapter - Downloaded https://repo.maven.apache.org/maven2/org/apache/logging/log4j/log4j-api/2.17.1/log4j-api-2.17.1-sources.jar
2026-05-08 18:09:29,243 [Worker-2: Download sources and javadoc] INFO  o.e.m.j.internal.DownloadSourcesJob - Downloaded sources for org.apache.logging.log4j:log4j-api:2.17.1
2026-05-08 18:09:29,377 [Worker-2: Download sources and javadoc] INFO  o.e.m.c.i.e.AbstractTransferListenerAdapter - Downloading https://repo.maven.apache.org/maven2/org/slf4j/jul-to-slf4j/1.7.33/jul-to-slf4j-1.7.33-sources.jar
2026-05-08 18:09:29,379 [Worker-2: Download sources and javadoc] INFO  o.e.m.c.i.e.AbstractTransferListenerAdapter - Downloaded https://repo.maven.apache.org/maven2/org/slf4j/jul-to-slf4j/1.7.33/jul-to-slf4j-1.7.33-sources.jar
2026-05-08 18:09:29,381 [Worker-2: Download sources and javadoc] INFO  o.e.m.j.internal.DownloadSourcesJob - Downloaded sources for org.slf4j:jul-to-slf4j:1.7.33
2026-05-08 18:09:29,495 [Worker-2: Download sources and javadoc] INFO  o.e.m.c.i.e.AbstractTransferListenerAdapter - Downloading https://repo.maven.apache.org/maven2/jakarta/annotation/jakarta.annotation-api/1.3.5/jakarta.annotation-api-1.3.5-sources.jar
2026-05-08 18:09:29,506 [Worker-2: Download sources and javadoc] INFO  o.e.m.c.i.e.AbstractTransferListenerAdapter - Downloaded https://repo.maven.apache.org/maven2/jakarta/annotation/jakarta.annotation-api/1.3.5/jakarta.annotation-api-1.3.5-sources.jar
2026-05-08 18:09:29,508 [Worker-2: Download sources and javadoc] INFO  o.e.m.j.internal.DownloadSourcesJob - Downloaded sources for jakarta.annotation:jakarta.annotation-api:1.3.5
2026-05-08 18:09:29,628 [Worker-2: Download sources and javadoc] INFO  o.e.m.c.i.e.AbstractTransferListenerAdapter - Downloading https://repo.maven.apache.org/maven2/org/yaml/snakeyaml/1.29/snakeyaml-1.29-sources.jar
2026-05-08 18:09:29,699 [Worker-2: Download sources and javadoc] INFO  o.e.m.c.i.e.AbstractTransferListenerAdapter - Downloaded https://repo.maven.apache.org/maven2/org/yaml/snakeyaml/1.29/snakeyaml-1.29-sources.jar
2026-05-08 18:09:29,700 [Worker-2: Download sources and javadoc] INFO  o.e.m.j.internal.DownloadSourcesJob - Downloaded sources for org.yaml:snakeyaml:1.29
2026-05-08 18:09:29,821 [Worker-2: Download sources and javadoc] INFO  o.e.m.c.i.e.AbstractTransferListenerAdapter - Downloading https://repo.maven.apache.org/maven2/org/springframework/spring-aop/5.3.15/spring-aop-5.3.15-sources.jar
2026-05-08 18:09:29,996 [Worker-2: Download sources and javadoc] INFO  o.e.m.c.i.e.AbstractTransferListenerAdapter - Downloaded https://repo.maven.apache.org/maven2/org/springframework/spring-aop/5.3.15/spring-aop-5.3.15-sources.jar
2026-05-08 18:09:29,998 [Worker-2: Download sources and javadoc] INFO  o.e.m.j.internal.DownloadSourcesJob - Downloaded sources for org.springframework:spring-aop:5.3.15
2026-05-08 18:09:30,108 [Worker-2: Download sources and javadoc] INFO  o.e.m.c.i.e.AbstractTransferListenerAdapter - Downloading https://repo.maven.apache.org/maven2/org/springframework/security/spring-security-config/5.6.1/spring-security-config-5.6.1-sources.jar
2026-05-08 18:09:30,279 [Worker-2: Download sources and javadoc] INFO  o.e.m.c.i.e.AbstractTransferListenerAdapter - Downloaded https://repo.maven.apache.org/maven2/org/springframework/security/spring-security-config/5.6.1/spring-security-config-5.6.1-sources.jar
2026-05-08 18:09:30,280 [Worker-2: Download sources and javadoc] INFO  o.e.m.j.internal.DownloadSourcesJob - Downloaded sources for org.springframework.security:spring-security-config:5.6.1
2026-05-08 18:09:30,412 [Worker-2: Download sources and javadoc] INFO  o.e.m.c.i.e.AbstractTransferListenerAdapter - Downloading https://repo.maven.apache.org/maven2/org/springframework/security/spring-security-web/5.6.1/spring-security-web-5.6.1-sources.jar
2026-05-08 18:09:30,548 [Worker-2: Download sources and javadoc] INFO  o.e.m.c.i.e.AbstractTransferListenerAdapter - Downloaded https://repo.maven.apache.org/maven2/org/springframework/security/spring-security-web/5.6.1/spring-security-web-5.6.1-sources.jar
2026-05-08 18:09:30,550 [Worker-2: Download sources and javadoc] INFO  o.e.m.j.internal.DownloadSourcesJob - Downloaded sources for org.springframework.security:spring-security-web:5.6.1
2026-05-08 18:09:30,665 [Worker-2: Download sources and javadoc] INFO  o.e.m.c.i.e.AbstractTransferListenerAdapter - Downloading https://repo.maven.apache.org/maven2/org/springframework/spring-expression/5.3.15/spring-expression-5.3.15-sources.jar
2026-05-08 18:09:30,742 [Worker-2: Download sources and javadoc] INFO  o.e.m.c.i.e.AbstractTransferListenerAdapter - Downloaded https://repo.maven.apache.org/maven2/org/springframework/spring-expression/5.3.15/spring-expression-5.3.15-sources.jar
2026-05-08 18:09:30,745 [Worker-2: Download sources and javadoc] INFO  o.e.m.j.internal.DownloadSourcesJob - Downloaded sources for org.springframework:spring-expression:5.3.15
2026-05-08 18:09:30,838 [Worker-2: Download sources and javadoc] INFO  o.e.m.c.i.e.AbstractTransferListenerAdapter - Downloading https://repo.maven.apache.org/maven2/org/springframework/boot/spring-boot-starter-thymeleaf/2.6.3/spring-boot-starter-thymeleaf-2.6.3-sources.jar
2026-05-08 18:09:30,840 [Worker-2: Download sources and javadoc] INFO  o.e.m.c.i.e.AbstractTransferListenerAdapter - Downloaded https://repo.maven.apache.org/maven2/org/springframework/boot/spring-boot-starter-thymeleaf/2.6.3/spring-boot-starter-thymeleaf-2.6.3-sources.jar
2026-05-08 18:09:30,842 [Worker-2: Download sources and javadoc] INFO  o.e.m.j.internal.DownloadSourcesJob - Downloaded sources for org.springframework.boot:spring-boot-starter-thymeleaf:2.6.3
2026-05-08 18:09:30,966 [Worker-2: Download sources and javadoc] INFO  o.e.m.c.i.e.AbstractTransferListenerAdapter - Downloading https://repo.maven.apache.org/maven2/org/thymeleaf/thymeleaf-spring5/3.0.14.RELEASE/thymeleaf-spring5-3.0.14.RELEASE-sources.jar
2026-05-08 18:09:31,034 [Worker-2: Download sources and javadoc] INFO  o.e.m.c.i.e.AbstractTransferListenerAdapter - Downloaded https://repo.maven.apache.org/maven2/org/thymeleaf/thymeleaf-spring5/3.0.14.RELEASE/thymeleaf-spring5-3.0.14.RELEASE-sources.jar
2026-05-08 18:09:31,035 [Worker-2: Download sources and javadoc] INFO  o.e.m.j.internal.DownloadSourcesJob - Downloaded sources for org.thymeleaf:thymeleaf-spring5:3.0.14.RELEASE
2026-05-08 18:09:31,141 [Worker-2: Download sources and javadoc] INFO  o.e.m.c.i.e.AbstractTransferListenerAdapter - Downloading https://repo.maven.apache.org/maven2/org/thymeleaf/thymeleaf/3.0.14.RELEASE/thymeleaf-3.0.14.RELEASE-sources.jar
2026-05-08 18:09:31,326 [Worker-2: Download sources and javadoc] INFO  o.e.m.c.i.e.AbstractTransferListenerAdapter - Downloaded https://repo.maven.apache.org/maven2/org/thymeleaf/thymeleaf/3.0.14.RELEASE/thymeleaf-3.0.14.RELEASE-sources.jar
2026-05-08 18:09:31,327 [Worker-2: Download sources and javadoc] INFO  o.e.m.j.internal.DownloadSourcesJob - Downloaded sources for org.thymeleaf:thymeleaf:3.0.14.RELEASE
2026-05-08 18:09:31,451 [Worker-2: Download sources and javadoc] INFO  o.e.m.c.i.e.AbstractTransferListenerAdapter - Downloading https://repo.maven.apache.org/maven2/org/attoparser/attoparser/2.0.5.RELEASE/attoparser-2.0.5.RELEASE-sources.jar
2026-05-08 18:09:31,526 [Worker-2: Download sources and javadoc] INFO  o.e.m.c.i.e.AbstractTransferListenerAdapter - Downloaded https://repo.maven.apache.org/maven2/org/attoparser/attoparser/2.0.5.RELEASE/attoparser-2.0.5.RELEASE-sources.jar
2026-05-08 18:09:31,528 [Worker-2: Download sources and javadoc] INFO  o.e.m.j.internal.DownloadSourcesJob - Downloaded sources for org.attoparser:attoparser:2.0.5.RELEASE
2026-05-08 18:09:31,632 [Worker-2: Download sources and javadoc] INFO  o.e.m.c.i.e.AbstractTransferListenerAdapter - Downloading https://repo.maven.apache.org/maven2/org/unbescape/unbescape/1.1.6.RELEASE/unbescape-1.1.6.RELEASE-sources.jar
2026-05-08 18:09:31,704 [Worker-2: Download sources and javadoc] INFO  o.e.m.c.i.e.AbstractTransferListenerAdapter - Downloaded https://repo.maven.apache.org/maven2/org/unbescape/unbescape/1.1.6.RELEASE/unbescape-1.1.6.RELEASE-sources.jar
2026-05-08 18:09:31,706 [Worker-2: Download sources and javadoc] INFO  o.e.m.j.internal.DownloadSourcesJob - Downloaded sources for org.unbescape:unbescape:1.1.6.RELEASE
2026-05-08 18:09:31,813 [Worker-2: Download sources and javadoc] INFO  o.e.m.c.i.e.AbstractTransferListenerAdapter - Downloading https://repo.maven.apache.org/maven2/org/thymeleaf/extras/thymeleaf-extras-java8time/3.0.4.RELEASE/thymeleaf-extras-java8time-3.0.4.RELEASE-sources.jar
2026-05-08 18:09:31,821 [Worker-2: Download sources and javadoc] INFO  o.e.m.c.i.e.AbstractTransferListenerAdapter - Downloaded https://repo.maven.apache.org/maven2/org/thymeleaf/extras/thymeleaf-extras-java8time/3.0.4.RELEASE/thymeleaf-extras-java8time-3.0.4.RELEASE-sources.jar
2026-05-08 18:09:31,823 [Worker-2: Download sources and javadoc] INFO  o.e.m.j.internal.DownloadSourcesJob - Downloaded sources for org.thymeleaf.extras:thymeleaf-extras-java8time:3.0.4.RELEASE
2026-05-08 18:09:31,923 [Worker-2: Download sources and javadoc] INFO  o.e.m.c.i.e.AbstractTransferListenerAdapter - Downloading https://repo.maven.apache.org/maven2/org/springframework/boot/spring-boot-starter-web/2.6.3/spring-boot-starter-web-2.6.3-sources.jar
2026-05-08 18:09:31,924 [Worker-2: Download sources and javadoc] INFO  o.e.m.c.i.e.AbstractTransferListenerAdapter - Downloaded https://repo.maven.apache.org/maven2/org/springframework/boot/spring-boot-starter-web/2.6.3/spring-boot-starter-web-2.6.3-sources.jar
2026-05-08 18:09:31,926 [Worker-2: Download sources and javadoc] INFO  o.e.m.j.internal.DownloadSourcesJob - Downloaded sources for org.springframework.boot:spring-boot-starter-web:2.6.3
2026-05-08 18:09:32,038 [Worker-2: Download sources and javadoc] INFO  o.e.m.c.i.e.AbstractTransferListenerAdapter - Downloading https://repo.maven.apache.org/maven2/org/springframework/boot/spring-boot-starter-json/2.6.3/spring-boot-starter-json-2.6.3-sources.jar
2026-05-08 18:09:32,041 [Worker-2: Download sources and javadoc] INFO  o.e.m.c.i.e.AbstractTransferListenerAdapter - Downloaded https://repo.maven.apache.org/maven2/org/springframework/boot/spring-boot-starter-json/2.6.3/spring-boot-starter-json-2.6.3-sources.jar
2026-05-08 18:09:32,042 [Worker-2: Download sources and javadoc] INFO  o.e.m.j.internal.DownloadSourcesJob - Downloaded sources for org.springframework.boot:spring-boot-starter-json:2.6.3
2026-05-08 18:09:32,147 [Worker-2: Download sources and javadoc] INFO  o.e.m.c.i.e.AbstractTransferListenerAdapter - Downloading https://repo.maven.apache.org/maven2/com/fasterxml/jackson/core/jackson-databind/2.13.1/jackson-databind-2.13.1-sources.jar
2026-05-08 18:09:32,397 [Worker-2: Download sources and javadoc] INFO  o.e.m.c.i.e.AbstractTransferListenerAdapter - Downloaded https://repo.maven.apache.org/maven2/com/fasterxml/jackson/core/jackson-databind/2.13.1/jackson-databind-2.13.1-sources.jar
2026-05-08 18:09:32,399 [Worker-2: Download sources and javadoc] INFO  o.e.m.j.internal.DownloadSourcesJob - Downloaded sources for com.fasterxml.jackson.core:jackson-databind:2.13.1
2026-05-08 18:09:32,527 [Worker-2: Download sources and javadoc] INFO  o.e.m.c.i.e.AbstractTransferListenerAdapter - Downloading https://repo.maven.apache.org/maven2/com/fasterxml/jackson/core/jackson-annotations/2.13.1/jackson-annotations-2.13.1-sources.jar
2026-05-08 18:09:32,565 [Worker-2: Download sources and javadoc] INFO  o.e.m.c.i.e.AbstractTransferListenerAdapter - Downloaded https://repo.maven.apache.org/maven2/com/fasterxml/jackson/core/jackson-annotations/2.13.1/jackson-annotations-2.13.1-sources.jar
2026-05-08 18:09:32,567 [Worker-2: Download sources and javadoc] INFO  o.e.m.j.internal.DownloadSourcesJob - Downloaded sources for com.fasterxml.jackson.core:jackson-annotations:2.13.1
2026-05-08 18:09:32,696 [Worker-2: Download sources and javadoc] INFO  o.e.m.c.i.e.AbstractTransferListenerAdapter - Downloading https://repo.maven.apache.org/maven2/com/fasterxml/jackson/core/jackson-core/2.13.1/jackson-core-2.13.1-sources.jar
2026-05-08 18:09:32,792 [Worker-2: Download sources and javadoc] INFO  o.e.m.c.i.e.AbstractTransferListenerAdapter - Downloaded https://repo.maven.apache.org/maven2/com/fasterxml/jackson/core/jackson-core/2.13.1/jackson-core-2.13.1-sources.jar
2026-05-08 18:09:32,794 [Worker-2: Download sources and javadoc] INFO  o.e.m.j.internal.DownloadSourcesJob - Downloaded sources for com.fasterxml.jackson.core:jackson-core:2.13.1
2026-05-08 18:09:32,891 [Worker-2: Download sources and javadoc] INFO  o.e.m.c.i.e.AbstractTransferListenerAdapter - Downloading https://repo.maven.apache.org/maven2/com/fasterxml/jackson/datatype/jackson-datatype-jdk8/2.13.1/jackson-datatype-jdk8-2.13.1-sources.jar
2026-05-08 18:09:32,893 [Worker-2: Download sources and javadoc] INFO  o.e.m.c.i.e.AbstractTransferListenerAdapter - Downloaded https://repo.maven.apache.org/maven2/com/fasterxml/jackson/datatype/jackson-datatype-jdk8/2.13.1/jackson-datatype-jdk8-2.13.1-sources.jar
2026-05-08 18:09:32,895 [Worker-2: Download sources and javadoc] INFO  o.e.m.j.internal.DownloadSourcesJob - Downloaded sources for com.fasterxml.jackson.datatype:jackson-datatype-jdk8:2.13.1
2026-05-08 18:09:33,029 [Worker-2: Download sources and javadoc] INFO  o.e.m.c.i.e.AbstractTransferListenerAdapter - Downloading https://repo.maven.apache.org/maven2/com/fasterxml/jackson/datatype/jackson-datatype-jsr310/2.13.1/jackson-datatype-jsr310-2.13.1-sources.jar
2026-05-08 18:09:33,081 [Worker-2: Download sources and javadoc] INFO  o.e.m.c.i.e.AbstractTransferListenerAdapter - Downloaded https://repo.maven.apache.org/maven2/com/fasterxml/jackson/datatype/jackson-datatype-jsr310/2.13.1/jackson-datatype-jsr310-2.13.1-sources.jar
2026-05-08 18:09:33,081 [Worker-2: Download sources and javadoc] INFO  o.e.m.j.internal.DownloadSourcesJob - Downloaded sources for com.fasterxml.jackson.datatype:jackson-datatype-jsr310:2.13.1
2026-05-08 18:09:33,179 [Worker-2: Download sources and javadoc] INFO  o.e.m.c.i.e.AbstractTransferListenerAdapter - Downloading https://repo.maven.apache.org/maven2/com/fasterxml/jackson/module/jackson-module-parameter-names/2.13.1/jackson-module-parameter-names-2.13.1-sources.jar
2026-05-08 18:09:33,179 [Worker-2: Download sources and javadoc] INFO  o.e.m.c.i.e.AbstractTransferListenerAdapter - Downloaded https://repo.maven.apache.org/maven2/com/fasterxml/jackson/module/jackson-module-parameter-names/2.13.1/jackson-module-parameter-names-2.13.1-sources.jar
2026-05-08 18:09:33,180 [Worker-2: Download sources and javadoc] INFO  o.e.m.j.internal.DownloadSourcesJob - Downloaded sources for com.fasterxml.jackson.module:jackson-module-parameter-names:2.13.1
2026-05-08 18:09:33,288 [Worker-2: Download sources and javadoc] INFO  o.e.m.c.i.e.AbstractTransferListenerAdapter - Downloading https://repo.maven.apache.org/maven2/org/springframework/boot/spring-boot-starter-tomcat/2.6.3/spring-boot-starter-tomcat-2.6.3-sources.jar
2026-05-08 18:09:33,290 [Worker-2: Download sources and javadoc] INFO  o.e.m.c.i.e.AbstractTransferListenerAdapter - Downloaded https://repo.maven.apache.org/maven2/org/springframework/boot/spring-boot-starter-tomcat/2.6.3/spring-boot-starter-tomcat-2.6.3-sources.jar
2026-05-08 18:09:33,290 [Worker-2: Download sources and javadoc] INFO  o.e.m.j.internal.DownloadSourcesJob - Downloaded sources for org.springframework.boot:spring-boot-starter-tomcat:2.6.3
2026-05-08 18:09:33,410 [Worker-2: Download sources and javadoc] INFO  o.e.m.c.i.e.AbstractTransferListenerAdapter - Downloading https://repo.maven.apache.org/maven2/org/apache/tomcat/embed/tomcat-embed-core/9.0.56/tomcat-embed-core-9.0.56-sources.jar
2026-05-08 18:09:33,917 [Worker-2: Download sources and javadoc] INFO  o.e.m.c.i.e.AbstractTransferListenerAdapter - Downloaded https://repo.maven.apache.org/maven2/org/apache/tomcat/embed/tomcat-embed-core/9.0.56/tomcat-embed-core-9.0.56-sources.jar
2026-05-08 18:09:33,919 [Worker-2: Download sources and javadoc] INFO  o.e.m.j.internal.DownloadSourcesJob - Downloaded sources for org.apache.tomcat.embed:tomcat-embed-core:9.0.56
2026-05-08 18:09:34,030 [Worker-2: Download sources and javadoc] INFO  o.e.m.c.i.e.AbstractTransferListenerAdapter - Downloading https://repo.maven.apache.org/maven2/org/apache/tomcat/embed/tomcat-embed-websocket/9.0.56/tomcat-embed-websocket-9.0.56-sources.jar
2026-05-08 18:09:34,091 [Worker-2: Download sources and javadoc] INFO  o.e.m.c.i.e.AbstractTransferListenerAdapter - Downloaded https://repo.maven.apache.org/maven2/org/apache/tomcat/embed/tomcat-embed-websocket/9.0.56/tomcat-embed-websocket-9.0.56-sources.jar
2026-05-08 18:09:34,092 [Worker-2: Download sources and javadoc] INFO  o.e.m.j.internal.DownloadSourcesJob - Downloaded sources for org.apache.tomcat.embed:tomcat-embed-websocket:9.0.56
2026-05-08 18:09:34,207 [Worker-2: Download sources and javadoc] INFO  o.e.m.c.i.e.AbstractTransferListenerAdapter - Downloading https://repo.maven.apache.org/maven2/org/springframework/spring-web/5.3.15/spring-web-5.3.15-sources.jar
2026-05-08 18:09:34,430 [Worker-2: Download sources and javadoc] INFO  o.e.m.c.i.e.AbstractTransferListenerAdapter - Downloaded https://repo.maven.apache.org/maven2/org/springframework/spring-web/5.3.15/spring-web-5.3.15-sources.jar
2026-05-08 18:09:34,431 [Worker-2: Download sources and javadoc] INFO  o.e.m.j.internal.DownloadSourcesJob - Downloaded sources for org.springframework:spring-web:5.3.15
2026-05-08 18:09:34,564 [Worker-2: Download sources and javadoc] INFO  o.e.m.c.i.e.AbstractTransferListenerAdapter - Downloading https://repo.maven.apache.org/maven2/org/springframework/spring-webmvc/5.3.15/spring-webmvc-5.3.15-sources.jar
2026-05-08 18:09:34,761 [Worker-2: Download sources and javadoc] INFO  o.e.m.c.i.e.AbstractTransferListenerAdapter - Downloaded https://repo.maven.apache.org/maven2/org/springframework/spring-webmvc/5.3.15/spring-webmvc-5.3.15-sources.jar
2026-05-08 18:09:34,762 [Worker-2: Download sources and javadoc] INFO  o.e.m.j.internal.DownloadSourcesJob - Downloaded sources for org.springframework:spring-webmvc:5.3.15
2026-05-08 18:09:34,876 [Worker-2: Download sources and javadoc] INFO  o.e.m.c.i.e.AbstractTransferListenerAdapter - Downloading https://repo.maven.apache.org/maven2/org/thymeleaf/extras/thymeleaf-extras-springsecurity5/3.0.4.RELEASE/thymeleaf-extras-springsecurity5-3.0.4.RELEASE-sources.jar
2026-05-08 18:09:34,879 [Worker-2: Download sources and javadoc] INFO  o.e.m.c.i.e.AbstractTransferListenerAdapter - Downloaded https://repo.maven.apache.org/maven2/org/thymeleaf/extras/thymeleaf-extras-springsecurity5/3.0.4.RELEASE/thymeleaf-extras-springsecurity5-3.0.4.RELEASE-sources.jar
2026-05-08 18:09:34,880 [Worker-2: Download sources and javadoc] INFO  o.e.m.j.internal.DownloadSourcesJob - Downloaded sources for org.thymeleaf.extras:thymeleaf-extras-springsecurity5:3.0.4.RELEASE
2026-05-08 18:09:34,977 [Worker-2: Download sources and javadoc] INFO  o.e.m.c.i.e.AbstractTransferListenerAdapter - Downloading https://repo.maven.apache.org/maven2/org/slf4j/slf4j-api/1.7.33/slf4j-api-1.7.33-sources.jar
2026-05-08 18:09:35,002 [Worker-2: Download sources and javadoc] INFO  o.e.m.c.i.e.AbstractTransferListenerAdapter - Downloaded https://repo.maven.apache.org/maven2/org/slf4j/slf4j-api/1.7.33/slf4j-api-1.7.33-sources.jar
2026-05-08 18:09:35,003 [Worker-2: Download sources and javadoc] INFO  o.e.m.j.internal.DownloadSourcesJob - Downloaded sources for org.slf4j:slf4j-api:1.7.33
2026-05-08 18:09:35,124 [Worker-2: Download sources and javadoc] INFO  o.e.m.c.i.e.AbstractTransferListenerAdapter - Downloading https://repo.maven.apache.org/maven2/org/springframework/boot/spring-boot-starter-validation/2.6.3/spring-boot-starter-validation-2.6.3-sources.jar
2026-05-08 18:09:35,125 [Worker-2: Download sources and javadoc] INFO  o.e.m.c.i.e.AbstractTransferListenerAdapter - Downloaded https://repo.maven.apache.org/maven2/org/springframework/boot/spring-boot-starter-validation/2.6.3/spring-boot-starter-validation-2.6.3-sources.jar
2026-05-08 18:09:35,126 [Worker-2: Download sources and javadoc] INFO  o.e.m.j.internal.DownloadSourcesJob - Downloaded sources for org.springframework.boot:spring-boot-starter-validation:2.6.3
2026-05-08 18:09:35,237 [Worker-2: Download sources and javadoc] INFO  o.e.m.c.i.e.AbstractTransferListenerAdapter - Downloading https://repo.maven.apache.org/maven2/org/apache/tomcat/embed/tomcat-embed-el/9.0.56/tomcat-embed-el-9.0.56-sources.jar
2026-05-08 18:09:35,306 [Worker-2: Download sources and javadoc] INFO  o.e.m.c.i.e.AbstractTransferListenerAdapter - Downloaded https://repo.maven.apache.org/maven2/org/apache/tomcat/embed/tomcat-embed-el/9.0.56/tomcat-embed-el-9.0.56-sources.jar
2026-05-08 18:09:35,307 [Worker-2: Download sources and javadoc] INFO  o.e.m.j.internal.DownloadSourcesJob - Downloaded sources for org.apache.tomcat.embed:tomcat-embed-el:9.0.56
2026-05-08 18:09:35,426 [Worker-2: Download sources and javadoc] INFO  o.e.m.c.i.e.AbstractTransferListenerAdapter - Downloading https://repo.maven.apache.org/maven2/org/hibernate/validator/hibernate-validator/6.2.0.Final/hibernate-validator-6.2.0.Final-sources.jar
2026-05-08 18:09:35,615 [Worker-2: Download sources and javadoc] INFO  o.e.m.c.i.e.AbstractTransferListenerAdapter - Downloaded https://repo.maven.apache.org/maven2/org/hibernate/validator/hibernate-validator/6.2.0.Final/hibernate-validator-6.2.0.Final-sources.jar
2026-05-08 18:09:35,616 [Worker-2: Download sources and javadoc] INFO  o.e.m.j.internal.DownloadSourcesJob - Downloaded sources for org.hibernate.validator:hibernate-validator:6.2.0.Final
2026-05-08 18:09:35,721 [Worker-2: Download sources and javadoc] INFO  o.e.m.c.i.e.AbstractTransferListenerAdapter - Downloading https://repo.maven.apache.org/maven2/jakarta/validation/jakarta.validation-api/2.0.2/jakarta.validation-api-2.0.2-sources.jar
2026-05-08 18:09:35,762 [Worker-2: Download sources and javadoc] INFO  o.e.m.c.i.e.AbstractTransferListenerAdapter - Downloaded https://repo.maven.apache.org/maven2/jakarta/validation/jakarta.validation-api/2.0.2/jakarta.validation-api-2.0.2-sources.jar
2026-05-08 18:09:35,762 [Worker-2: Download sources and javadoc] INFO  o.e.m.j.internal.DownloadSourcesJob - Downloaded sources for jakarta.validation:jakarta.validation-api:2.0.2
2026-05-08 18:09:35,866 [Worker-2: Download sources and javadoc] INFO  o.e.m.c.i.e.AbstractTransferListenerAdapter - Downloading https://repo.maven.apache.org/maven2/org/springframework/boot/spring-boot-devtools/2.6.3/spring-boot-devtools-2.6.3-sources.jar
2026-05-08 18:09:35,911 [Worker-2: Download sources and javadoc] INFO  o.e.m.c.i.e.AbstractTransferListenerAdapter - Downloaded https://repo.maven.apache.org/maven2/org/springframework/boot/spring-boot-devtools/2.6.3/spring-boot-devtools-2.6.3-sources.jar
2026-05-08 18:09:35,912 [Worker-2: Download sources and javadoc] INFO  o.e.m.j.internal.DownloadSourcesJob - Downloaded sources for org.springframework.boot:spring-boot-devtools:2.6.3
2026-05-08 18:09:36,021 [Worker-2: Download sources and javadoc] INFO  o.e.m.c.i.e.AbstractTransferListenerAdapter - Downloading https://repo.maven.apache.org/maven2/org/springframework/boot/spring-boot/2.6.3/spring-boot-2.6.3-sources.jar
2026-05-08 18:09:36,283 [Worker-2: Download sources and javadoc] INFO  o.e.m.c.i.e.AbstractTransferListenerAdapter - Downloaded https://repo.maven.apache.org/maven2/org/springframework/boot/spring-boot/2.6.3/spring-boot-2.6.3-sources.jar
2026-05-08 18:09:36,283 [Worker-2: Download sources and javadoc] INFO  o.e.m.j.internal.DownloadSourcesJob - Downloaded sources for org.springframework.boot:spring-boot:2.6.3
2026-05-08 18:09:36,395 [Worker-2: Download sources and javadoc] INFO  o.e.m.c.i.e.AbstractTransferListenerAdapter - Downloading https://repo.maven.apache.org/maven2/org/springframework/boot/spring-boot-autoconfigure/2.6.3/spring-boot-autoconfigure-2.6.3-sources.jar
2026-05-08 18:09:36,619 [Worker-2: Download sources and javadoc] INFO  o.e.m.c.i.e.AbstractTransferListenerAdapter - Downloaded https://repo.maven.apache.org/maven2/org/springframework/boot/spring-boot-autoconfigure/2.6.3/spring-boot-autoconfigure-2.6.3-sources.jar
2026-05-08 18:09:36,621 [Worker-2: Download sources and javadoc] INFO  o.e.m.j.internal.DownloadSourcesJob - Downloaded sources for org.springframework.boot:spring-boot-autoconfigure:2.6.3
2026-05-08 18:09:36,742 [Worker-2: Download sources and javadoc] INFO  o.e.m.c.i.e.AbstractTransferListenerAdapter - Downloading https://repo.maven.apache.org/maven2/mysql/mysql-connector-java/8.0.28/mysql-connector-java-8.0.28-sources.jar
2026-05-08 18:09:37,033 [Worker-2: Download sources and javadoc] INFO  o.e.m.c.i.e.AbstractTransferListenerAdapter - Downloaded https://repo.maven.apache.org/maven2/mysql/mysql-connector-java/8.0.28/mysql-connector-java-8.0.28-sources.jar
2026-05-08 18:09:37,034 [Worker-2: Download sources and javadoc] INFO  o.e.m.j.internal.DownloadSourcesJob - Downloaded sources for mysql:mysql-connector-java:8.0.28
2026-05-08 18:09:37,165 [Worker-2: Download sources and javadoc] INFO  o.e.m.c.i.e.AbstractTransferListenerAdapter - Downloading https://repo.maven.apache.org/maven2/org/springframework/boot/spring-boot-starter-test/2.6.3/spring-boot-starter-test-2.6.3-sources.jar
2026-05-08 18:09:37,167 [Worker-2: Download sources and javadoc] INFO  o.e.m.c.i.e.AbstractTransferListenerAdapter - Downloaded https://repo.maven.apache.org/maven2/org/springframework/boot/spring-boot-starter-test/2.6.3/spring-boot-starter-test-2.6.3-sources.jar
2026-05-08 18:09:37,168 [Worker-2: Download sources and javadoc] INFO  o.e.m.j.internal.DownloadSourcesJob - Downloaded sources for org.springframework.boot:spring-boot-starter-test:2.6.3
2026-05-08 18:09:37,290 [Worker-2: Download sources and javadoc] INFO  o.e.m.c.i.e.AbstractTransferListenerAdapter - Downloading https://repo.maven.apache.org/maven2/org/springframework/boot/spring-boot-test/2.6.3/spring-boot-test-2.6.3-sources.jar
2026-05-08 18:09:37,330 [Worker-2: Download sources and javadoc] INFO  o.e.m.c.i.e.AbstractTransferListenerAdapter - Downloaded https://repo.maven.apache.org/maven2/org/springframework/boot/spring-boot-test/2.6.3/spring-boot-test-2.6.3-sources.jar
2026-05-08 18:09:37,331 [Worker-2: Download sources and javadoc] INFO  o.e.m.j.internal.DownloadSourcesJob - Downloaded sources for org.springframework.boot:spring-boot-test:2.6.3
2026-05-08 18:09:37,445 [Worker-2: Download sources and javadoc] INFO  o.e.m.c.i.e.AbstractTransferListenerAdapter - Downloading https://repo.maven.apache.org/maven2/org/springframework/boot/spring-boot-test-autoconfigure/2.6.3/spring-boot-test-autoconfigure-2.6.3-sources.jar
2026-05-08 18:09:37,509 [Worker-2: Download sources and javadoc] INFO  o.e.m.c.i.e.AbstractTransferListenerAdapter - Downloaded https://repo.maven.apache.org/maven2/org/springframework/boot/spring-boot-test-autoconfigure/2.6.3/spring-boot-test-autoconfigure-2.6.3-sources.jar
2026-05-08 18:09:37,510 [Worker-2: Download sources and javadoc] INFO  o.e.m.j.internal.DownloadSourcesJob - Downloaded sources for org.springframework.boot:spring-boot-test-autoconfigure:2.6.3
2026-05-08 18:09:37,626 [Worker-2: Download sources and javadoc] INFO  o.e.m.c.i.e.AbstractTransferListenerAdapter - Downloading https://repo.maven.apache.org/maven2/com/jayway/jsonpath/json-path/2.6.0/json-path-2.6.0-sources.jar
2026-05-08 18:09:37,674 [Worker-2: Download sources and javadoc] INFO  o.e.m.c.i.e.AbstractTransferListenerAdapter - Downloaded https://repo.maven.apache.org/maven2/com/jayway/jsonpath/json-path/2.6.0/json-path-2.6.0-sources.jar
2026-05-08 18:09:37,676 [Worker-2: Download sources and javadoc] INFO  o.e.m.j.internal.DownloadSourcesJob - Downloaded sources for com.jayway.jsonpath:json-path:2.6.0
2026-05-08 18:09:37,799 [Worker-2: Download sources and javadoc] INFO  o.e.m.c.i.e.AbstractTransferListenerAdapter - Downloading https://repo.maven.apache.org/maven2/net/minidev/json-smart/2.4.7/json-smart-2.4.7-sources.jar
2026-05-08 18:09:37,823 [Worker-2: Download sources and javadoc] INFO  o.e.m.c.i.e.AbstractTransferListenerAdapter - Downloaded https://repo.maven.apache.org/maven2/net/minidev/json-smart/2.4.7/json-smart-2.4.7-sources.jar
2026-05-08 18:09:37,824 [Worker-2: Download sources and javadoc] INFO  o.e.m.j.internal.DownloadSourcesJob - Downloaded sources for net.minidev:json-smart:2.4.7
2026-05-08 18:09:37,950 [Worker-2: Download sources and javadoc] INFO  o.e.m.c.i.e.AbstractTransferListenerAdapter - Downloading https://repo.maven.apache.org/maven2/net/minidev/accessors-smart/2.4.7/accessors-smart-2.4.7-sources.jar
2026-05-08 18:09:37,957 [Worker-2: Download sources and javadoc] INFO  o.e.m.c.i.e.AbstractTransferListenerAdapter - Downloaded https://repo.maven.apache.org/maven2/net/minidev/accessors-smart/2.4.7/accessors-smart-2.4.7-sources.jar
2026-05-08 18:09:37,958 [Worker-2: Download sources and javadoc] INFO  o.e.m.j.internal.DownloadSourcesJob - Downloaded sources for net.minidev:accessors-smart:2.4.7
2026-05-08 18:09:38,082 [Worker-2: Download sources and javadoc] INFO  o.e.m.c.i.e.AbstractTransferListenerAdapter - Downloading https://repo.maven.apache.org/maven2/org/ow2/asm/asm/9.1/asm-9.1-sources.jar
2026-05-08 18:09:38,130 [Worker-2: Download sources and javadoc] INFO  o.e.m.c.i.e.AbstractTransferListenerAdapter - Downloaded https://repo.maven.apache.org/maven2/org/ow2/asm/asm/9.1/asm-9.1-sources.jar
2026-05-08 18:09:38,131 [Worker-2: Download sources and javadoc] INFO  o.e.m.j.internal.DownloadSourcesJob - Downloaded sources for org.ow2.asm:asm:9.1
2026-05-08 18:09:38,242 [Worker-2: Download sources and javadoc] INFO  o.e.m.c.i.e.AbstractTransferListenerAdapter - Downloading https://repo.maven.apache.org/maven2/jakarta/xml/bind/jakarta.xml.bind-api/2.3.3/jakarta.xml.bind-api-2.3.3-sources.jar
2026-05-08 18:09:38,315 [Worker-2: Download sources and javadoc] INFO  o.e.m.c.i.e.AbstractTransferListenerAdapter - Downloaded https://repo.maven.apache.org/maven2/jakarta/xml/bind/jakarta.xml.bind-api/2.3.3/jakarta.xml.bind-api-2.3.3-sources.jar
2026-05-08 18:09:38,315 [Worker-2: Download sources and javadoc] INFO  o.e.m.j.internal.DownloadSourcesJob - Downloaded sources for jakarta.xml.bind:jakarta.xml.bind-api:2.3.3
2026-05-08 18:09:38,423 [Worker-2: Download sources and javadoc] INFO  o.e.m.c.i.e.AbstractTransferListenerAdapter - Downloading https://repo.maven.apache.org/maven2/jakarta/activation/jakarta.activation-api/1.2.2/jakarta.activation-api-1.2.2-sources.jar
2026-05-08 18:09:38,427 [Worker-2: Download sources and javadoc] INFO  o.e.m.c.i.e.AbstractTransferListenerAdapter - Downloaded https://repo.maven.apache.org/maven2/jakarta/activation/jakarta.activation-api/1.2.2/jakarta.activation-api-1.2.2-sources.jar
2026-05-08 18:09:38,428 [Worker-2: Download sources and javadoc] INFO  o.e.m.j.internal.DownloadSourcesJob - Downloaded sources for jakarta.activation:jakarta.activation-api:1.2.2
2026-05-08 18:09:38,536 [Worker-2: Download sources and javadoc] INFO  o.e.m.c.i.e.AbstractTransferListenerAdapter - Downloading https://repo.maven.apache.org/maven2/org/assertj/assertj-core/3.21.0/assertj-core-3.21.0-sources.jar
2026-05-08 18:09:38,770 [Worker-2: Download sources and javadoc] INFO  o.e.m.c.i.e.AbstractTransferListenerAdapter - Downloaded https://repo.maven.apache.org/maven2/org/assertj/assertj-core/3.21.0/assertj-core-3.21.0-sources.jar
2026-05-08 18:09:38,771 [Worker-2: Download sources and javadoc] INFO  o.e.m.j.internal.DownloadSourcesJob - Downloaded sources for org.assertj:assertj-core:3.21.0
2026-05-08 18:09:38,882 [Worker-2: Download sources and javadoc] INFO  o.e.m.c.i.e.AbstractTransferListenerAdapter - Downloading https://repo.maven.apache.org/maven2/org/hamcrest/hamcrest/2.2/hamcrest-2.2-sources.jar
2026-05-08 18:09:38,927 [Worker-2: Download sources and javadoc] INFO  o.e.m.c.i.e.AbstractTransferListenerAdapter - Downloaded https://repo.maven.apache.org/maven2/org/hamcrest/hamcrest/2.2/hamcrest-2.2-sources.jar
2026-05-08 18:09:38,928 [Worker-2: Download sources and javadoc] INFO  o.e.m.j.internal.DownloadSourcesJob - Downloaded sources for org.hamcrest:hamcrest:2.2
2026-05-08 18:09:39,033 [Worker-2: Download sources and javadoc] INFO  o.e.m.c.i.e.AbstractTransferListenerAdapter - Downloading https://repo.maven.apache.org/maven2/org/junit/jupiter/junit-jupiter/5.8.2/junit-jupiter-5.8.2-sources.jar
2026-05-08 18:09:39,035 [Worker-2: Download sources and javadoc] INFO  o.e.m.c.i.e.AbstractTransferListenerAdapter - Downloaded https://repo.maven.apache.org/maven2/org/junit/jupiter/junit-jupiter/5.8.2/junit-jupiter-5.8.2-sources.jar
2026-05-08 18:09:39,037 [Worker-2: Download sources and javadoc] INFO  o.e.m.j.internal.DownloadSourcesJob - Downloaded sources for org.junit.jupiter:junit-jupiter:5.8.2
2026-05-08 18:09:39,136 [Worker-2: Download sources and javadoc] INFO  o.e.m.c.i.e.AbstractTransferListenerAdapter - Downloading https://repo.maven.apache.org/maven2/org/junit/jupiter/junit-jupiter-api/5.8.2/junit-jupiter-api-5.8.2-sources.jar
2026-05-08 18:09:39,277 [Worker-2: Download sources and javadoc] INFO  o.e.m.c.i.e.AbstractTransferListenerAdapter - Downloaded https://repo.maven.apache.org/maven2/org/junit/jupiter/junit-jupiter-api/5.8.2/junit-jupiter-api-5.8.2-sources.jar
2026-05-08 18:09:39,278 [Worker-2: Download sources and javadoc] INFO  o.e.m.j.internal.DownloadSourcesJob - Downloaded sources for org.junit.jupiter:junit-jupiter-api:5.8.2
2026-05-08 18:09:39,391 [Worker-2: Download sources and javadoc] INFO  o.e.m.c.i.e.AbstractTransferListenerAdapter - Downloading https://repo.maven.apache.org/maven2/org/opentest4j/opentest4j/1.2.0/opentest4j-1.2.0-sources.jar
2026-05-08 18:09:39,394 [Worker-2: Download sources and javadoc] INFO  o.e.m.c.i.e.AbstractTransferListenerAdapter - Downloaded https://repo.maven.apache.org/maven2/org/opentest4j/opentest4j/1.2.0/opentest4j-1.2.0-sources.jar
2026-05-08 18:09:39,395 [Worker-2: Download sources and javadoc] INFO  o.e.m.j.internal.DownloadSourcesJob - Downloaded sources for org.opentest4j:opentest4j:1.2.0
2026-05-08 18:09:39,536 [Worker-2: Download sources and javadoc] INFO  o.e.m.c.i.e.AbstractTransferListenerAdapter - Downloading https://repo.maven.apache.org/maven2/org/junit/platform/junit-platform-commons/1.8.2/junit-platform-commons-1.8.2-sources.jar
2026-05-08 18:09:39,570 [Worker-2: Download sources and javadoc] INFO  o.e.m.c.i.e.AbstractTransferListenerAdapter - Downloaded https://repo.maven.apache.org/maven2/org/junit/platform/junit-platform-commons/1.8.2/junit-platform-commons-1.8.2-sources.jar
2026-05-08 18:09:39,571 [Worker-2: Download sources and javadoc] INFO  o.e.m.j.internal.DownloadSourcesJob - Downloaded sources for org.junit.platform:junit-platform-commons:1.8.2
2026-05-08 18:09:39,668 [Worker-2: Download sources and javadoc] INFO  o.e.m.c.i.e.AbstractTransferListenerAdapter - Downloading https://repo.maven.apache.org/maven2/org/junit/jupiter/junit-jupiter-params/5.8.2/junit-jupiter-params-5.8.2-sources.jar
2026-05-08 18:09:39,713 [Worker-2: Download sources and javadoc] INFO  o.e.m.c.i.e.AbstractTransferListenerAdapter - Downloaded https://repo.maven.apache.org/maven2/org/junit/jupiter/junit-jupiter-params/5.8.2/junit-jupiter-params-5.8.2-sources.jar
2026-05-08 18:09:39,714 [Worker-2: Download sources and javadoc] INFO  o.e.m.j.internal.DownloadSourcesJob - Downloaded sources for org.junit.jupiter:junit-jupiter-params:5.8.2
2026-05-08 18:09:39,821 [Worker-2: Download sources and javadoc] INFO  o.e.m.c.i.e.AbstractTransferListenerAdapter - Downloading https://repo.maven.apache.org/maven2/org/junit/jupiter/junit-jupiter-engine/5.8.2/junit-jupiter-engine-5.8.2-sources.jar
2026-05-08 18:09:39,874 [Worker-2: Download sources and javadoc] INFO  o.e.m.c.i.e.AbstractTransferListenerAdapter - Downloaded https://repo.maven.apache.org/maven2/org/junit/jupiter/junit-jupiter-engine/5.8.2/junit-jupiter-engine-5.8.2-sources.jar
2026-05-08 18:09:39,876 [Worker-2: Download sources and javadoc] INFO  o.e.m.j.internal.DownloadSourcesJob - Downloaded sources for org.junit.jupiter:junit-jupiter-engine:5.8.2
2026-05-08 18:09:40,015 [Worker-2: Download sources and javadoc] INFO  o.e.m.c.i.e.AbstractTransferListenerAdapter - Downloading https://repo.maven.apache.org/maven2/org/junit/platform/junit-platform-engine/1.8.2/junit-platform-engine-1.8.2-sources.jar
2026-05-08 18:09:40,065 [Worker-2: Download sources and javadoc] INFO  o.e.m.c.i.e.AbstractTransferListenerAdapter - Downloaded https://repo.maven.apache.org/maven2/org/junit/platform/junit-platform-engine/1.8.2/junit-platform-engine-1.8.2-sources.jar
2026-05-08 18:09:40,067 [Worker-2: Download sources and javadoc] INFO  o.e.m.j.internal.DownloadSourcesJob - Downloaded sources for org.junit.platform:junit-platform-engine:1.8.2
2026-05-08 18:09:40,167 [Worker-2: Download sources and javadoc] INFO  o.e.m.c.i.e.AbstractTransferListenerAdapter - Downloading https://repo.maven.apache.org/maven2/org/mockito/mockito-core/4.0.0/mockito-core-4.0.0-sources.jar
2026-05-08 18:09:40,306 [Worker-2: Download sources and javadoc] INFO  o.e.m.c.i.e.AbstractTransferListenerAdapter - Downloaded https://repo.maven.apache.org/maven2/org/mockito/mockito-core/4.0.0/mockito-core-4.0.0-sources.jar
2026-05-08 18:09:40,307 [Worker-2: Download sources and javadoc] INFO  o.e.m.j.internal.DownloadSourcesJob - Downloaded sources for org.mockito:mockito-core:4.0.0
2026-05-08 18:09:40,417 [Worker-2: Download sources and javadoc] INFO  o.e.m.c.i.e.AbstractTransferListenerAdapter - Downloading https://repo.maven.apache.org/maven2/net/bytebuddy/byte-buddy-agent/1.11.22/byte-buddy-agent-1.11.22-sources.jar
2026-05-08 18:09:40,497 [Worker-2: Download sources and javadoc] INFO  o.e.m.c.i.e.AbstractTransferListenerAdapter - Downloaded https://repo.maven.apache.org/maven2/net/bytebuddy/byte-buddy-agent/1.11.22/byte-buddy-agent-1.11.22-sources.jar
2026-05-08 18:09:40,498 [Worker-2: Download sources and javadoc] INFO  o.e.m.j.internal.DownloadSourcesJob - Downloaded sources for net.bytebuddy:byte-buddy-agent:1.11.22
2026-05-08 18:09:40,604 [Worker-2: Download sources and javadoc] INFO  o.e.m.c.i.e.AbstractTransferListenerAdapter - Downloading https://repo.maven.apache.org/maven2/org/objenesis/objenesis/3.2/objenesis-3.2-sources.jar
2026-05-08 18:09:40,612 [Worker-2: Download sources and javadoc] INFO  o.e.m.c.i.e.AbstractTransferListenerAdapter - Downloaded https://repo.maven.apache.org/maven2/org/objenesis/objenesis/3.2/objenesis-3.2-sources.jar
2026-05-08 18:09:40,613 [Worker-2: Download sources and javadoc] INFO  o.e.m.j.internal.DownloadSourcesJob - Downloaded sources for org.objenesis:objenesis:3.2
2026-05-08 18:09:40,719 [Worker-2: Download sources and javadoc] INFO  o.e.m.c.i.e.AbstractTransferListenerAdapter - Downloading https://repo.maven.apache.org/maven2/org/mockito/mockito-junit-jupiter/4.0.0/mockito-junit-jupiter-4.0.0-sources.jar
2026-05-08 18:09:40,721 [Worker-2: Download sources and javadoc] INFO  o.e.m.c.i.e.AbstractTransferListenerAdapter - Downloaded https://repo.maven.apache.org/maven2/org/mockito/mockito-junit-jupiter/4.0.0/mockito-junit-jupiter-4.0.0-sources.jar
2026-05-08 18:09:40,722 [Worker-2: Download sources and javadoc] INFO  o.e.m.j.internal.DownloadSourcesJob - Downloaded sources for org.mockito:mockito-junit-jupiter:4.0.0
2026-05-08 18:09:40,846 [Worker-2: Download sources and javadoc] INFO  o.e.m.c.i.e.AbstractTransferListenerAdapter - Downloading https://repo.maven.apache.org/maven2/org/skyscreamer/jsonassert/1.5.0/jsonassert-1.5.0-sources.jar
2026-05-08 18:09:40,849 [Worker-2: Download sources and javadoc] INFO  o.e.m.c.i.e.AbstractTransferListenerAdapter - Downloaded https://repo.maven.apache.org/maven2/org/skyscreamer/jsonassert/1.5.0/jsonassert-1.5.0-sources.jar
2026-05-08 18:09:40,850 [Worker-2: Download sources and javadoc] INFO  o.e.m.j.internal.DownloadSourcesJob - Downloaded sources for org.skyscreamer:jsonassert:1.5.0
2026-05-08 18:09:40,962 [Worker-2: Download sources and javadoc] INFO  o.e.m.c.i.e.AbstractTransferListenerAdapter - Downloading https://repo.maven.apache.org/maven2/com/vaadin/external/google/android-json/0.0.20131108.vaadin1/android-json-0.0.20131108.vaadin1-sources.jar
2026-05-08 18:09:40,964 [Worker-2: Download sources and javadoc] INFO  o.e.m.c.i.e.AbstractTransferListenerAdapter - Downloaded https://repo.maven.apache.org/maven2/com/vaadin/external/google/android-json/0.0.20131108.vaadin1/android-json-0.0.20131108.vaadin1-sources.jar
2026-05-08 18:09:40,965 [Worker-2: Download sources and javadoc] INFO  o.e.m.j.internal.DownloadSourcesJob - Downloaded sources for com.vaadin.external.google:android-json:0.0.20131108.vaadin1
2026-05-08 18:09:41,071 [Worker-2: Download sources and javadoc] INFO  o.e.m.c.i.e.AbstractTransferListenerAdapter - Downloading https://repo.maven.apache.org/maven2/org/springframework/spring-core/5.3.15/spring-core-5.3.15-sources.jar
2026-05-08 18:09:41,268 [Worker-2: Download sources and javadoc] INFO  o.e.m.c.i.e.AbstractTransferListenerAdapter - Downloaded https://repo.maven.apache.org/maven2/org/springframework/spring-core/5.3.15/spring-core-5.3.15-sources.jar
2026-05-08 18:09:41,269 [Worker-2: Download sources and javadoc] INFO  o.e.m.j.internal.DownloadSourcesJob - Downloaded sources for org.springframework:spring-core:5.3.15
2026-05-08 18:09:41,383 [Worker-2: Download sources and javadoc] INFO  o.e.m.c.i.e.AbstractTransferListenerAdapter - Downloading https://repo.maven.apache.org/maven2/org/springframework/spring-jcl/5.3.15/spring-jcl-5.3.15-sources.jar
2026-05-08 18:09:41,386 [Worker-2: Download sources and javadoc] INFO  o.e.m.c.i.e.AbstractTransferListenerAdapter - Downloaded https://repo.maven.apache.org/maven2/org/springframework/spring-jcl/5.3.15/spring-jcl-5.3.15-sources.jar
2026-05-08 18:09:41,387 [Worker-2: Download sources and javadoc] INFO  o.e.m.j.internal.DownloadSourcesJob - Downloaded sources for org.springframework:spring-jcl:5.3.15
2026-05-08 18:09:41,506 [Worker-2: Download sources and javadoc] INFO  o.e.m.c.i.e.AbstractTransferListenerAdapter - Downloading https://repo.maven.apache.org/maven2/org/springframework/spring-test/5.3.15/spring-test-5.3.15-sources.jar
2026-05-08 18:09:41,681 [Worker-2: Download sources and javadoc] INFO  o.e.m.c.i.e.AbstractTransferListenerAdapter - Downloaded https://repo.maven.apache.org/maven2/org/springframework/spring-test/5.3.15/spring-test-5.3.15-sources.jar
2026-05-08 18:09:41,683 [Worker-2: Download sources and javadoc] INFO  o.e.m.j.internal.DownloadSourcesJob - Downloaded sources for org.springframework:spring-test:5.3.15
2026-05-08 18:09:41,793 [Worker-2: Download sources and javadoc] INFO  o.e.m.c.i.e.AbstractTransferListenerAdapter - Downloading https://repo.maven.apache.org/maven2/org/xmlunit/xmlunit-core/2.8.4/xmlunit-core-2.8.4-sources.jar
2026-05-08 18:09:41,837 [Worker-2: Download sources and javadoc] INFO  o.e.m.c.i.e.AbstractTransferListenerAdapter - Downloaded https://repo.maven.apache.org/maven2/org/xmlunit/xmlunit-core/2.8.4/xmlunit-core-2.8.4-sources.jar
2026-05-08 18:09:41,839 [Worker-2: Download sources and javadoc] INFO  o.e.m.j.internal.DownloadSourcesJob - Downloaded sources for org.xmlunit:xmlunit-core:2.8.4
2026-05-08 18:09:41,950 [Worker-2: Download sources and javadoc] INFO  o.e.m.c.i.e.AbstractTransferListenerAdapter - Downloading https://repo.maven.apache.org/maven2/org/springframework/security/spring-security-test/5.6.1/spring-security-test-5.6.1-sources.jar
2026-05-08 18:09:41,969 [Worker-2: Download sources and javadoc] INFO  o.e.m.c.i.e.AbstractTransferListenerAdapter - Downloaded https://repo.maven.apache.org/maven2/org/springframework/security/spring-security-test/5.6.1/spring-security-test-5.6.1-sources.jar
2026-05-08 18:09:41,971 [Worker-2: Download sources and javadoc] INFO  o.e.m.j.internal.DownloadSourcesJob - Downloaded sources for org.springframework.security:spring-security-test:5.6.1
2026-05-08 18:09:42,068 [Worker-2: Download sources and javadoc] INFO  o.e.m.c.i.e.AbstractTransferListenerAdapter - Downloading https://repo.maven.apache.org/maven2/org/springframework/security/spring-security-core/5.6.1/spring-security-core-5.6.1-sources.jar
2026-05-08 18:09:42,183 [Worker-2: Download sources and javadoc] INFO  o.e.m.c.i.e.AbstractTransferListenerAdapter - Downloaded https://repo.maven.apache.org/maven2/org/springframework/security/spring-security-core/5.6.1/spring-security-core-5.6.1-sources.jar
2026-05-08 18:09:42,185 [Worker-2: Download sources and javadoc] INFO  o.e.m.j.internal.DownloadSourcesJob - Downloaded sources for org.springframework.security:spring-security-core:5.6.1
2026-05-08 18:09:42,299 [Worker-2: Download sources and javadoc] INFO  o.e.m.c.i.e.AbstractTransferListenerAdapter - Downloading https://repo.maven.apache.org/maven2/org/springframework/security/spring-security-crypto/5.6.1/spring-security-crypto-5.6.1-sources.jar
2026-05-08 18:09:42,394 [Worker-2: Download sources and javadoc] INFO  o.e.m.c.i.e.AbstractTransferListenerAdapter - Downloaded https://repo.maven.apache.org/maven2/org/springframework/security/spring-security-crypto/5.6.1/spring-security-crypto-5.6.1-sources.jar
2026-05-08 18:09:42,396 [Worker-2: Download sources and javadoc] INFO  o.e.m.j.internal.DownloadSourcesJob - Downloaded sources for org.springframework.security:spring-security-crypto:5.6.1
2026-05-08 18:12:56,496 [Worker-2: Download sources and javadoc] INFO  o.e.m.c.i.e.AbstractTransferListenerAdapter - Downloaded https://repo.maven.apache.org/maven2/antlr/antlr/2.7.7/antlr-2.7.7-javadoc.jar
2026-05-08 18:12:56,498 [Worker-2: Download sources and javadoc] ERROR o.e.m.j.internal.DownloadSourcesJob - Could not download javadoc for antlr:antlr:2.7.7
org.eclipse.core.runtime.CoreException: Could not resolve artifact antlr:antlr:jar:javadoc:2.7.7
	at org.eclipse.m2e.core.internal.embedder.MavenImpl.lambda$7(MavenImpl.java:581)
	at org.eclipse.m2e.core.internal.embedder.MavenExecutionContext.executeBare(MavenExecutionContext.java:462)
	at org.eclipse.m2e.core.internal.embedder.MavenExecutionContext.execute(MavenExecutionContext.java:295)
	at org.eclipse.m2e.core.internal.embedder.MavenExecutionContext.execute(MavenExecutionContext.java:281)
	at org.eclipse.m2e.core.internal.embedder.MavenImpl.resolve(MavenImpl.java:550)
	at org.eclipse.m2e.core.internal.embedder.MavenImpl.resolve(MavenImpl.java:535)
	at org.eclipse.m2e.jdt.internal.DownloadSourcesJob.download(DownloadSourcesJob.java:308)
	at org.eclipse.m2e.jdt.internal.DownloadSourcesJob.downloadAttachments(DownloadSourcesJob.java:294)
	at org.eclipse.m2e.jdt.internal.DownloadSourcesJob.downloadMaven(DownloadSourcesJob.java:252)
	at org.eclipse.m2e.jdt.internal.DownloadSourcesJob.downloadFilesAndPopulateToUpdate(DownloadSourcesJob.java:220)
	at org.eclipse.m2e.jdt.internal.DownloadSourcesJob.lambda$0(DownloadSourcesJob.java:149)
	at org.eclipse.m2e.core.internal.embedder.MavenExecutionContext.executeBare(MavenExecutionContext.java:462)
	at org.eclipse.m2e.core.internal.embedder.MavenExecutionContext.execute(MavenExecutionContext.java:342)
	at org.eclipse.m2e.core.internal.embedder.MavenExecutionContext.execute(MavenExecutionContext.java:281)
	at org.eclipse.m2e.core.embedder.IMaven.execute(IMaven.java:300)
	at org.eclipse.m2e.jdt.internal.DownloadSourcesJob.run(DownloadSourcesJob.java:149)
	at org.eclipse.core.internal.jobs.Worker.run(Worker.java:63)
2026-05-19 22:09:42,757 [Worker-9: Loading available Gradle versions] INFO  o.e.b.c.i.u.g.PublishedGradleVersions - Gradle version information cache is out-of-date. Trying to update.
2026-05-19 22:14:34,599 [Worker-9: Building] WARN  o.a.m.r.i.DefaultArtifactDescriptorReader - 1 problem was encountered while building the effective model for org.javassist:javassist:jar:3.20.0-GA during dependency collection step for project (use -X to see details)
2026-05-19 22:14:34,790 [Worker-9: Building] INFO  o.e.m.c.i.embedder.EclipseLogger - Using 'UTF-8' encoding to copy filtered resources.
2026-05-19 22:14:34,790 [Worker-9: Building] INFO  o.e.m.c.i.embedder.EclipseLogger - Using 'UTF-8' encoding to copy filtered properties files.
2026-05-19 22:14:34,793 [Worker-9: Building] INFO  o.e.m.c.i.embedder.EclipseLogger - Copying 1 resource
2026-05-19 22:14:34,801 [Worker-9: Building] INFO  o.e.m.c.i.embedder.EclipseLogger - Copying 49 resources
2026-05-19 22:14:34,805 [Worker-9: Building] INFO  o.e.m.c.i.embedder.EclipseLogger - Using 'UTF-8' encoding to copy filtered resources.
2026-05-19 22:14:34,805 [Worker-9: Building] INFO  o.e.m.c.i.embedder.EclipseLogger - Using 'UTF-8' encoding to copy filtered properties files.
2026-05-19 22:14:34,805 [Worker-9: Building] INFO  o.e.m.c.i.embedder.EclipseLogger - skip non existing resourceDirectory /Users/krishpal/Major Project/Student-Management-System-main/src/test/resources
2026-05-19 22:14:34,935 [Worker-9: Building] WARN  o.apache.maven.project.MavenProject - Plugin is modifying compileSourceRoots through clear(), which will not work in Maven 4.0.0. Use MavenProject.addCompileSourceRoot()/removeCompileSourceRoot() methods instead. If using a plugin, please upgrade to the latest version or report the issue to the plugin maintainer. To disable these warnings, set -Dmaven.project.sourceRoots.warningsDisabled=true on the command line, in the .mvn/maven.config file, or in project POM properties.
2026-05-19 22:14:34,936 [Worker-9: Building] WARN  o.apache.maven.project.MavenProject - Plugin is modifying compileSourceRoots through add(), which will not work in Maven 4.0.0. Use MavenProject.addCompileSourceRoot()/removeCompileSourceRoot() methods instead. If using a plugin, please upgrade to the latest version or report the issue to the plugin maintainer. To disable these warnings, set -Dmaven.project.sourceRoots.warningsDisabled=true on the command line, in the .mvn/maven.config file, or in project POM properties.
2026-05-19 22:14:34,936 [Worker-9: Building] WARN  o.apache.maven.project.MavenProject - Plugin is modifying testCompileSourceRoots through clear(), which will not work in Maven 4.0.0. Use MavenProject.addTestCompileSourceRoot()/removeTestCompileSourceRoot() methods instead. If using a plugin, please upgrade to the latest version or report the issue to the plugin maintainer. To disable these warnings, set -Dmaven.project.sourceRoots.warningsDisabled=true on the command line, in the .mvn/maven.config file, or in project POM properties.
2026-05-19 22:14:34,936 [Worker-9: Building] WARN  o.apache.maven.project.MavenProject - Plugin is modifying testCompileSourceRoots through add(), which will not work in Maven 4.0.0. Use MavenProject.addTestCompileSourceRoot()/removeTestCompileSourceRoot() methods instead. If using a plugin, please upgrade to the latest version or report the issue to the plugin maintainer. To disable these warnings, set -Dmaven.project.sourceRoots.warningsDisabled=true on the command line, in the .mvn/maven.config file, or in project POM properties.
2026-05-19 22:21:50,007 [Worker-31: Building] INFO  o.e.m.c.i.embedder.EclipseLogger - Using 'UTF-8' encoding to copy filtered resources.
2026-05-19 22:21:50,007 [Worker-31: Building] INFO  o.e.m.c.i.embedder.EclipseLogger - Using 'UTF-8' encoding to copy filtered properties files.
2026-05-19 22:21:50,008 [Worker-31: Building] INFO  o.e.m.c.i.embedder.EclipseLogger - Copying 1 resource
2026-05-19 22:21:50,010 [Worker-31: Building] INFO  o.e.m.c.i.embedder.EclipseLogger - Copying 0 resource
2026-05-19 22:21:50,011 [Worker-31: Building] INFO  o.e.m.c.i.embedder.EclipseLogger - Using 'UTF-8' encoding to copy filtered resources.
2026-05-19 22:21:50,011 [Worker-31: Building] INFO  o.e.m.c.i.embedder.EclipseLogger - Using 'UTF-8' encoding to copy filtered properties files.
2026-05-19 22:21:50,011 [Worker-31: Building] INFO  o.e.m.c.i.embedder.EclipseLogger - skip non existing resourceDirectory /Users/krishpal/Major Project/Student-Management-System-main/src/test/resources
2026-05-19 22:21:50,011 [Worker-31: Building] WARN  o.apache.maven.project.MavenProject - Plugin is modifying compileSourceRoots through clear(), which will not work in Maven 4.0.0. Use MavenProject.addCompileSourceRoot()/removeCompileSourceRoot() methods instead. If using a plugin, please upgrade to the latest version or report the issue to the plugin maintainer. To disable these warnings, set -Dmaven.project.sourceRoots.warningsDisabled=true on the command line, in the .mvn/maven.config file, or in project POM properties.
2026-05-19 22:21:50,011 [Worker-31: Building] WARN  o.apache.maven.project.MavenProject - Plugin is modifying compileSourceRoots through add(), which will not work in Maven 4.0.0. Use MavenProject.addCompileSourceRoot()/removeCompileSourceRoot() methods instead. If using a plugin, please upgrade to the latest version or report the issue to the plugin maintainer. To disable these warnings, set -Dmaven.project.sourceRoots.warningsDisabled=true on the command line, in the .mvn/maven.config file, or in project POM properties.
2026-05-19 22:21:50,012 [Worker-31: Building] WARN  o.apache.maven.project.MavenProject - Plugin is modifying testCompileSourceRoots through clear(), which will not work in Maven 4.0.0. Use MavenProject.addTestCompileSourceRoot()/removeTestCompileSourceRoot() methods instead. If using a plugin, please upgrade to the latest version or report the issue to the plugin maintainer. To disable these warnings, set -Dmaven.project.sourceRoots.warningsDisabled=true on the command line, in the .mvn/maven.config file, or in project POM properties.
2026-05-19 22:21:50,012 [Worker-31: Building] WARN  o.apache.maven.project.MavenProject - Plugin is modifying testCompileSourceRoots through add(), which will not work in Maven 4.0.0. Use MavenProject.addTestCompileSourceRoot()/removeTestCompileSourceRoot() methods instead. If using a plugin, please upgrade to the latest version or report the issue to the plugin maintainer. To disable these warnings, set -Dmaven.project.sourceRoots.warningsDisabled=true on the command line, in the .mvn/maven.config file, or in project POM properties.
2026-05-19 22:23:05,766 [Worker-31: Building] INFO  o.e.m.c.i.embedder.EclipseLogger - Using 'UTF-8' encoding to copy filtered resources.
2026-05-19 22:23:05,766 [Worker-31: Building] INFO  o.e.m.c.i.embedder.EclipseLogger - Using 'UTF-8' encoding to copy filtered properties files.
2026-05-19 22:23:05,768 [Worker-31: Building] INFO  o.e.m.c.i.embedder.EclipseLogger - Copying 1 resource
2026-05-19 22:23:05,777 [Worker-31: Building] INFO  o.e.m.c.i.embedder.EclipseLogger - Copying 0 resource
2026-05-19 22:23:05,780 [Worker-31: Building] INFO  o.e.m.c.i.embedder.EclipseLogger - Using 'UTF-8' encoding to copy filtered resources.
2026-05-19 22:23:05,780 [Worker-31: Building] INFO  o.e.m.c.i.embedder.EclipseLogger - Using 'UTF-8' encoding to copy filtered properties files.
2026-05-19 22:23:05,780 [Worker-31: Building] INFO  o.e.m.c.i.embedder.EclipseLogger - skip non existing resourceDirectory /Users/krishpal/Major Project/Student-Management-System-main/src/test/resources
2026-05-19 22:23:05,780 [Worker-31: Building] WARN  o.apache.maven.project.MavenProject - Plugin is modifying compileSourceRoots through clear(), which will not work in Maven 4.0.0. Use MavenProject.addCompileSourceRoot()/removeCompileSourceRoot() methods instead. If using a plugin, please upgrade to the latest version or report the issue to the plugin maintainer. To disable these warnings, set -Dmaven.project.sourceRoots.warningsDisabled=true on the command line, in the .mvn/maven.config file, or in project POM properties.
2026-05-19 22:23:05,781 [Worker-31: Building] WARN  o.apache.maven.project.MavenProject - Plugin is modifying compileSourceRoots through add(), which will not work in Maven 4.0.0. Use MavenProject.addCompileSourceRoot()/removeCompileSourceRoot() methods instead. If using a plugin, please upgrade to the latest version or report the issue to the plugin maintainer. To disable these warnings, set -Dmaven.project.sourceRoots.warningsDisabled=true on the command line, in the .mvn/maven.config file, or in project POM properties.
2026-05-19 22:23:05,781 [Worker-31: Building] WARN  o.apache.maven.project.MavenProject - Plugin is modifying testCompileSourceRoots through clear(), which will not work in Maven 4.0.0. Use MavenProject.addTestCompileSourceRoot()/removeTestCompileSourceRoot() methods instead. If using a plugin, please upgrade to the latest version or report the issue to the plugin maintainer. To disable these warnings, set -Dmaven.project.sourceRoots.warningsDisabled=true on the command line, in the .mvn/maven.config file, or in project POM properties.
2026-05-19 22:23:05,781 [Worker-31: Building] WARN  o.apache.maven.project.MavenProject - Plugin is modifying testCompileSourceRoots through add(), which will not work in Maven 4.0.0. Use MavenProject.addTestCompileSourceRoot()/removeTestCompileSourceRoot() methods instead. If using a plugin, please upgrade to the latest version or report the issue to the plugin maintainer. To disable these warnings, set -Dmaven.project.sourceRoots.warningsDisabled=true on the command line, in the .mvn/maven.config file, or in project POM properties.
2026-05-19 22:30:00,696 [Worker-30: Building] INFO  o.e.m.c.i.embedder.EclipseLogger - Using 'UTF-8' encoding to copy filtered resources.
2026-05-19 22:30:00,699 [Worker-30: Building] INFO  o.e.m.c.i.embedder.EclipseLogger - Using 'UTF-8' encoding to copy filtered properties files.
2026-05-19 22:30:00,700 [Worker-30: Building] INFO  o.e.m.c.i.embedder.EclipseLogger - Copying 1 resource
2026-05-19 22:30:00,703 [Worker-30: Building] INFO  o.e.m.c.i.embedder.EclipseLogger - Copying 0 resource
2026-05-19 22:30:00,705 [Worker-30: Building] INFO  o.e.m.c.i.embedder.EclipseLogger - Using 'UTF-8' encoding to copy filtered resources.
2026-05-19 22:30:00,705 [Worker-30: Building] INFO  o.e.m.c.i.embedder.EclipseLogger - Using 'UTF-8' encoding to copy filtered properties files.
2026-05-19 22:30:00,705 [Worker-30: Building] INFO  o.e.m.c.i.embedder.EclipseLogger - skip non existing resourceDirectory /Users/krishpal/Major Project/Student-Management-System-main/src/test/resources
2026-05-19 22:30:00,705 [Worker-30: Building] WARN  o.apache.maven.project.MavenProject - Plugin is modifying compileSourceRoots through clear(), which will not work in Maven 4.0.0. Use MavenProject.addCompileSourceRoot()/removeCompileSourceRoot() methods instead. If using a plugin, please upgrade to the latest version or report the issue to the plugin maintainer. To disable these warnings, set -Dmaven.project.sourceRoots.warningsDisabled=true on the command line, in the .mvn/maven.config file, or in project POM properties.
2026-05-19 22:30:00,705 [Worker-30: Building] WARN  o.apache.maven.project.MavenProject - Plugin is modifying compileSourceRoots through add(), which will not work in Maven 4.0.0. Use MavenProject.addCompileSourceRoot()/removeCompileSourceRoot() methods instead. If using a plugin, please upgrade to the latest version or report the issue to the plugin maintainer. To disable these warnings, set -Dmaven.project.sourceRoots.warningsDisabled=true on the command line, in the .mvn/maven.config file, or in project POM properties.
2026-05-19 22:30:00,705 [Worker-30: Building] WARN  o.apache.maven.project.MavenProject - Plugin is modifying testCompileSourceRoots through clear(), which will not work in Maven 4.0.0. Use MavenProject.addTestCompileSourceRoot()/removeTestCompileSourceRoot() methods instead. If using a plugin, please upgrade to the latest version or report the issue to the plugin maintainer. To disable these warnings, set -Dmaven.project.sourceRoots.warningsDisabled=true on the command line, in the .mvn/maven.config file, or in project POM properties.
2026-05-19 22:30:00,706 [Worker-30: Building] WARN  o.apache.maven.project.MavenProject - Plugin is modifying testCompileSourceRoots through add(), which will not work in Maven 4.0.0. Use MavenProject.addTestCompileSourceRoot()/removeTestCompileSourceRoot() methods instead. If using a plugin, please upgrade to the latest version or report the issue to the plugin maintainer. To disable these warnings, set -Dmaven.project.sourceRoots.warningsDisabled=true on the command line, in the .mvn/maven.config file, or in project POM properties.
2026-05-27 19:27:34,574 [Worker-4: Loading available Gradle versions] INFO  o.e.b.c.i.u.g.PublishedGradleVersions - Gradle version information cache is out-of-date. Trying to update.
2026-05-27 19:29:21,677 [Worker-26: Launching StudentManagementApplication] WARN  o.a.m.r.i.DefaultArtifactDescriptorReader - 1 problem was encountered while building the effective model for org.javassist:javassist:jar:3.20.0-GA during dependency collection step for project (use -X to see details)
2026-05-30 13:31:27,096 [Worker-1: Loading available Gradle versions] INFO  o.e.b.c.i.u.g.PublishedGradleVersions - Gradle version information cache is out-of-date. Trying to update.
2026-05-30 13:32:40,621 [Worker-6: Launching StudentManagementApplication] WARN  o.a.m.r.i.DefaultArtifactDescriptorReader - 1 problem was encountered while building the effective model for org.javassist:javassist:jar:3.20.0-GA during dependency collection step for project (use -X to see details)
2026-06-09 09:52:54,309 [Worker-2: Loading available Gradle versions] INFO  o.e.b.c.i.u.g.PublishedGradleVersions - Gradle version information cache is out-of-date. Trying to update.
2026-06-09 09:52:54,407 [Worker-2: Loading available Gradle versions] INFO  o.e.b.c.i.u.g.PublishedGradleVersions - Updating Gradle version information cache failed. Using outdated cache.
2026-06-09 09:56:16,805 [Worker-29: Launching StudentManagementApplication] WARN  o.a.m.r.i.DefaultArtifactDescriptorReader - 1 problem was encountered while building the effective model for org.javassist:javassist:jar:3.20.0-GA during dependency collection step for project (use -X to see details)
2026-06-10 11:06:42,570 [Worker-5: Loading available Gradle versions] INFO  o.e.b.c.i.u.g.PublishedGradleVersions - Gradle version information cache is out-of-date. Trying to update.
2026-06-10 11:07:48,221 [Worker-21: reload maven project] WARN  o.a.m.r.i.DefaultArtifactDescriptorReader - 1 problem was encountered while building the effective model for org.javassist:javassist:jar:3.20.0-GA during dependency collection step for project (use -X to see details)
2026-06-10 11:41:57,602 [Worker-9: reload maven project] WARN  o.a.m.r.i.DefaultArtifactDescriptorReader - 1 problem was encountered while building the effective model for org.javassist:javassist:jar:3.20.0-GA during dependency collection step for project (use -X to see details)
2026-06-10 11:41:58,785 [Worker-4: Loading available Gradle versions] INFO  o.e.b.c.i.u.g.PublishedGradleVersions - Gradle version information cache is up-to-date. Trying to read.
2026-06-10 11:48:17,689 [Worker-33: Launching StudentManagementApplication] INFO  o.e.m.c.i.embedder.EclipseLogger - Using 'UTF-8' encoding to copy filtered resources.
2026-06-10 11:48:17,690 [Worker-33: Launching StudentManagementApplication] INFO  o.e.m.c.i.embedder.EclipseLogger - Using 'UTF-8' encoding to copy filtered properties files.
2026-06-10 11:48:17,691 [Worker-33: Launching StudentManagementApplication] INFO  o.e.m.c.i.embedder.EclipseLogger - Copying 1 resource
2026-06-10 11:48:17,700 [Worker-33: Launching StudentManagementApplication] INFO  o.e.m.c.i.embedder.EclipseLogger - Copying 49 resources
2026-06-10 11:48:17,722 [Worker-33: Launching StudentManagementApplication] INFO  o.e.m.c.i.embedder.EclipseLogger - Using 'UTF-8' encoding to copy filtered resources.
2026-06-10 11:48:17,722 [Worker-33: Launching StudentManagementApplication] INFO  o.e.m.c.i.embedder.EclipseLogger - Using 'UTF-8' encoding to copy filtered properties files.
2026-06-10 11:48:17,722 [Worker-33: Launching StudentManagementApplication] INFO  o.e.m.c.i.embedder.EclipseLogger - skip non existing resourceDirectory /Users/krishpal/Major Project/Student-Management-System-main/src/test/resources
2026-06-10 11:48:17,857 [Worker-33: Launching StudentManagementApplication] WARN  o.apache.maven.project.MavenProject - Plugin is modifying compileSourceRoots through clear(), which will not work in Maven 4.0.0. Use MavenProject.addCompileSourceRoot()/removeCompileSourceRoot() methods instead. If using a plugin, please upgrade to the latest version or report the issue to the plugin maintainer. To disable these warnings, set -Dmaven.project.sourceRoots.warningsDisabled=true on the command line, in the .mvn/maven.config file, or in project POM properties.
2026-06-10 11:48:17,858 [Worker-33: Launching StudentManagementApplication] WARN  o.apache.maven.project.MavenProject - Plugin is modifying compileSourceRoots through add(), which will not work in Maven 4.0.0. Use MavenProject.addCompileSourceRoot()/removeCompileSourceRoot() methods instead. If using a plugin, please upgrade to the latest version or report the issue to the plugin maintainer. To disable these warnings, set -Dmaven.project.sourceRoots.warningsDisabled=true on the command line, in the .mvn/maven.config file, or in project POM properties.
2026-06-10 11:48:17,858 [Worker-33: Launching StudentManagementApplication] WARN  o.apache.maven.project.MavenProject - Plugin is modifying testCompileSourceRoots through clear(), which will not work in Maven 4.0.0. Use MavenProject.addTestCompileSourceRoot()/removeTestCompileSourceRoot() methods instead. If using a plugin, please upgrade to the latest version or report the issue to the plugin maintainer. To disable these warnings, set -Dmaven.project.sourceRoots.warningsDisabled=true on the command line, in the .mvn/maven.config file, or in project POM properties.
2026-06-10 11:48:17,858 [Worker-33: Launching StudentManagementApplication] WARN  o.apache.maven.project.MavenProject - Plugin is modifying testCompileSourceRoots through add(), which will not work in Maven 4.0.0. Use MavenProject.addTestCompileSourceRoot()/removeTestCompileSourceRoot() methods instead. If using a plugin, please upgrade to the latest version or report the issue to the plugin maintainer. To disable these warnings, set -Dmaven.project.sourceRoots.warningsDisabled=true on the command line, in the .mvn/maven.config file, or in project POM properties.
2026-06-10 11:48:18,339 [Worker-34: Building] INFO  o.e.m.c.i.l.LifecycleMappingFactory - Using org.eclipse.m2e.jdt.JarLifecycleMapping lifecycle mapping for MavenProject: com.burak:student-management:0.0.1-SNAPSHOT @ /Users/krishpal/Major Project/Student-Management-System-main/pom.xml.
2026-06-10 11:48:18,392 [Worker-34: Building] WARN  o.a.m.r.i.DefaultArtifactDescriptorReader - 1 problem was encountered while building the effective model for org.javassist:javassist:jar:3.20.0-GA during dependency collection step for project (use -X to see details)
2026-06-10 11:48:18,551 [Worker-34: Building] INFO  o.e.m.c.i.embedder.EclipseLogger - Using 'UTF-8' encoding to copy filtered resources.
2026-06-10 11:48:18,551 [Worker-34: Building] INFO  o.e.m.c.i.embedder.EclipseLogger - Using 'UTF-8' encoding to copy filtered properties files.
2026-06-10 11:48:18,551 [Worker-34: Building] INFO  o.e.m.c.i.embedder.EclipseLogger - Copying 1 resource
2026-06-10 11:48:18,555 [Worker-34: Building] INFO  o.e.m.c.i.embedder.EclipseLogger - Copying 49 resources
2026-06-10 11:48:18,566 [Worker-34: Building] INFO  o.e.m.c.i.embedder.EclipseLogger - Using 'UTF-8' encoding to copy filtered resources.
2026-06-10 11:48:18,566 [Worker-34: Building] INFO  o.e.m.c.i.embedder.EclipseLogger - Using 'UTF-8' encoding to copy filtered properties files.
2026-06-10 11:48:18,566 [Worker-34: Building] INFO  o.e.m.c.i.embedder.EclipseLogger - skip non existing resourceDirectory /Users/krishpal/Major Project/Student-Management-System-main/src/test/resources
2026-06-10 11:48:18,574 [Worker-34: Building] WARN  o.apache.maven.project.MavenProject - Plugin is modifying compileSourceRoots through clear(), which will not work in Maven 4.0.0. Use MavenProject.addCompileSourceRoot()/removeCompileSourceRoot() methods instead. If using a plugin, please upgrade to the latest version or report the issue to the plugin maintainer. To disable these warnings, set -Dmaven.project.sourceRoots.warningsDisabled=true on the command line, in the .mvn/maven.config file, or in project POM properties.
2026-06-10 11:48:18,574 [Worker-34: Building] WARN  o.apache.maven.project.MavenProject - Plugin is modifying compileSourceRoots through add(), which will not work in Maven 4.0.0. Use MavenProject.addCompileSourceRoot()/removeCompileSourceRoot() methods instead. If using a plugin, please upgrade to the latest version or report the issue to the plugin maintainer. To disable these warnings, set -Dmaven.project.sourceRoots.warningsDisabled=true on the command line, in the .mvn/maven.config file, or in project POM properties.
2026-06-10 11:48:18,575 [Worker-34: Building] WARN  o.apache.maven.project.MavenProject - Plugin is modifying testCompileSourceRoots through clear(), which will not work in Maven 4.0.0. Use MavenProject.addTestCompileSourceRoot()/removeTestCompileSourceRoot() methods instead. If using a plugin, please upgrade to the latest version or report the issue to the plugin maintainer. To disable these warnings, set -Dmaven.project.sourceRoots.warningsDisabled=true on the command line, in the .mvn/maven.config file, or in project POM properties.
2026-06-10 11:48:18,575 [Worker-34: Building] WARN  o.apache.maven.project.MavenProject - Plugin is modifying testCompileSourceRoots through add(), which will not work in Maven 4.0.0. Use MavenProject.addTestCompileSourceRoot()/removeTestCompileSourceRoot() methods instead. If using a plugin, please upgrade to the latest version or report the issue to the plugin maintainer. To disable these warnings, set -Dmaven.project.sourceRoots.warningsDisabled=true on the command line, in the .mvn/maven.config file, or in project POM properties.
2026-06-11 11:31:02,761 [Worker-3: Loading available Gradle versions] INFO  o.e.b.c.i.u.g.PublishedGradleVersions - Gradle version information cache is out-of-date. Trying to update.
2026-06-11 17:01:01,270 [Worker-9: Loading available Gradle versions] INFO  o.e.b.c.i.u.g.PublishedGradleVersions - Gradle version information cache is up-to-date. Trying to read.
2026-06-11 17:02:32,355 [Worker-19: reload maven project] WARN  o.a.m.r.i.DefaultArtifactDescriptorReader - 1 problem was encountered while building the effective model for org.javassist:javassist:jar:3.20.0-GA during dependency collection step for project (use -X to see details)
2026-06-11 17:28:44,446 [Worker-7: reload maven project] WARN  o.a.m.r.i.DefaultArtifactDescriptorReader - 1 problem was encountered while building the effective model for org.javassist:javassist:jar:3.20.0-GA during dependency collection step for project (use -X to see details)
2026-06-12 18:03:15,014 [Worker-3: Loading available Gradle versions] INFO  o.e.b.c.i.u.g.PublishedGradleVersions - Gradle version information cache is out-of-date. Trying to update.
2026-06-12 18:03:47,027 [Worker-8: reload maven project] WARN  o.a.m.r.i.DefaultArtifactDescriptorReader - 1 problem was encountered while building the effective model for org.javassist:javassist:jar:3.20.0-GA during dependency collection step for project (use -X to see details)
2026-06-12 18:04:14,160 [Worker-23: Launching StudentManagementApplication] INFO  o.e.m.c.i.embedder.EclipseLogger - Using 'UTF-8' encoding to copy filtered resources.
2026-06-12 18:04:14,160 [Worker-23: Launching StudentManagementApplication] INFO  o.e.m.c.i.embedder.EclipseLogger - Using 'UTF-8' encoding to copy filtered properties files.
2026-06-12 18:04:14,161 [Worker-23: Launching StudentManagementApplication] INFO  o.e.m.c.i.embedder.EclipseLogger - Copying 1 resource
2026-06-12 18:04:14,169 [Worker-23: Launching StudentManagementApplication] INFO  o.e.m.c.i.embedder.EclipseLogger - Copying 49 resources
2026-06-12 18:04:14,186 [Worker-23: Launching StudentManagementApplication] INFO  o.e.m.c.i.embedder.EclipseLogger - Using 'UTF-8' encoding to copy filtered resources.
2026-06-12 18:04:14,186 [Worker-23: Launching StudentManagementApplication] INFO  o.e.m.c.i.embedder.EclipseLogger - Using 'UTF-8' encoding to copy filtered properties files.
2026-06-12 18:04:14,186 [Worker-23: Launching StudentManagementApplication] INFO  o.e.m.c.i.embedder.EclipseLogger - skip non existing resourceDirectory /Users/krishpal/Major Project/Student-Management-System-main/src/test/resources
2026-06-12 18:04:14,304 [Worker-23: Launching StudentManagementApplication] WARN  o.apache.maven.project.MavenProject - Plugin is modifying compileSourceRoots through clear(), which will not work in Maven 4.0.0. Use MavenProject.addCompileSourceRoot()/removeCompileSourceRoot() methods instead. If using a plugin, please upgrade to the latest version or report the issue to the plugin maintainer. To disable these warnings, set -Dmaven.project.sourceRoots.warningsDisabled=true on the command line, in the .mvn/maven.config file, or in project POM properties.
2026-06-12 18:04:14,304 [Worker-23: Launching StudentManagementApplication] WARN  o.apache.maven.project.MavenProject - Plugin is modifying compileSourceRoots through add(), which will not work in Maven 4.0.0. Use MavenProject.addCompileSourceRoot()/removeCompileSourceRoot() methods instead. If using a plugin, please upgrade to the latest version or report the issue to the plugin maintainer. To disable these warnings, set -Dmaven.project.sourceRoots.warningsDisabled=true on the command line, in the .mvn/maven.config file, or in project POM properties.
2026-06-12 18:04:14,305 [Worker-23: Launching StudentManagementApplication] WARN  o.apache.maven.project.MavenProject - Plugin is modifying testCompileSourceRoots through clear(), which will not work in Maven 4.0.0. Use MavenProject.addTestCompileSourceRoot()/removeTestCompileSourceRoot() methods instead. If using a plugin, please upgrade to the latest version or report the issue to the plugin maintainer. To disable these warnings, set -Dmaven.project.sourceRoots.warningsDisabled=true on the command line, in the .mvn/maven.config file, or in project POM properties.
2026-06-12 18:04:14,305 [Worker-23: Launching StudentManagementApplication] WARN  o.apache.maven.project.MavenProject - Plugin is modifying testCompileSourceRoots through add(), which will not work in Maven 4.0.0. Use MavenProject.addTestCompileSourceRoot()/removeTestCompileSourceRoot() methods instead. If using a plugin, please upgrade to the latest version or report the issue to the plugin maintainer. To disable these warnings, set -Dmaven.project.sourceRoots.warningsDisabled=true on the command line, in the .mvn/maven.config file, or in project POM properties.
2026-06-12 20:01:23,665 [Worker-4: Loading available Gradle versions] INFO  o.e.b.c.i.u.g.PublishedGradleVersions - Gradle version information cache is up-to-date. Trying to read.
2026-06-13 07:53:26,973 [Worker-2: Loading available Gradle versions] INFO  o.e.b.c.i.u.g.PublishedGradleVersions - Gradle version information cache is up-to-date. Trying to read.
2026-06-13 07:53:50,948 [Worker-7: Launching StudentManagementApplication] WARN  o.a.m.r.i.DefaultArtifactDescriptorReader - 1 problem was encountered while building the effective model for org.javassist:javassist:jar:3.20.0-GA during dependency collection step for project (use -X to see details)
2026-06-13 07:53:51,118 [Worker-7: Launching StudentManagementApplication] INFO  o.e.m.c.i.embedder.EclipseLogger - Using 'UTF-8' encoding to copy filtered resources.
2026-06-13 07:53:51,118 [Worker-7: Launching StudentManagementApplication] INFO  o.e.m.c.i.embedder.EclipseLogger - Using 'UTF-8' encoding to copy filtered properties files.
2026-06-13 07:53:51,119 [Worker-7: Launching StudentManagementApplication] INFO  o.e.m.c.i.embedder.EclipseLogger - Copying 1 resource
2026-06-13 07:53:51,127 [Worker-7: Launching StudentManagementApplication] INFO  o.e.m.c.i.embedder.EclipseLogger - Copying 49 resources
2026-06-13 07:53:51,143 [Worker-7: Launching StudentManagementApplication] INFO  o.e.m.c.i.embedder.EclipseLogger - Using 'UTF-8' encoding to copy filtered resources.
2026-06-13 07:53:51,143 [Worker-7: Launching StudentManagementApplication] INFO  o.e.m.c.i.embedder.EclipseLogger - Using 'UTF-8' encoding to copy filtered properties files.
2026-06-13 07:53:51,143 [Worker-7: Launching StudentManagementApplication] INFO  o.e.m.c.i.embedder.EclipseLogger - skip non existing resourceDirectory /Users/krishpal/Major Project/Student-Management-System-main/src/test/resources
2026-06-13 07:53:51,266 [Worker-7: Launching StudentManagementApplication] WARN  o.apache.maven.project.MavenProject - Plugin is modifying compileSourceRoots through clear(), which will not work in Maven 4.0.0. Use MavenProject.addCompileSourceRoot()/removeCompileSourceRoot() methods instead. If using a plugin, please upgrade to the latest version or report the issue to the plugin maintainer. To disable these warnings, set -Dmaven.project.sourceRoots.warningsDisabled=true on the command line, in the .mvn/maven.config file, or in project POM properties.
2026-06-13 07:53:51,267 [Worker-7: Launching StudentManagementApplication] WARN  o.apache.maven.project.MavenProject - Plugin is modifying compileSourceRoots through add(), which will not work in Maven 4.0.0. Use MavenProject.addCompileSourceRoot()/removeCompileSourceRoot() methods instead. If using a plugin, please upgrade to the latest version or report the issue to the plugin maintainer. To disable these warnings, set -Dmaven.project.sourceRoots.warningsDisabled=true on the command line, in the .mvn/maven.config file, or in project POM properties.
2026-06-13 07:53:51,267 [Worker-7: Launching StudentManagementApplication] WARN  o.apache.maven.project.MavenProject - Plugin is modifying testCompileSourceRoots through clear(), which will not work in Maven 4.0.0. Use MavenProject.addTestCompileSourceRoot()/removeTestCompileSourceRoot() methods instead. If using a plugin, please upgrade to the latest version or report the issue to the plugin maintainer. To disable these warnings, set -Dmaven.project.sourceRoots.warningsDisabled=true on the command line, in the .mvn/maven.config file, or in project POM properties.
2026-06-13 07:53:51,267 [Worker-7: Launching StudentManagementApplication] WARN  o.apache.maven.project.MavenProject - Plugin is modifying testCompileSourceRoots through add(), which will not work in Maven 4.0.0. Use MavenProject.addTestCompileSourceRoot()/removeTestCompileSourceRoot() methods instead. If using a plugin, please upgrade to the latest version or report the issue to the plugin maintainer. To disable these warnings, set -Dmaven.project.sourceRoots.warningsDisabled=true on the command line, in the .mvn/maven.config file, or in project POM properties.
2026-06-14 10:33:09,599 [Worker-5: Loading available Gradle versions] INFO  o.e.b.c.i.u.g.PublishedGradleVersions - Gradle version information cache is out-of-date. Trying to update.
2026-06-14 11:13:24,630 [Worker-7: Loading available Gradle versions] INFO  o.e.b.c.i.u.g.PublishedGradleVersions - Gradle version information cache is up-to-date. Trying to read.
2026-06-14 12:54:26,142 [Worker-9: Loading available Gradle versions] INFO  o.e.b.c.i.u.g.PublishedGradleVersions - Gradle version information cache is up-to-date. Trying to read.
2026-06-15 11:38:48,478 [Worker-5: Loading available Gradle versions] INFO  o.e.b.c.i.u.g.PublishedGradleVersions - Gradle version information cache is out-of-date. Trying to update.
2026-06-15 11:38:57,741 [Worker-5: reload maven project] WARN  o.a.m.r.i.DefaultArtifactDescriptorReader - 1 problem was encountered while building the effective model for org.javassist:javassist:jar:3.20.0-GA during dependency collection step for project (use -X to see details)
2026-06-16 17:40:46,542 [Worker-10: Loading available Gradle versions] INFO  o.e.b.c.i.u.g.PublishedGradleVersions - Gradle version information cache is out-of-date. Trying to update.
2026-06-16 20:52:44,740 [Worker-8: Loading available Gradle versions] INFO  o.e.b.c.i.u.g.PublishedGradleVersions - Gradle version information cache is up-to-date. Trying to read.
2026-06-16 20:52:58,443 [Worker-15: reload maven project] WARN  o.a.m.r.i.DefaultArtifactDescriptorReader - 1 problem was encountered while building the effective model for org.javassist:javassist:jar:3.20.0-GA during dependency collection step for project (use -X to see details)
2026-06-16 20:53:16,027 [Worker-23: Launching StudentManagementApplication] INFO  o.e.m.c.i.embedder.EclipseLogger - Using 'UTF-8' encoding to copy filtered resources.
2026-06-16 20:53:16,028 [Worker-23: Launching StudentManagementApplication] INFO  o.e.m.c.i.embedder.EclipseLogger - Using 'UTF-8' encoding to copy filtered properties files.
2026-06-16 20:53:16,029 [Worker-23: Launching StudentManagementApplication] INFO  o.e.m.c.i.embedder.EclipseLogger - Copying 1 resource
2026-06-16 20:53:16,037 [Worker-23: Launching StudentManagementApplication] INFO  o.e.m.c.i.embedder.EclipseLogger - Copying 49 resources
2026-06-16 20:53:16,052 [Worker-23: Launching StudentManagementApplication] INFO  o.e.m.c.i.embedder.EclipseLogger - Using 'UTF-8' encoding to copy filtered resources.
2026-06-16 20:53:16,053 [Worker-23: Launching StudentManagementApplication] INFO  o.e.m.c.i.embedder.EclipseLogger - Using 'UTF-8' encoding to copy filtered properties files.
2026-06-16 20:53:16,053 [Worker-23: Launching StudentManagementApplication] INFO  o.e.m.c.i.embedder.EclipseLogger - skip non existing resourceDirectory /Users/krishpal/Major Project/Student-Management-System-main/src/test/resources
2026-06-16 20:53:16,170 [Worker-23: Launching StudentManagementApplication] WARN  o.apache.maven.project.MavenProject - Plugin is modifying compileSourceRoots through clear(), which will not work in Maven 4.0.0. Use MavenProject.addCompileSourceRoot()/removeCompileSourceRoot() methods instead. If using a plugin, please upgrade to the latest version or report the issue to the plugin maintainer. To disable these warnings, set -Dmaven.project.sourceRoots.warningsDisabled=true on the command line, in the .mvn/maven.config file, or in project POM properties.
2026-06-16 20:53:16,170 [Worker-23: Launching StudentManagementApplication] WARN  o.apache.maven.project.MavenProject - Plugin is modifying compileSourceRoots through add(), which will not work in Maven 4.0.0. Use MavenProject.addCompileSourceRoot()/removeCompileSourceRoot() methods instead. If using a plugin, please upgrade to the latest version or report the issue to the plugin maintainer. To disable these warnings, set -Dmaven.project.sourceRoots.warningsDisabled=true on the command line, in the .mvn/maven.config file, or in project POM properties.
2026-06-16 20:53:16,170 [Worker-23: Launching StudentManagementApplication] WARN  o.apache.maven.project.MavenProject - Plugin is modifying testCompileSourceRoots through clear(), which will not work in Maven 4.0.0. Use MavenProject.addTestCompileSourceRoot()/removeTestCompileSourceRoot() methods instead. If using a plugin, please upgrade to the latest version or report the issue to the plugin maintainer. To disable these warnings, set -Dmaven.project.sourceRoots.warningsDisabled=true on the command line, in the .mvn/maven.config file, or in project POM properties.
2026-06-16 20:53:16,170 [Worker-23: Launching StudentManagementApplication] WARN  o.apache.maven.project.MavenProject - Plugin is modifying testCompileSourceRoots through add(), which will not work in Maven 4.0.0. Use MavenProject.addTestCompileSourceRoot()/removeTestCompileSourceRoot() methods instead. If using a plugin, please upgrade to the latest version or report the issue to the plugin maintainer. To disable these warnings, set -Dmaven.project.sourceRoots.warningsDisabled=true on the command line, in the .mvn/maven.config file, or in project POM properties.
2026-06-16 21:13:07,536 [Worker-11: Loading available Gradle versions] INFO  o.e.b.c.i.u.g.PublishedGradleVersions - Gradle version information cache is up-to-date. Trying to read.
2026-06-16 21:13:41,256 [Worker-25: Launching StudentManagementApplication] WARN  o.a.m.r.i.DefaultArtifactDescriptorReader - 1 problem was encountered while building the effective model for org.javassist:javassist:jar:3.20.0-GA during dependency collection step for project (use -X to see details)
2026-06-17 15:37:58,830 [Worker-8: Loading available Gradle versions] INFO  o.e.b.c.i.u.g.PublishedGradleVersions - Gradle version information cache is up-to-date. Trying to read.
2026-06-17 16:32:46,655 [Worker-15: Loading available Gradle versions] INFO  o.e.b.c.i.u.g.PublishedGradleVersions - Gradle version information cache is up-to-date. Trying to read.
2026-06-17 16:32:47,988 [Worker-20: Launching StudentManagementApplication] WARN  o.a.m.r.i.DefaultArtifactDescriptorReader - 1 problem was encountered while building the effective model for org.javassist:javassist:jar:3.20.0-GA during dependency collection step for project (use -X to see details)
2026-06-17 16:32:48,179 [Worker-20: Launching StudentManagementApplication] INFO  o.e.m.c.i.embedder.EclipseLogger - Using 'UTF-8' encoding to copy filtered resources.
2026-06-17 16:32:48,179 [Worker-20: Launching StudentManagementApplication] INFO  o.e.m.c.i.embedder.EclipseLogger - Using 'UTF-8' encoding to copy filtered properties files.
2026-06-17 16:32:48,181 [Worker-20: Launching StudentManagementApplication] INFO  o.e.m.c.i.embedder.EclipseLogger - Copying 1 resource
2026-06-17 16:32:48,189 [Worker-20: Launching StudentManagementApplication] INFO  o.e.m.c.i.embedder.EclipseLogger - Copying 49 resources
2026-06-17 16:32:48,206 [Worker-20: Launching StudentManagementApplication] INFO  o.e.m.c.i.embedder.EclipseLogger - Using 'UTF-8' encoding to copy filtered resources.
2026-06-17 16:32:48,206 [Worker-20: Launching StudentManagementApplication] INFO  o.e.m.c.i.embedder.EclipseLogger - Using 'UTF-8' encoding to copy filtered properties files.
2026-06-17 16:32:48,206 [Worker-20: Launching StudentManagementApplication] INFO  o.e.m.c.i.embedder.EclipseLogger - skip non existing resourceDirectory /Users/krishpal/Major Project/Student-Management-System-main/src/test/resources
2026-06-17 16:32:48,334 [Worker-20: Launching StudentManagementApplication] WARN  o.apache.maven.project.MavenProject - Plugin is modifying compileSourceRoots through clear(), which will not work in Maven 4.0.0. Use MavenProject.addCompileSourceRoot()/removeCompileSourceRoot() methods instead. If using a plugin, please upgrade to the latest version or report the issue to the plugin maintainer. To disable these warnings, set -Dmaven.project.sourceRoots.warningsDisabled=true on the command line, in the .mvn/maven.config file, or in project POM properties.
2026-06-17 16:32:48,334 [Worker-20: Launching StudentManagementApplication] WARN  o.apache.maven.project.MavenProject - Plugin is modifying compileSourceRoots through add(), which will not work in Maven 4.0.0. Use MavenProject.addCompileSourceRoot()/removeCompileSourceRoot() methods instead. If using a plugin, please upgrade to the latest version or report the issue to the plugin maintainer. To disable these warnings, set -Dmaven.project.sourceRoots.warningsDisabled=true on the command line, in the .mvn/maven.config file, or in project POM properties.
2026-06-17 16:32:48,334 [Worker-20: Launching StudentManagementApplication] WARN  o.apache.maven.project.MavenProject - Plugin is modifying testCompileSourceRoots through clear(), which will not work in Maven 4.0.0. Use MavenProject.addTestCompileSourceRoot()/removeTestCompileSourceRoot() methods instead. If using a plugin, please upgrade to the latest version or report the issue to the plugin maintainer. To disable these warnings, set -Dmaven.project.sourceRoots.warningsDisabled=true on the command line, in the .mvn/maven.config file, or in project POM properties.
2026-06-17 16:32:48,334 [Worker-20: Launching StudentManagementApplication] WARN  o.apache.maven.project.MavenProject - Plugin is modifying testCompileSourceRoots through add(), which will not work in Maven 4.0.0. Use MavenProject.addTestCompileSourceRoot()/removeTestCompileSourceRoot() methods instead. If using a plugin, please upgrade to the latest version or report the issue to the plugin maintainer. To disable these warnings, set -Dmaven.project.sourceRoots.warningsDisabled=true on the command line, in the .mvn/maven.config file, or in project POM properties.
2026-06-17 17:24:50,913 [Worker-14: reload maven project] WARN  o.a.m.r.i.DefaultArtifactDescriptorReader - 1 problem was encountered while building the effective model for org.javassist:javassist:jar:3.20.0-GA during dependency collection step for project (use -X to see details)
2026-06-17 17:24:52,797 [Worker-3: Loading available Gradle versions] INFO  o.e.b.c.i.u.g.PublishedGradleVersions - Gradle version information cache is up-to-date. Trying to read.
2026-06-17 17:32:11,293 [Worker-5: Loading available Gradle versions] INFO  o.e.b.c.i.u.g.PublishedGradleVersions - Gradle version information cache is up-to-date. Trying to read.
2026-06-17 17:32:24,616 [Worker-5: reload maven project] WARN  o.a.m.r.i.DefaultArtifactDescriptorReader - 1 problem was encountered while building the effective model for org.javassist:javassist:jar:3.20.0-GA during dependency collection step for project (use -X to see details)
2026-06-17 17:33:30,730 [Worker-7: reload maven project] WARN  o.a.m.r.i.DefaultArtifactDescriptorReader - 1 problem was encountered while building the effective model for org.javassist:javassist:jar:3.20.0-GA during dependency collection step for project (use -X to see details)
2026-06-17 18:46:16,487 [Worker-1: reload maven project] WARN  o.a.m.r.i.DefaultArtifactDescriptorReader - 1 problem was encountered while building the effective model for org.javassist:javassist:jar:3.20.0-GA during dependency collection step for project (use -X to see details)
2026-06-17 18:46:17,784 [Worker-18: Loading available Gradle versions] INFO  o.e.b.c.i.u.g.PublishedGradleVersions - Gradle version information cache is out-of-date. Trying to update.
2026-06-17 18:50:32,287 [Worker-17: Launching StudentManagementApplication] INFO  o.e.m.c.i.embedder.EclipseLogger - Using 'UTF-8' encoding to copy filtered resources.
2026-06-17 18:50:32,287 [Worker-17: Launching StudentManagementApplication] INFO  o.e.m.c.i.embedder.EclipseLogger - Using 'UTF-8' encoding to copy filtered properties files.
2026-06-17 18:50:32,288 [Worker-17: Launching StudentManagementApplication] INFO  o.e.m.c.i.embedder.EclipseLogger - Copying 1 resource
2026-06-17 18:50:32,297 [Worker-17: Launching StudentManagementApplication] INFO  o.e.m.c.i.embedder.EclipseLogger - Copying 49 resources
2026-06-17 18:50:32,314 [Worker-17: Launching StudentManagementApplication] INFO  o.e.m.c.i.embedder.EclipseLogger - Using 'UTF-8' encoding to copy filtered resources.
2026-06-17 18:50:32,314 [Worker-17: Launching StudentManagementApplication] INFO  o.e.m.c.i.embedder.EclipseLogger - Using 'UTF-8' encoding to copy filtered properties files.
2026-06-17 18:50:32,314 [Worker-17: Launching StudentManagementApplication] INFO  o.e.m.c.i.embedder.EclipseLogger - skip non existing resourceDirectory /Users/krishpal/Major Project/Student-Management-System-main/src/test/resources
2026-06-17 18:50:32,439 [Worker-17: Launching StudentManagementApplication] WARN  o.apache.maven.project.MavenProject - Plugin is modifying compileSourceRoots through clear(), which will not work in Maven 4.0.0. Use MavenProject.addCompileSourceRoot()/removeCompileSourceRoot() methods instead. If using a plugin, please upgrade to the latest version or report the issue to the plugin maintainer. To disable these warnings, set -Dmaven.project.sourceRoots.warningsDisabled=true on the command line, in the .mvn/maven.config file, or in project POM properties.
2026-06-17 18:50:32,439 [Worker-17: Launching StudentManagementApplication] WARN  o.apache.maven.project.MavenProject - Plugin is modifying compileSourceRoots through add(), which will not work in Maven 4.0.0. Use MavenProject.addCompileSourceRoot()/removeCompileSourceRoot() methods instead. If using a plugin, please upgrade to the latest version or report the issue to the plugin maintainer. To disable these warnings, set -Dmaven.project.sourceRoots.warningsDisabled=true on the command line, in the .mvn/maven.config file, or in project POM properties.
2026-06-17 18:50:32,439 [Worker-17: Launching StudentManagementApplication] WARN  o.apache.maven.project.MavenProject - Plugin is modifying testCompileSourceRoots through clear(), which will not work in Maven 4.0.0. Use MavenProject.addTestCompileSourceRoot()/removeTestCompileSourceRoot() methods instead. If using a plugin, please upgrade to the latest version or report the issue to the plugin maintainer. To disable these warnings, set -Dmaven.project.sourceRoots.warningsDisabled=true on the command line, in the .mvn/maven.config file, or in project POM properties.
2026-06-17 18:50:32,439 [Worker-17: Launching StudentManagementApplication] WARN  o.apache.maven.project.MavenProject - Plugin is modifying testCompileSourceRoots through add(), which will not work in Maven 4.0.0. Use MavenProject.addTestCompileSourceRoot()/removeTestCompileSourceRoot() methods instead. If using a plugin, please upgrade to the latest version or report the issue to the plugin maintainer. To disable these warnings, set -Dmaven.project.sourceRoots.warningsDisabled=true on the command line, in the .mvn/maven.config file, or in project POM properties.
2026-06-17 19:52:41,171 [Worker-45: Building] INFO  o.e.m.c.i.embedder.EclipseLogger - Using 'UTF-8' encoding to copy filtered resources.
2026-06-17 19:52:41,171 [Worker-45: Building] INFO  o.e.m.c.i.embedder.EclipseLogger - Using 'UTF-8' encoding to copy filtered properties files.
2026-06-17 19:52:41,174 [Worker-45: Building] INFO  o.e.m.c.i.embedder.EclipseLogger - Copying 1 resource
2026-06-17 19:52:41,176 [Worker-45: Building] INFO  o.e.m.c.i.embedder.EclipseLogger - Copying 0 resource
2026-06-17 19:52:41,178 [Worker-45: Building] INFO  o.e.m.c.i.embedder.EclipseLogger - Using 'UTF-8' encoding to copy filtered resources.
2026-06-17 19:52:41,178 [Worker-45: Building] INFO  o.e.m.c.i.embedder.EclipseLogger - Using 'UTF-8' encoding to copy filtered properties files.
2026-06-17 19:52:41,178 [Worker-45: Building] INFO  o.e.m.c.i.embedder.EclipseLogger - skip non existing resourceDirectory /Users/krishpal/Major Project/Student-Management-System-main/src/test/resources
2026-06-17 19:52:41,178 [Worker-45: Building] WARN  o.apache.maven.project.MavenProject - Plugin is modifying compileSourceRoots through clear(), which will not work in Maven 4.0.0. Use MavenProject.addCompileSourceRoot()/removeCompileSourceRoot() methods instead. If using a plugin, please upgrade to the latest version or report the issue to the plugin maintainer. To disable these warnings, set -Dmaven.project.sourceRoots.warningsDisabled=true on the command line, in the .mvn/maven.config file, or in project POM properties.
2026-06-17 19:52:41,179 [Worker-45: Building] WARN  o.apache.maven.project.MavenProject - Plugin is modifying compileSourceRoots through add(), which will not work in Maven 4.0.0. Use MavenProject.addCompileSourceRoot()/removeCompileSourceRoot() methods instead. If using a plugin, please upgrade to the latest version or report the issue to the plugin maintainer. To disable these warnings, set -Dmaven.project.sourceRoots.warningsDisabled=true on the command line, in the .mvn/maven.config file, or in project POM properties.
2026-06-17 19:52:41,179 [Worker-45: Building] WARN  o.apache.maven.project.MavenProject - Plugin is modifying testCompileSourceRoots through clear(), which will not work in Maven 4.0.0. Use MavenProject.addTestCompileSourceRoot()/removeTestCompileSourceRoot() methods instead. If using a plugin, please upgrade to the latest version or report the issue to the plugin maintainer. To disable these warnings, set -Dmaven.project.sourceRoots.warningsDisabled=true on the command line, in the .mvn/maven.config file, or in project POM properties.
2026-06-17 19:52:41,179 [Worker-45: Building] WARN  o.apache.maven.project.MavenProject - Plugin is modifying testCompileSourceRoots through add(), which will not work in Maven 4.0.0. Use MavenProject.addTestCompileSourceRoot()/removeTestCompileSourceRoot() methods instead. If using a plugin, please upgrade to the latest version or report the issue to the plugin maintainer. To disable these warnings, set -Dmaven.project.sourceRoots.warningsDisabled=true on the command line, in the .mvn/maven.config file, or in project POM properties.
2026-06-17 19:56:11,924 [Worker-45: Building] INFO  o.e.m.c.i.embedder.EclipseLogger - Using 'UTF-8' encoding to copy filtered resources.
2026-06-17 19:56:11,925 [Worker-45: Building] INFO  o.e.m.c.i.embedder.EclipseLogger - Using 'UTF-8' encoding to copy filtered properties files.
2026-06-17 19:56:11,926 [Worker-45: Building] INFO  o.e.m.c.i.embedder.EclipseLogger - Copying 1 resource
2026-06-17 19:56:11,934 [Worker-45: Building] INFO  o.e.m.c.i.embedder.EclipseLogger - Copying 0 resource
2026-06-17 19:56:11,937 [Worker-45: Building] INFO  o.e.m.c.i.embedder.EclipseLogger - Using 'UTF-8' encoding to copy filtered resources.
2026-06-17 19:56:11,937 [Worker-45: Building] INFO  o.e.m.c.i.embedder.EclipseLogger - Using 'UTF-8' encoding to copy filtered properties files.
2026-06-17 19:56:11,937 [Worker-45: Building] INFO  o.e.m.c.i.embedder.EclipseLogger - skip non existing resourceDirectory /Users/krishpal/Major Project/Student-Management-System-main/src/test/resources
2026-06-17 19:56:11,937 [Worker-45: Building] WARN  o.apache.maven.project.MavenProject - Plugin is modifying compileSourceRoots through clear(), which will not work in Maven 4.0.0. Use MavenProject.addCompileSourceRoot()/removeCompileSourceRoot() methods instead. If using a plugin, please upgrade to the latest version or report the issue to the plugin maintainer. To disable these warnings, set -Dmaven.project.sourceRoots.warningsDisabled=true on the command line, in the .mvn/maven.config file, or in project POM properties.
2026-06-17 19:56:11,938 [Worker-45: Building] WARN  o.apache.maven.project.MavenProject - Plugin is modifying compileSourceRoots through add(), which will not work in Maven 4.0.0. Use MavenProject.addCompileSourceRoot()/removeCompileSourceRoot() methods instead. If using a plugin, please upgrade to the latest version or report the issue to the plugin maintainer. To disable these warnings, set -Dmaven.project.sourceRoots.warningsDisabled=true on the command line, in the .mvn/maven.config file, or in project POM properties.
2026-06-17 19:56:11,938 [Worker-45: Building] WARN  o.apache.maven.project.MavenProject - Plugin is modifying testCompileSourceRoots through clear(), which will not work in Maven 4.0.0. Use MavenProject.addTestCompileSourceRoot()/removeTestCompileSourceRoot() methods instead. If using a plugin, please upgrade to the latest version or report the issue to the plugin maintainer. To disable these warnings, set -Dmaven.project.sourceRoots.warningsDisabled=true on the command line, in the .mvn/maven.config file, or in project POM properties.
2026-06-17 19:56:11,938 [Worker-45: Building] WARN  o.apache.maven.project.MavenProject - Plugin is modifying testCompileSourceRoots through add(), which will not work in Maven 4.0.0. Use MavenProject.addTestCompileSourceRoot()/removeTestCompileSourceRoot() methods instead. If using a plugin, please upgrade to the latest version or report the issue to the plugin maintainer. To disable these warnings, set -Dmaven.project.sourceRoots.warningsDisabled=true on the command line, in the .mvn/maven.config file, or in project POM properties.
2026-06-17 20:07:23,254 [Worker-47: Building] INFO  o.e.m.c.i.embedder.EclipseLogger - Using 'UTF-8' encoding to copy filtered resources.
2026-06-17 20:07:23,255 [Worker-47: Building] INFO  o.e.m.c.i.embedder.EclipseLogger - Using 'UTF-8' encoding to copy filtered properties files.
2026-06-17 20:07:23,257 [Worker-47: Building] INFO  o.e.m.c.i.embedder.EclipseLogger - Copying 1 resource
2026-06-17 20:07:23,259 [Worker-47: Building] INFO  o.e.m.c.i.embedder.EclipseLogger - Copying 0 resource
2026-06-17 20:07:23,260 [Worker-47: Building] INFO  o.e.m.c.i.embedder.EclipseLogger - Using 'UTF-8' encoding to copy filtered resources.
2026-06-17 20:07:23,260 [Worker-47: Building] INFO  o.e.m.c.i.embedder.EclipseLogger - Using 'UTF-8' encoding to copy filtered properties files.
2026-06-17 20:07:23,260 [Worker-47: Building] INFO  o.e.m.c.i.embedder.EclipseLogger - skip non existing resourceDirectory /Users/krishpal/Major Project/Student-Management-System-main/src/test/resources
2026-06-17 20:07:23,261 [Worker-47: Building] WARN  o.apache.maven.project.MavenProject - Plugin is modifying compileSourceRoots through clear(), which will not work in Maven 4.0.0. Use MavenProject.addCompileSourceRoot()/removeCompileSourceRoot() methods instead. If using a plugin, please upgrade to the latest version or report the issue to the plugin maintainer. To disable these warnings, set -Dmaven.project.sourceRoots.warningsDisabled=true on the command line, in the .mvn/maven.config file, or in project POM properties.
2026-06-17 20:07:23,261 [Worker-47: Building] WARN  o.apache.maven.project.MavenProject - Plugin is modifying compileSourceRoots through add(), which will not work in Maven 4.0.0. Use MavenProject.addCompileSourceRoot()/removeCompileSourceRoot() methods instead. If using a plugin, please upgrade to the latest version or report the issue to the plugin maintainer. To disable these warnings, set -Dmaven.project.sourceRoots.warningsDisabled=true on the command line, in the .mvn/maven.config file, or in project POM properties.
2026-06-17 20:07:23,261 [Worker-47: Building] WARN  o.apache.maven.project.MavenProject - Plugin is modifying testCompileSourceRoots through clear(), which will not work in Maven 4.0.0. Use MavenProject.addTestCompileSourceRoot()/removeTestCompileSourceRoot() methods instead. If using a plugin, please upgrade to the latest version or report the issue to the plugin maintainer. To disable these warnings, set -Dmaven.project.sourceRoots.warningsDisabled=true on the command line, in the .mvn/maven.config file, or in project POM properties.
2026-06-17 20:07:23,261 [Worker-47: Building] WARN  o.apache.maven.project.MavenProject - Plugin is modifying testCompileSourceRoots through add(), which will not work in Maven 4.0.0. Use MavenProject.addTestCompileSourceRoot()/removeTestCompileSourceRoot() methods instead. If using a plugin, please upgrade to the latest version or report the issue to the plugin maintainer. To disable these warnings, set -Dmaven.project.sourceRoots.warningsDisabled=true on the command line, in the .mvn/maven.config file, or in project POM properties.
2026-06-17 20:08:06,019 [Worker-45: Building] INFO  o.e.m.c.i.embedder.EclipseLogger - Using 'UTF-8' encoding to copy filtered resources.
2026-06-17 20:08:06,019 [Worker-45: Building] INFO  o.e.m.c.i.embedder.EclipseLogger - Using 'UTF-8' encoding to copy filtered properties files.
2026-06-17 20:08:06,020 [Worker-45: Building] INFO  o.e.m.c.i.embedder.EclipseLogger - Copying 1 resource
2026-06-17 20:08:06,023 [Worker-45: Building] INFO  o.e.m.c.i.embedder.EclipseLogger - Copying 0 resource
2026-06-17 20:08:06,024 [Worker-45: Building] INFO  o.e.m.c.i.embedder.EclipseLogger - Using 'UTF-8' encoding to copy filtered resources.
2026-06-17 20:08:06,024 [Worker-45: Building] INFO  o.e.m.c.i.embedder.EclipseLogger - Using 'UTF-8' encoding to copy filtered properties files.
2026-06-17 20:08:06,024 [Worker-45: Building] INFO  o.e.m.c.i.embedder.EclipseLogger - skip non existing resourceDirectory /Users/krishpal/Major Project/Student-Management-System-main/src/test/resources
2026-06-17 20:08:06,024 [Worker-45: Building] WARN  o.apache.maven.project.MavenProject - Plugin is modifying compileSourceRoots through clear(), which will not work in Maven 4.0.0. Use MavenProject.addCompileSourceRoot()/removeCompileSourceRoot() methods instead. If using a plugin, please upgrade to the latest version or report the issue to the plugin maintainer. To disable these warnings, set -Dmaven.project.sourceRoots.warningsDisabled=true on the command line, in the .mvn/maven.config file, or in project POM properties.
2026-06-17 20:08:06,025 [Worker-45: Building] WARN  o.apache.maven.project.MavenProject - Plugin is modifying compileSourceRoots through add(), which will not work in Maven 4.0.0. Use MavenProject.addCompileSourceRoot()/removeCompileSourceRoot() methods instead. If using a plugin, please upgrade to the latest version or report the issue to the plugin maintainer. To disable these warnings, set -Dmaven.project.sourceRoots.warningsDisabled=true on the command line, in the .mvn/maven.config file, or in project POM properties.
2026-06-17 20:08:06,025 [Worker-45: Building] WARN  o.apache.maven.project.MavenProject - Plugin is modifying testCompileSourceRoots through clear(), which will not work in Maven 4.0.0. Use MavenProject.addTestCompileSourceRoot()/removeTestCompileSourceRoot() methods instead. If using a plugin, please upgrade to the latest version or report the issue to the plugin maintainer. To disable these warnings, set -Dmaven.project.sourceRoots.warningsDisabled=true on the command line, in the .mvn/maven.config file, or in project POM properties.
2026-06-17 20:08:06,025 [Worker-45: Building] WARN  o.apache.maven.project.MavenProject - Plugin is modifying testCompileSourceRoots through add(), which will not work in Maven 4.0.0. Use MavenProject.addTestCompileSourceRoot()/removeTestCompileSourceRoot() methods instead. If using a plugin, please upgrade to the latest version or report the issue to the plugin maintainer. To disable these warnings, set -Dmaven.project.sourceRoots.warningsDisabled=true on the command line, in the .mvn/maven.config file, or in project POM properties.
2026-06-17 20:12:38,212 [Worker-51: Building] INFO  o.e.m.c.i.embedder.EclipseLogger - Using 'UTF-8' encoding to copy filtered resources.
2026-06-17 20:12:38,212 [Worker-51: Building] INFO  o.e.m.c.i.embedder.EclipseLogger - Using 'UTF-8' encoding to copy filtered properties files.
2026-06-17 20:12:38,213 [Worker-51: Building] INFO  o.e.m.c.i.embedder.EclipseLogger - Copying 1 resource
2026-06-17 20:12:38,215 [Worker-51: Building] INFO  o.e.m.c.i.embedder.EclipseLogger - Copying 49 resources
2026-06-17 20:12:38,217 [Worker-51: Building] INFO  o.e.m.c.i.embedder.EclipseLogger - Using 'UTF-8' encoding to copy filtered resources.
2026-06-17 20:12:38,218 [Worker-51: Building] INFO  o.e.m.c.i.embedder.EclipseLogger - Using 'UTF-8' encoding to copy filtered properties files.
2026-06-17 20:12:38,218 [Worker-51: Building] INFO  o.e.m.c.i.embedder.EclipseLogger - skip non existing resourceDirectory /Users/krishpal/Major Project/Student-Management-System-main/src/test/resources
2026-06-17 20:12:38,218 [Worker-51: Building] WARN  o.apache.maven.project.MavenProject - Plugin is modifying compileSourceRoots through clear(), which will not work in Maven 4.0.0. Use MavenProject.addCompileSourceRoot()/removeCompileSourceRoot() methods instead. If using a plugin, please upgrade to the latest version or report the issue to the plugin maintainer. To disable these warnings, set -Dmaven.project.sourceRoots.warningsDisabled=true on the command line, in the .mvn/maven.config file, or in project POM properties.
2026-06-17 20:12:38,218 [Worker-51: Building] WARN  o.apache.maven.project.MavenProject - Plugin is modifying compileSourceRoots through add(), which will not work in Maven 4.0.0. Use MavenProject.addCompileSourceRoot()/removeCompileSourceRoot() methods instead. If using a plugin, please upgrade to the latest version or report the issue to the plugin maintainer. To disable these warnings, set -Dmaven.project.sourceRoots.warningsDisabled=true on the command line, in the .mvn/maven.config file, or in project POM properties.
2026-06-17 20:12:38,219 [Worker-51: Building] WARN  o.apache.maven.project.MavenProject - Plugin is modifying testCompileSourceRoots through clear(), which will not work in Maven 4.0.0. Use MavenProject.addTestCompileSourceRoot()/removeTestCompileSourceRoot() methods instead. If using a plugin, please upgrade to the latest version or report the issue to the plugin maintainer. To disable these warnings, set -Dmaven.project.sourceRoots.warningsDisabled=true on the command line, in the .mvn/maven.config file, or in project POM properties.
2026-06-17 20:12:38,219 [Worker-51: Building] WARN  o.apache.maven.project.MavenProject - Plugin is modifying testCompileSourceRoots through add(), which will not work in Maven 4.0.0. Use MavenProject.addTestCompileSourceRoot()/removeTestCompileSourceRoot() methods instead. If using a plugin, please upgrade to the latest version or report the issue to the plugin maintainer. To disable these warnings, set -Dmaven.project.sourceRoots.warningsDisabled=true on the command line, in the .mvn/maven.config file, or in project POM properties.
2026-06-17 20:13:08,463 [Worker-51: Building] INFO  o.e.m.c.i.embedder.EclipseLogger - Using 'UTF-8' encoding to copy filtered resources.
2026-06-17 20:13:08,463 [Worker-51: Building] INFO  o.e.m.c.i.embedder.EclipseLogger - Using 'UTF-8' encoding to copy filtered properties files.
2026-06-17 20:13:08,464 [Worker-51: Building] INFO  o.e.m.c.i.embedder.EclipseLogger - Copying 1 resource
2026-06-17 20:13:08,465 [Worker-51: Building] INFO  o.e.m.c.i.embedder.EclipseLogger - Copying 49 resources
2026-06-17 20:13:08,467 [Worker-51: Building] INFO  o.e.m.c.i.embedder.EclipseLogger - Using 'UTF-8' encoding to copy filtered resources.
2026-06-17 20:13:08,467 [Worker-51: Building] INFO  o.e.m.c.i.embedder.EclipseLogger - Using 'UTF-8' encoding to copy filtered properties files.
2026-06-17 20:13:08,467 [Worker-51: Building] INFO  o.e.m.c.i.embedder.EclipseLogger - skip non existing resourceDirectory /Users/krishpal/Major Project/Student-Management-System-main/src/test/resources
2026-06-17 20:13:08,467 [Worker-51: Building] WARN  o.apache.maven.project.MavenProject - Plugin is modifying compileSourceRoots through clear(), which will not work in Maven 4.0.0. Use MavenProject.addCompileSourceRoot()/removeCompileSourceRoot() methods instead. If using a plugin, please upgrade to the latest version or report the issue to the plugin maintainer. To disable these warnings, set -Dmaven.project.sourceRoots.warningsDisabled=true on the command line, in the .mvn/maven.config file, or in project POM properties.
2026-06-17 20:13:08,467 [Worker-51: Building] WARN  o.apache.maven.project.MavenProject - Plugin is modifying compileSourceRoots through add(), which will not work in Maven 4.0.0. Use MavenProject.addCompileSourceRoot()/removeCompileSourceRoot() methods instead. If using a plugin, please upgrade to the latest version or report the issue to the plugin maintainer. To disable these warnings, set -Dmaven.project.sourceRoots.warningsDisabled=true on the command line, in the .mvn/maven.config file, or in project POM properties.
2026-06-17 20:13:08,467 [Worker-51: Building] WARN  o.apache.maven.project.MavenProject - Plugin is modifying testCompileSourceRoots through clear(), which will not work in Maven 4.0.0. Use MavenProject.addTestCompileSourceRoot()/removeTestCompileSourceRoot() methods instead. If using a plugin, please upgrade to the latest version or report the issue to the plugin maintainer. To disable these warnings, set -Dmaven.project.sourceRoots.warningsDisabled=true on the command line, in the .mvn/maven.config file, or in project POM properties.
2026-06-17 20:13:08,467 [Worker-51: Building] WARN  o.apache.maven.project.MavenProject - Plugin is modifying testCompileSourceRoots through add(), which will not work in Maven 4.0.0. Use MavenProject.addTestCompileSourceRoot()/removeTestCompileSourceRoot() methods instead. If using a plugin, please upgrade to the latest version or report the issue to the plugin maintainer. To disable these warnings, set -Dmaven.project.sourceRoots.warningsDisabled=true on the command line, in the .mvn/maven.config file, or in project POM properties.
2026-06-17 20:13:39,385 [Worker-47: Building] INFO  o.e.m.c.i.embedder.EclipseLogger - Using 'UTF-8' encoding to copy filtered resources.
2026-06-17 20:13:39,385 [Worker-47: Building] INFO  o.e.m.c.i.embedder.EclipseLogger - Using 'UTF-8' encoding to copy filtered properties files.
2026-06-17 20:13:39,385 [Worker-47: Building] INFO  o.e.m.c.i.embedder.EclipseLogger - Copying 1 resource
2026-06-17 20:13:39,391 [Worker-47: Building] INFO  o.e.m.c.i.embedder.EclipseLogger - Copying 49 resources
2026-06-17 20:13:39,395 [Worker-47: Building] INFO  o.e.m.c.i.embedder.EclipseLogger - Using 'UTF-8' encoding to copy filtered resources.
2026-06-17 20:13:39,395 [Worker-47: Building] INFO  o.e.m.c.i.embedder.EclipseLogger - Using 'UTF-8' encoding to copy filtered properties files.
2026-06-17 20:13:39,395 [Worker-47: Building] INFO  o.e.m.c.i.embedder.EclipseLogger - skip non existing resourceDirectory /Users/krishpal/Major Project/Student-Management-System-main/src/test/resources
2026-06-17 20:13:39,395 [Worker-47: Building] WARN  o.apache.maven.project.MavenProject - Plugin is modifying compileSourceRoots through clear(), which will not work in Maven 4.0.0. Use MavenProject.addCompileSourceRoot()/removeCompileSourceRoot() methods instead. If using a plugin, please upgrade to the latest version or report the issue to the plugin maintainer. To disable these warnings, set -Dmaven.project.sourceRoots.warningsDisabled=true on the command line, in the .mvn/maven.config file, or in project POM properties.
2026-06-17 20:13:39,395 [Worker-47: Building] WARN  o.apache.maven.project.MavenProject - Plugin is modifying compileSourceRoots through add(), which will not work in Maven 4.0.0. Use MavenProject.addCompileSourceRoot()/removeCompileSourceRoot() methods instead. If using a plugin, please upgrade to the latest version or report the issue to the plugin maintainer. To disable these warnings, set -Dmaven.project.sourceRoots.warningsDisabled=true on the command line, in the .mvn/maven.config file, or in project POM properties.
2026-06-17 20:13:39,395 [Worker-47: Building] WARN  o.apache.maven.project.MavenProject - Plugin is modifying testCompileSourceRoots through clear(), which will not work in Maven 4.0.0. Use MavenProject.addTestCompileSourceRoot()/removeTestCompileSourceRoot() methods instead. If using a plugin, please upgrade to the latest version or report the issue to the plugin maintainer. To disable these warnings, set -Dmaven.project.sourceRoots.warningsDisabled=true on the command line, in the .mvn/maven.config file, or in project POM properties.
2026-06-17 20:13:39,395 [Worker-47: Building] WARN  o.apache.maven.project.MavenProject - Plugin is modifying testCompileSourceRoots through add(), which will not work in Maven 4.0.0. Use MavenProject.addTestCompileSourceRoot()/removeTestCompileSourceRoot() methods instead. If using a plugin, please upgrade to the latest version or report the issue to the plugin maintainer. To disable these warnings, set -Dmaven.project.sourceRoots.warningsDisabled=true on the command line, in the .mvn/maven.config file, or in project POM properties.
2026-06-17 22:30:51,036 [Worker-29: Loading available Gradle versions] INFO  o.e.b.c.i.u.g.PublishedGradleVersions - Gradle version information cache is up-to-date. Trying to read.
2026-06-17 22:32:59,308 [Worker-29: Building] WARN  o.a.m.r.i.DefaultArtifactDescriptorReader - 1 problem was encountered while building the effective model for org.javassist:javassist:jar:3.20.0-GA during dependency collection step for project (use -X to see details)
2026-06-17 22:32:59,491 [Worker-29: Building] INFO  o.e.m.c.i.embedder.EclipseLogger - Using 'UTF-8' encoding to copy filtered resources.
2026-06-17 22:32:59,491 [Worker-29: Building] INFO  o.e.m.c.i.embedder.EclipseLogger - Using 'UTF-8' encoding to copy filtered properties files.
2026-06-17 22:32:59,494 [Worker-29: Building] INFO  o.e.m.c.i.embedder.EclipseLogger - Copying 1 resource
2026-06-17 22:32:59,507 [Worker-29: Building] INFO  o.e.m.c.i.embedder.EclipseLogger - Copying 49 resources
2026-06-17 22:32:59,512 [Worker-29: Building] INFO  o.e.m.c.i.embedder.EclipseLogger - Using 'UTF-8' encoding to copy filtered resources.
2026-06-17 22:32:59,512 [Worker-29: Building] INFO  o.e.m.c.i.embedder.EclipseLogger - Using 'UTF-8' encoding to copy filtered properties files.
2026-06-17 22:32:59,512 [Worker-29: Building] INFO  o.e.m.c.i.embedder.EclipseLogger - skip non existing resourceDirectory /Users/krishpal/Major Project/Student-Management-System-main/src/test/resources
2026-06-17 22:32:59,627 [Worker-29: Building] WARN  o.apache.maven.project.MavenProject - Plugin is modifying compileSourceRoots through clear(), which will not work in Maven 4.0.0. Use MavenProject.addCompileSourceRoot()/removeCompileSourceRoot() methods instead. If using a plugin, please upgrade to the latest version or report the issue to the plugin maintainer. To disable these warnings, set -Dmaven.project.sourceRoots.warningsDisabled=true on the command line, in the .mvn/maven.config file, or in project POM properties.
2026-06-17 22:32:59,628 [Worker-29: Building] WARN  o.apache.maven.project.MavenProject - Plugin is modifying compileSourceRoots through add(), which will not work in Maven 4.0.0. Use MavenProject.addCompileSourceRoot()/removeCompileSourceRoot() methods instead. If using a plugin, please upgrade to the latest version or report the issue to the plugin maintainer. To disable these warnings, set -Dmaven.project.sourceRoots.warningsDisabled=true on the command line, in the .mvn/maven.config file, or in project POM properties.
2026-06-17 22:32:59,628 [Worker-29: Building] WARN  o.apache.maven.project.MavenProject - Plugin is modifying testCompileSourceRoots through clear(), which will not work in Maven 4.0.0. Use MavenProject.addTestCompileSourceRoot()/removeTestCompileSourceRoot() methods instead. If using a plugin, please upgrade to the latest version or report the issue to the plugin maintainer. To disable these warnings, set -Dmaven.project.sourceRoots.warningsDisabled=true on the command line, in the .mvn/maven.config file, or in project POM properties.
2026-06-17 22:32:59,628 [Worker-29: Building] WARN  o.apache.maven.project.MavenProject - Plugin is modifying testCompileSourceRoots through add(), which will not work in Maven 4.0.0. Use MavenProject.addTestCompileSourceRoot()/removeTestCompileSourceRoot() methods instead. If using a plugin, please upgrade to the latest version or report the issue to the plugin maintainer. To disable these warnings, set -Dmaven.project.sourceRoots.warningsDisabled=true on the command line, in the .mvn/maven.config file, or in project POM properties.
2026-06-17 22:33:07,583 [Worker-34: Building] INFO  o.e.m.c.i.embedder.EclipseLogger - Using 'UTF-8' encoding to copy filtered resources.
2026-06-17 22:33:07,583 [Worker-34: Building] INFO  o.e.m.c.i.embedder.EclipseLogger - Using 'UTF-8' encoding to copy filtered properties files.
2026-06-17 22:33:07,585 [Worker-34: Building] INFO  o.e.m.c.i.embedder.EclipseLogger - Copying 0 resource
2026-06-17 22:33:07,586 [Worker-34: Building] INFO  o.e.m.c.i.embedder.EclipseLogger - Copying 0 resource
2026-06-17 22:33:07,588 [Worker-34: Building] INFO  o.e.m.c.i.embedder.EclipseLogger - Using 'UTF-8' encoding to copy filtered resources.
2026-06-17 22:33:07,588 [Worker-34: Building] INFO  o.e.m.c.i.embedder.EclipseLogger - Using 'UTF-8' encoding to copy filtered properties files.
2026-06-17 22:33:07,588 [Worker-34: Building] INFO  o.e.m.c.i.embedder.EclipseLogger - skip non existing resourceDirectory /Users/krishpal/Major Project/Student-Management-System-main/src/test/resources
2026-06-17 22:33:07,588 [Worker-34: Building] WARN  o.apache.maven.project.MavenProject - Plugin is modifying compileSourceRoots through clear(), which will not work in Maven 4.0.0. Use MavenProject.addCompileSourceRoot()/removeCompileSourceRoot() methods instead. If using a plugin, please upgrade to the latest version or report the issue to the plugin maintainer. To disable these warnings, set -Dmaven.project.sourceRoots.warningsDisabled=true on the command line, in the .mvn/maven.config file, or in project POM properties.
2026-06-17 22:33:07,588 [Worker-34: Building] WARN  o.apache.maven.project.MavenProject - Plugin is modifying compileSourceRoots through add(), which will not work in Maven 4.0.0. Use MavenProject.addCompileSourceRoot()/removeCompileSourceRoot() methods instead. If using a plugin, please upgrade to the latest version or report the issue to the plugin maintainer. To disable these warnings, set -Dmaven.project.sourceRoots.warningsDisabled=true on the command line, in the .mvn/maven.config file, or in project POM properties.
2026-06-17 22:33:07,589 [Worker-34: Building] WARN  o.apache.maven.project.MavenProject - Plugin is modifying testCompileSourceRoots through clear(), which will not work in Maven 4.0.0. Use MavenProject.addTestCompileSourceRoot()/removeTestCompileSourceRoot() methods instead. If using a plugin, please upgrade to the latest version or report the issue to the plugin maintainer. To disable these warnings, set -Dmaven.project.sourceRoots.warningsDisabled=true on the command line, in the .mvn/maven.config file, or in project POM properties.
2026-06-17 22:33:07,589 [Worker-34: Building] WARN  o.apache.maven.project.MavenProject - Plugin is modifying testCompileSourceRoots through add(), which will not work in Maven 4.0.0. Use MavenProject.addTestCompileSourceRoot()/removeTestCompileSourceRoot() methods instead. If using a plugin, please upgrade to the latest version or report the issue to the plugin maintainer. To disable these warnings, set -Dmaven.project.sourceRoots.warningsDisabled=true on the command line, in the .mvn/maven.config file, or in project POM properties.
2026-06-17 22:34:21,503 [Worker-31: Building] INFO  o.e.m.c.i.embedder.EclipseLogger - Using 'UTF-8' encoding to copy filtered resources.
2026-06-17 22:34:21,504 [Worker-31: Building] INFO  o.e.m.c.i.embedder.EclipseLogger - Using 'UTF-8' encoding to copy filtered properties files.
2026-06-17 22:34:21,504 [Worker-31: Building] INFO  o.e.m.c.i.embedder.EclipseLogger - Copying 0 resource
2026-06-17 22:34:21,506 [Worker-31: Building] INFO  o.e.m.c.i.embedder.EclipseLogger - Copying 0 resource
2026-06-17 22:34:21,507 [Worker-31: Building] INFO  o.e.m.c.i.embedder.EclipseLogger - Using 'UTF-8' encoding to copy filtered resources.
2026-06-17 22:34:21,507 [Worker-31: Building] INFO  o.e.m.c.i.embedder.EclipseLogger - Using 'UTF-8' encoding to copy filtered properties files.
2026-06-17 22:34:21,507 [Worker-31: Building] INFO  o.e.m.c.i.embedder.EclipseLogger - skip non existing resourceDirectory /Users/krishpal/Major Project/Student-Management-System-main/src/test/resources
2026-06-17 22:34:21,507 [Worker-31: Building] WARN  o.apache.maven.project.MavenProject - Plugin is modifying compileSourceRoots through clear(), which will not work in Maven 4.0.0. Use MavenProject.addCompileSourceRoot()/removeCompileSourceRoot() methods instead. If using a plugin, please upgrade to the latest version or report the issue to the plugin maintainer. To disable these warnings, set -Dmaven.project.sourceRoots.warningsDisabled=true on the command line, in the .mvn/maven.config file, or in project POM properties.
2026-06-17 22:34:21,507 [Worker-31: Building] WARN  o.apache.maven.project.MavenProject - Plugin is modifying compileSourceRoots through add(), which will not work in Maven 4.0.0. Use MavenProject.addCompileSourceRoot()/removeCompileSourceRoot() methods instead. If using a plugin, please upgrade to the latest version or report the issue to the plugin maintainer. To disable these warnings, set -Dmaven.project.sourceRoots.warningsDisabled=true on the command line, in the .mvn/maven.config file, or in project POM properties.
2026-06-17 22:34:21,507 [Worker-31: Building] WARN  o.apache.maven.project.MavenProject - Plugin is modifying testCompileSourceRoots through clear(), which will not work in Maven 4.0.0. Use MavenProject.addTestCompileSourceRoot()/removeTestCompileSourceRoot() methods instead. If using a plugin, please upgrade to the latest version or report the issue to the plugin maintainer. To disable these warnings, set -Dmaven.project.sourceRoots.warningsDisabled=true on the command line, in the .mvn/maven.config file, or in project POM properties.
2026-06-17 22:34:21,508 [Worker-31: Building] WARN  o.apache.maven.project.MavenProject - Plugin is modifying testCompileSourceRoots through add(), which will not work in Maven 4.0.0. Use MavenProject.addTestCompileSourceRoot()/removeTestCompileSourceRoot() methods instead. If using a plugin, please upgrade to the latest version or report the issue to the plugin maintainer. To disable these warnings, set -Dmaven.project.sourceRoots.warningsDisabled=true on the command line, in the .mvn/maven.config file, or in project POM properties.
2026-06-17 22:42:39,904 [Worker-37: Building] INFO  o.e.m.c.i.embedder.EclipseLogger - Using 'UTF-8' encoding to copy filtered resources.
2026-06-17 22:42:39,905 [Worker-37: Building] INFO  o.e.m.c.i.embedder.EclipseLogger - Using 'UTF-8' encoding to copy filtered properties files.
2026-06-17 22:42:39,907 [Worker-37: Building] INFO  o.e.m.c.i.embedder.EclipseLogger - Copying 0 resource
2026-06-17 22:42:39,909 [Worker-37: Building] INFO  o.e.m.c.i.embedder.EclipseLogger - Copying 0 resource
2026-06-17 22:42:39,910 [Worker-37: Building] INFO  o.e.m.c.i.embedder.EclipseLogger - Using 'UTF-8' encoding to copy filtered resources.
2026-06-17 22:42:39,910 [Worker-37: Building] INFO  o.e.m.c.i.embedder.EclipseLogger - Using 'UTF-8' encoding to copy filtered properties files.
2026-06-17 22:42:39,910 [Worker-37: Building] INFO  o.e.m.c.i.embedder.EclipseLogger - skip non existing resourceDirectory /Users/krishpal/Major Project/Student-Management-System-main/src/test/resources
2026-06-17 22:42:39,910 [Worker-37: Building] WARN  o.apache.maven.project.MavenProject - Plugin is modifying compileSourceRoots through clear(), which will not work in Maven 4.0.0. Use MavenProject.addCompileSourceRoot()/removeCompileSourceRoot() methods instead. If using a plugin, please upgrade to the latest version or report the issue to the plugin maintainer. To disable these warnings, set -Dmaven.project.sourceRoots.warningsDisabled=true on the command line, in the .mvn/maven.config file, or in project POM properties.
2026-06-17 22:42:39,911 [Worker-37: Building] WARN  o.apache.maven.project.MavenProject - Plugin is modifying compileSourceRoots through add(), which will not work in Maven 4.0.0. Use MavenProject.addCompileSourceRoot()/removeCompileSourceRoot() methods instead. If using a plugin, please upgrade to the latest version or report the issue to the plugin maintainer. To disable these warnings, set -Dmaven.project.sourceRoots.warningsDisabled=true on the command line, in the .mvn/maven.config file, or in project POM properties.
2026-06-17 22:42:39,911 [Worker-37: Building] WARN  o.apache.maven.project.MavenProject - Plugin is modifying testCompileSourceRoots through clear(), which will not work in Maven 4.0.0. Use MavenProject.addTestCompileSourceRoot()/removeTestCompileSourceRoot() methods instead. If using a plugin, please upgrade to the latest version or report the issue to the plugin maintainer. To disable these warnings, set -Dmaven.project.sourceRoots.warningsDisabled=true on the command line, in the .mvn/maven.config file, or in project POM properties.
2026-06-17 22:42:39,911 [Worker-37: Building] WARN  o.apache.maven.project.MavenProject - Plugin is modifying testCompileSourceRoots through add(), which will not work in Maven 4.0.0. Use MavenProject.addTestCompileSourceRoot()/removeTestCompileSourceRoot() methods instead. If using a plugin, please upgrade to the latest version or report the issue to the plugin maintainer. To disable these warnings, set -Dmaven.project.sourceRoots.warningsDisabled=true on the command line, in the .mvn/maven.config file, or in project POM properties.
2026-06-17 22:42:46,172 [Worker-35: Building] INFO  o.e.m.c.i.embedder.EclipseLogger - Using 'UTF-8' encoding to copy filtered resources.
2026-06-17 22:42:46,172 [Worker-35: Building] INFO  o.e.m.c.i.embedder.EclipseLogger - Using 'UTF-8' encoding to copy filtered properties files.
2026-06-17 22:42:46,174 [Worker-35: Building] INFO  o.e.m.c.i.embedder.EclipseLogger - Copying 0 resource
2026-06-17 22:42:46,175 [Worker-35: Building] INFO  o.e.m.c.i.embedder.EclipseLogger - Copying 0 resource
2026-06-17 22:42:46,176 [Worker-35: Building] INFO  o.e.m.c.i.embedder.EclipseLogger - Using 'UTF-8' encoding to copy filtered resources.
2026-06-17 22:42:46,176 [Worker-35: Building] INFO  o.e.m.c.i.embedder.EclipseLogger - Using 'UTF-8' encoding to copy filtered properties files.
2026-06-17 22:42:46,176 [Worker-35: Building] INFO  o.e.m.c.i.embedder.EclipseLogger - skip non existing resourceDirectory /Users/krishpal/Major Project/Student-Management-System-main/src/test/resources
2026-06-17 22:42:46,176 [Worker-35: Building] WARN  o.apache.maven.project.MavenProject - Plugin is modifying compileSourceRoots through clear(), which will not work in Maven 4.0.0. Use MavenProject.addCompileSourceRoot()/removeCompileSourceRoot() methods instead. If using a plugin, please upgrade to the latest version or report the issue to the plugin maintainer. To disable these warnings, set -Dmaven.project.sourceRoots.warningsDisabled=true on the command line, in the .mvn/maven.config file, or in project POM properties.
2026-06-17 22:42:46,177 [Worker-35: Building] WARN  o.apache.maven.project.MavenProject - Plugin is modifying compileSourceRoots through add(), which will not work in Maven 4.0.0. Use MavenProject.addCompileSourceRoot()/removeCompileSourceRoot() methods instead. If using a plugin, please upgrade to the latest version or report the issue to the plugin maintainer. To disable these warnings, set -Dmaven.project.sourceRoots.warningsDisabled=true on the command line, in the .mvn/maven.config file, or in project POM properties.
2026-06-17 22:42:46,177 [Worker-35: Building] WARN  o.apache.maven.project.MavenProject - Plugin is modifying testCompileSourceRoots through clear(), which will not work in Maven 4.0.0. Use MavenProject.addTestCompileSourceRoot()/removeTestCompileSourceRoot() methods instead. If using a plugin, please upgrade to the latest version or report the issue to the plugin maintainer. To disable these warnings, set -Dmaven.project.sourceRoots.warningsDisabled=true on the command line, in the .mvn/maven.config file, or in project POM properties.
2026-06-17 22:42:46,177 [Worker-35: Building] WARN  o.apache.maven.project.MavenProject - Plugin is modifying testCompileSourceRoots through add(), which will not work in Maven 4.0.0. Use MavenProject.addTestCompileSourceRoot()/removeTestCompileSourceRoot() methods instead. If using a plugin, please upgrade to the latest version or report the issue to the plugin maintainer. To disable these warnings, set -Dmaven.project.sourceRoots.warningsDisabled=true on the command line, in the .mvn/maven.config file, or in project POM properties.
2026-06-17 23:02:47,946 [Worker-5: reload maven project] WARN  o.a.m.r.i.DefaultArtifactDescriptorReader - 1 problem was encountered while building the effective model for org.javassist:javassist:jar:3.20.0-GA during dependency collection step for project (use -X to see details)
2026-06-17 23:03:20,908 [Worker-18: Building] INFO  o.e.m.c.i.embedder.EclipseLogger - Using 'UTF-8' encoding to copy filtered resources.
2026-06-17 23:03:20,908 [Worker-18: Building] INFO  o.e.m.c.i.embedder.EclipseLogger - Using 'UTF-8' encoding to copy filtered properties files.
2026-06-17 23:03:20,910 [Worker-18: Building] INFO  o.e.m.c.i.embedder.EclipseLogger - Copying 1 resource
2026-06-17 23:03:20,919 [Worker-18: Building] INFO  o.e.m.c.i.embedder.EclipseLogger - Copying 49 resources
2026-06-17 23:03:20,924 [Worker-18: Building] INFO  o.e.m.c.i.embedder.EclipseLogger - Using 'UTF-8' encoding to copy filtered resources.
2026-06-17 23:03:20,924 [Worker-18: Building] INFO  o.e.m.c.i.embedder.EclipseLogger - Using 'UTF-8' encoding to copy filtered properties files.
2026-06-17 23:03:20,924 [Worker-18: Building] INFO  o.e.m.c.i.embedder.EclipseLogger - skip non existing resourceDirectory /Users/krishpal/Major Project/Student-Management-System-main/src/test/resources
2026-06-17 23:03:21,042 [Worker-18: Building] WARN  o.apache.maven.project.MavenProject - Plugin is modifying compileSourceRoots through clear(), which will not work in Maven 4.0.0. Use MavenProject.addCompileSourceRoot()/removeCompileSourceRoot() methods instead. If using a plugin, please upgrade to the latest version or report the issue to the plugin maintainer. To disable these warnings, set -Dmaven.project.sourceRoots.warningsDisabled=true on the command line, in the .mvn/maven.config file, or in project POM properties.
2026-06-17 23:03:21,042 [Worker-18: Building] WARN  o.apache.maven.project.MavenProject - Plugin is modifying compileSourceRoots through add(), which will not work in Maven 4.0.0. Use MavenProject.addCompileSourceRoot()/removeCompileSourceRoot() methods instead. If using a plugin, please upgrade to the latest version or report the issue to the plugin maintainer. To disable these warnings, set -Dmaven.project.sourceRoots.warningsDisabled=true on the command line, in the .mvn/maven.config file, or in project POM properties.
2026-06-17 23:03:21,043 [Worker-18: Building] WARN  o.apache.maven.project.MavenProject - Plugin is modifying testCompileSourceRoots through clear(), which will not work in Maven 4.0.0. Use MavenProject.addTestCompileSourceRoot()/removeTestCompileSourceRoot() methods instead. If using a plugin, please upgrade to the latest version or report the issue to the plugin maintainer. To disable these warnings, set -Dmaven.project.sourceRoots.warningsDisabled=true on the command line, in the .mvn/maven.config file, or in project POM properties.
2026-06-17 23:03:21,043 [Worker-18: Building] WARN  o.apache.maven.project.MavenProject - Plugin is modifying testCompileSourceRoots through add(), which will not work in Maven 4.0.0. Use MavenProject.addTestCompileSourceRoot()/removeTestCompileSourceRoot() methods instead. If using a plugin, please upgrade to the latest version or report the issue to the plugin maintainer. To disable these warnings, set -Dmaven.project.sourceRoots.warningsDisabled=true on the command line, in the .mvn/maven.config file, or in project POM properties.
2026-06-17 23:03:27,116 [Worker-23: Building] INFO  o.e.m.c.i.embedder.EclipseLogger - Using 'UTF-8' encoding to copy filtered resources.
2026-06-17 23:03:27,116 [Worker-23: Building] INFO  o.e.m.c.i.embedder.EclipseLogger - Using 'UTF-8' encoding to copy filtered properties files.
2026-06-17 23:03:27,118 [Worker-23: Building] INFO  o.e.m.c.i.embedder.EclipseLogger - Copying 1 resource
2026-06-17 23:03:27,123 [Worker-23: Building] INFO  o.e.m.c.i.embedder.EclipseLogger - Copying 0 resource
2026-06-17 23:03:27,124 [Worker-23: Building] INFO  o.e.m.c.i.embedder.EclipseLogger - Using 'UTF-8' encoding to copy filtered resources.
2026-06-17 23:03:27,124 [Worker-23: Building] INFO  o.e.m.c.i.embedder.EclipseLogger - Using 'UTF-8' encoding to copy filtered properties files.
2026-06-17 23:03:27,124 [Worker-23: Building] INFO  o.e.m.c.i.embedder.EclipseLogger - skip non existing resourceDirectory /Users/krishpal/Major Project/Student-Management-System-main/src/test/resources
2026-06-17 23:03:27,124 [Worker-23: Building] WARN  o.apache.maven.project.MavenProject - Plugin is modifying compileSourceRoots through clear(), which will not work in Maven 4.0.0. Use MavenProject.addCompileSourceRoot()/removeCompileSourceRoot() methods instead. If using a plugin, please upgrade to the latest version or report the issue to the plugin maintainer. To disable these warnings, set -Dmaven.project.sourceRoots.warningsDisabled=true on the command line, in the .mvn/maven.config file, or in project POM properties.
2026-06-17 23:03:27,125 [Worker-23: Building] WARN  o.apache.maven.project.MavenProject - Plugin is modifying compileSourceRoots through add(), which will not work in Maven 4.0.0. Use MavenProject.addCompileSourceRoot()/removeCompileSourceRoot() methods instead. If using a plugin, please upgrade to the latest version or report the issue to the plugin maintainer. To disable these warnings, set -Dmaven.project.sourceRoots.warningsDisabled=true on the command line, in the .mvn/maven.config file, or in project POM properties.
2026-06-17 23:03:27,125 [Worker-23: Building] WARN  o.apache.maven.project.MavenProject - Plugin is modifying testCompileSourceRoots through clear(), which will not work in Maven 4.0.0. Use MavenProject.addTestCompileSourceRoot()/removeTestCompileSourceRoot() methods instead. If using a plugin, please upgrade to the latest version or report the issue to the plugin maintainer. To disable these warnings, set -Dmaven.project.sourceRoots.warningsDisabled=true on the command line, in the .mvn/maven.config file, or in project POM properties.
2026-06-17 23:03:27,125 [Worker-23: Building] WARN  o.apache.maven.project.MavenProject - Plugin is modifying testCompileSourceRoots through add(), which will not work in Maven 4.0.0. Use MavenProject.addTestCompileSourceRoot()/removeTestCompileSourceRoot() methods instead. If using a plugin, please upgrade to the latest version or report the issue to the plugin maintainer. To disable these warnings, set -Dmaven.project.sourceRoots.warningsDisabled=true on the command line, in the .mvn/maven.config file, or in project POM properties.
2026-06-17 23:04:25,878 [Worker-7: Building] INFO  o.e.m.c.i.embedder.EclipseLogger - Using 'UTF-8' encoding to copy filtered resources.
2026-06-17 23:04:25,879 [Worker-7: Building] INFO  o.e.m.c.i.embedder.EclipseLogger - Using 'UTF-8' encoding to copy filtered properties files.
2026-06-17 23:04:25,880 [Worker-7: Building] INFO  o.e.m.c.i.embedder.EclipseLogger - Copying 1 resource
2026-06-17 23:04:25,884 [Worker-7: Building] INFO  o.e.m.c.i.embedder.EclipseLogger - Copying 0 resource
2026-06-17 23:04:25,886 [Worker-7: Building] INFO  o.e.m.c.i.embedder.EclipseLogger - Using 'UTF-8' encoding to copy filtered resources.
2026-06-17 23:04:25,886 [Worker-7: Building] INFO  o.e.m.c.i.embedder.EclipseLogger - Using 'UTF-8' encoding to copy filtered properties files.
2026-06-17 23:04:25,886 [Worker-7: Building] INFO  o.e.m.c.i.embedder.EclipseLogger - skip non existing resourceDirectory /Users/krishpal/Major Project/Student-Management-System-main/src/test/resources
2026-06-17 23:04:25,886 [Worker-7: Building] WARN  o.apache.maven.project.MavenProject - Plugin is modifying compileSourceRoots through clear(), which will not work in Maven 4.0.0. Use MavenProject.addCompileSourceRoot()/removeCompileSourceRoot() methods instead. If using a plugin, please upgrade to the latest version or report the issue to the plugin maintainer. To disable these warnings, set -Dmaven.project.sourceRoots.warningsDisabled=true on the command line, in the .mvn/maven.config file, or in project POM properties.
2026-06-17 23:04:25,886 [Worker-7: Building] WARN  o.apache.maven.project.MavenProject - Plugin is modifying compileSourceRoots through add(), which will not work in Maven 4.0.0. Use MavenProject.addCompileSourceRoot()/removeCompileSourceRoot() methods instead. If using a plugin, please upgrade to the latest version or report the issue to the plugin maintainer. To disable these warnings, set -Dmaven.project.sourceRoots.warningsDisabled=true on the command line, in the .mvn/maven.config file, or in project POM properties.
2026-06-17 23:04:25,887 [Worker-7: Building] WARN  o.apache.maven.project.MavenProject - Plugin is modifying testCompileSourceRoots through clear(), which will not work in Maven 4.0.0. Use MavenProject.addTestCompileSourceRoot()/removeTestCompileSourceRoot() methods instead. If using a plugin, please upgrade to the latest version or report the issue to the plugin maintainer. To disable these warnings, set -Dmaven.project.sourceRoots.warningsDisabled=true on the command line, in the .mvn/maven.config file, or in project POM properties.
2026-06-17 23:04:25,887 [Worker-7: Building] WARN  o.apache.maven.project.MavenProject - Plugin is modifying testCompileSourceRoots through add(), which will not work in Maven 4.0.0. Use MavenProject.addTestCompileSourceRoot()/removeTestCompileSourceRoot() methods instead. If using a plugin, please upgrade to the latest version or report the issue to the plugin maintainer. To disable these warnings, set -Dmaven.project.sourceRoots.warningsDisabled=true on the command line, in the .mvn/maven.config file, or in project POM properties.
2026-06-17 23:06:51,741 [Worker-16: Building] INFO  o.e.m.c.i.embedder.EclipseLogger - Using 'UTF-8' encoding to copy filtered resources.
2026-06-17 23:06:51,741 [Worker-16: Building] INFO  o.e.m.c.i.embedder.EclipseLogger - Using 'UTF-8' encoding to copy filtered properties files.
2026-06-17 23:06:51,742 [Worker-16: Building] INFO  o.e.m.c.i.embedder.EclipseLogger - Copying 1 resource
2026-06-17 23:06:51,745 [Worker-16: Building] INFO  o.e.m.c.i.embedder.EclipseLogger - Copying 0 resource
2026-06-17 23:06:51,746 [Worker-16: Building] INFO  o.e.m.c.i.embedder.EclipseLogger - Using 'UTF-8' encoding to copy filtered resources.
2026-06-17 23:06:51,746 [Worker-16: Building] INFO  o.e.m.c.i.embedder.EclipseLogger - Using 'UTF-8' encoding to copy filtered properties files.
2026-06-17 23:06:51,746 [Worker-16: Building] INFO  o.e.m.c.i.embedder.EclipseLogger - skip non existing resourceDirectory /Users/krishpal/Major Project/Student-Management-System-main/src/test/resources
2026-06-17 23:06:51,746 [Worker-16: Building] WARN  o.apache.maven.project.MavenProject - Plugin is modifying compileSourceRoots through clear(), which will not work in Maven 4.0.0. Use MavenProject.addCompileSourceRoot()/removeCompileSourceRoot() methods instead. If using a plugin, please upgrade to the latest version or report the issue to the plugin maintainer. To disable these warnings, set -Dmaven.project.sourceRoots.warningsDisabled=true on the command line, in the .mvn/maven.config file, or in project POM properties.
2026-06-17 23:06:51,747 [Worker-16: Building] WARN  o.apache.maven.project.MavenProject - Plugin is modifying compileSourceRoots through add(), which will not work in Maven 4.0.0. Use MavenProject.addCompileSourceRoot()/removeCompileSourceRoot() methods instead. If using a plugin, please upgrade to the latest version or report the issue to the plugin maintainer. To disable these warnings, set -Dmaven.project.sourceRoots.warningsDisabled=true on the command line, in the .mvn/maven.config file, or in project POM properties.
2026-06-17 23:06:51,747 [Worker-16: Building] WARN  o.apache.maven.project.MavenProject - Plugin is modifying testCompileSourceRoots through clear(), which will not work in Maven 4.0.0. Use MavenProject.addTestCompileSourceRoot()/removeTestCompileSourceRoot() methods instead. If using a plugin, please upgrade to the latest version or report the issue to the plugin maintainer. To disable these warnings, set -Dmaven.project.sourceRoots.warningsDisabled=true on the command line, in the .mvn/maven.config file, or in project POM properties.
2026-06-17 23:06:51,747 [Worker-16: Building] WARN  o.apache.maven.project.MavenProject - Plugin is modifying testCompileSourceRoots through add(), which will not work in Maven 4.0.0. Use MavenProject.addTestCompileSourceRoot()/removeTestCompileSourceRoot() methods instead. If using a plugin, please upgrade to the latest version or report the issue to the plugin maintainer. To disable these warnings, set -Dmaven.project.sourceRoots.warningsDisabled=true on the command line, in the .mvn/maven.config file, or in project POM properties.
2026-06-17 23:16:25,827 [Worker-16: Building] INFO  o.e.m.c.i.embedder.EclipseLogger - Using 'UTF-8' encoding to copy filtered resources.
2026-06-17 23:16:25,828 [Worker-16: Building] INFO  o.e.m.c.i.embedder.EclipseLogger - Using 'UTF-8' encoding to copy filtered properties files.
2026-06-17 23:16:25,831 [Worker-16: Building] INFO  o.e.m.c.i.embedder.EclipseLogger - Copying 1 resource
2026-06-17 23:16:25,842 [Worker-16: Building] INFO  o.e.m.c.i.embedder.EclipseLogger - Copying 0 resource
2026-06-17 23:16:25,844 [Worker-16: Building] INFO  o.e.m.c.i.embedder.EclipseLogger - Using 'UTF-8' encoding to copy filtered resources.
2026-06-17 23:16:25,844 [Worker-16: Building] INFO  o.e.m.c.i.embedder.EclipseLogger - Using 'UTF-8' encoding to copy filtered properties files.
2026-06-17 23:16:25,844 [Worker-16: Building] INFO  o.e.m.c.i.embedder.EclipseLogger - skip non existing resourceDirectory /Users/krishpal/Major Project/Student-Management-System-main/src/test/resources
2026-06-17 23:16:25,844 [Worker-16: Building] WARN  o.apache.maven.project.MavenProject - Plugin is modifying compileSourceRoots through clear(), which will not work in Maven 4.0.0. Use MavenProject.addCompileSourceRoot()/removeCompileSourceRoot() methods instead. If using a plugin, please upgrade to the latest version or report the issue to the plugin maintainer. To disable these warnings, set -Dmaven.project.sourceRoots.warningsDisabled=true on the command line, in the .mvn/maven.config file, or in project POM properties.
2026-06-17 23:16:25,845 [Worker-16: Building] WARN  o.apache.maven.project.MavenProject - Plugin is modifying compileSourceRoots through add(), which will not work in Maven 4.0.0. Use MavenProject.addCompileSourceRoot()/removeCompileSourceRoot() methods instead. If using a plugin, please upgrade to the latest version or report the issue to the plugin maintainer. To disable these warnings, set -Dmaven.project.sourceRoots.warningsDisabled=true on the command line, in the .mvn/maven.config file, or in project POM properties.
2026-06-17 23:16:25,846 [Worker-16: Building] WARN  o.apache.maven.project.MavenProject - Plugin is modifying testCompileSourceRoots through clear(), which will not work in Maven 4.0.0. Use MavenProject.addTestCompileSourceRoot()/removeTestCompileSourceRoot() methods instead. If using a plugin, please upgrade to the latest version or report the issue to the plugin maintainer. To disable these warnings, set -Dmaven.project.sourceRoots.warningsDisabled=true on the command line, in the .mvn/maven.config file, or in project POM properties.
2026-06-17 23:16:25,846 [Worker-16: Building] WARN  o.apache.maven.project.MavenProject - Plugin is modifying testCompileSourceRoots through add(), which will not work in Maven 4.0.0. Use MavenProject.addTestCompileSourceRoot()/removeTestCompileSourceRoot() methods instead. If using a plugin, please upgrade to the latest version or report the issue to the plugin maintainer. To disable these warnings, set -Dmaven.project.sourceRoots.warningsDisabled=true on the command line, in the .mvn/maven.config file, or in project POM properties.
2026-06-17 23:16:32,445 [Worker-31: Building] INFO  o.e.m.c.i.embedder.EclipseLogger - Using 'UTF-8' encoding to copy filtered resources.
2026-06-17 23:16:32,445 [Worker-31: Building] INFO  o.e.m.c.i.embedder.EclipseLogger - Using 'UTF-8' encoding to copy filtered properties files.
2026-06-17 23:16:32,446 [Worker-31: Building] INFO  o.e.m.c.i.embedder.EclipseLogger - Copying 1 resource
2026-06-17 23:16:32,451 [Worker-31: Building] INFO  o.e.m.c.i.embedder.EclipseLogger - Copying 0 resource
2026-06-17 23:16:32,453 [Worker-31: Building] INFO  o.e.m.c.i.embedder.EclipseLogger - Using 'UTF-8' encoding to copy filtered resources.
2026-06-17 23:16:32,453 [Worker-31: Building] INFO  o.e.m.c.i.embedder.EclipseLogger - Using 'UTF-8' encoding to copy filtered properties files.
2026-06-17 23:16:32,453 [Worker-31: Building] INFO  o.e.m.c.i.embedder.EclipseLogger - skip non existing resourceDirectory /Users/krishpal/Major Project/Student-Management-System-main/src/test/resources
2026-06-17 23:16:32,453 [Worker-31: Building] WARN  o.apache.maven.project.MavenProject - Plugin is modifying compileSourceRoots through clear(), which will not work in Maven 4.0.0. Use MavenProject.addCompileSourceRoot()/removeCompileSourceRoot() methods instead. If using a plugin, please upgrade to the latest version or report the issue to the plugin maintainer. To disable these warnings, set -Dmaven.project.sourceRoots.warningsDisabled=true on the command line, in the .mvn/maven.config file, or in project POM properties.
2026-06-17 23:16:32,454 [Worker-31: Building] WARN  o.apache.maven.project.MavenProject - Plugin is modifying compileSourceRoots through add(), which will not work in Maven 4.0.0. Use MavenProject.addCompileSourceRoot()/removeCompileSourceRoot() methods instead. If using a plugin, please upgrade to the latest version or report the issue to the plugin maintainer. To disable these warnings, set -Dmaven.project.sourceRoots.warningsDisabled=true on the command line, in the .mvn/maven.config file, or in project POM properties.
2026-06-17 23:16:32,454 [Worker-31: Building] WARN  o.apache.maven.project.MavenProject - Plugin is modifying testCompileSourceRoots through clear(), which will not work in Maven 4.0.0. Use MavenProject.addTestCompileSourceRoot()/removeTestCompileSourceRoot() methods instead. If using a plugin, please upgrade to the latest version or report the issue to the plugin maintainer. To disable these warnings, set -Dmaven.project.sourceRoots.warningsDisabled=true on the command line, in the .mvn/maven.config file, or in project POM properties.
2026-06-17 23:16:32,454 [Worker-31: Building] WARN  o.apache.maven.project.MavenProject - Plugin is modifying testCompileSourceRoots through add(), which will not work in Maven 4.0.0. Use MavenProject.addTestCompileSourceRoot()/removeTestCompileSourceRoot() methods instead. If using a plugin, please upgrade to the latest version or report the issue to the plugin maintainer. To disable these warnings, set -Dmaven.project.sourceRoots.warningsDisabled=true on the command line, in the .mvn/maven.config file, or in project POM properties.
2026-06-17 23:47:06,634 [Worker-32: Building] INFO  o.e.m.c.i.embedder.EclipseLogger - Using 'UTF-8' encoding to copy filtered resources.
2026-06-17 23:47:06,635 [Worker-32: Building] INFO  o.e.m.c.i.embedder.EclipseLogger - Using 'UTF-8' encoding to copy filtered properties files.
2026-06-17 23:47:06,638 [Worker-32: Building] INFO  o.e.m.c.i.embedder.EclipseLogger - Copying 1 resource
2026-06-17 23:47:06,644 [Worker-32: Building] INFO  o.e.m.c.i.embedder.EclipseLogger - Copying 0 resource
2026-06-17 23:47:06,645 [Worker-32: Building] INFO  o.e.m.c.i.embedder.EclipseLogger - Using 'UTF-8' encoding to copy filtered resources.
2026-06-17 23:47:06,645 [Worker-32: Building] INFO  o.e.m.c.i.embedder.EclipseLogger - Using 'UTF-8' encoding to copy filtered properties files.
2026-06-17 23:47:06,645 [Worker-32: Building] INFO  o.e.m.c.i.embedder.EclipseLogger - skip non existing resourceDirectory /Users/krishpal/Major Project/Student-Management-System-main/src/test/resources
2026-06-17 23:47:06,645 [Worker-32: Building] WARN  o.apache.maven.project.MavenProject - Plugin is modifying compileSourceRoots through clear(), which will not work in Maven 4.0.0. Use MavenProject.addCompileSourceRoot()/removeCompileSourceRoot() methods instead. If using a plugin, please upgrade to the latest version or report the issue to the plugin maintainer. To disable these warnings, set -Dmaven.project.sourceRoots.warningsDisabled=true on the command line, in the .mvn/maven.config file, or in project POM properties.
2026-06-17 23:47:06,647 [Worker-32: Building] WARN  o.apache.maven.project.MavenProject - Plugin is modifying compileSourceRoots through add(), which will not work in Maven 4.0.0. Use MavenProject.addCompileSourceRoot()/removeCompileSourceRoot() methods instead. If using a plugin, please upgrade to the latest version or report the issue to the plugin maintainer. To disable these warnings, set -Dmaven.project.sourceRoots.warningsDisabled=true on the command line, in the .mvn/maven.config file, or in project POM properties.
2026-06-17 23:47:06,647 [Worker-32: Building] WARN  o.apache.maven.project.MavenProject - Plugin is modifying testCompileSourceRoots through clear(), which will not work in Maven 4.0.0. Use MavenProject.addTestCompileSourceRoot()/removeTestCompileSourceRoot() methods instead. If using a plugin, please upgrade to the latest version or report the issue to the plugin maintainer. To disable these warnings, set -Dmaven.project.sourceRoots.warningsDisabled=true on the command line, in the .mvn/maven.config file, or in project POM properties.
2026-06-17 23:47:06,647 [Worker-32: Building] WARN  o.apache.maven.project.MavenProject - Plugin is modifying testCompileSourceRoots through add(), which will not work in Maven 4.0.0. Use MavenProject.addTestCompileSourceRoot()/removeTestCompileSourceRoot() methods instead. If using a plugin, please upgrade to the latest version or report the issue to the plugin maintainer. To disable these warnings, set -Dmaven.project.sourceRoots.warningsDisabled=true on the command line, in the .mvn/maven.config file, or in project POM properties.
2026-06-18 00:22:36,412 [Worker-34: Building] INFO  o.e.m.c.i.embedder.EclipseLogger - Using 'UTF-8' encoding to copy filtered resources.
2026-06-18 00:22:36,413 [Worker-34: Building] INFO  o.e.m.c.i.embedder.EclipseLogger - Using 'UTF-8' encoding to copy filtered properties files.
2026-06-18 00:22:36,416 [Worker-34: Building] INFO  o.e.m.c.i.embedder.EclipseLogger - Copying 1 resource
2026-06-18 00:22:36,423 [Worker-34: Building] INFO  o.e.m.c.i.embedder.EclipseLogger - Copying 0 resource
2026-06-18 00:22:36,425 [Worker-34: Building] INFO  o.e.m.c.i.embedder.EclipseLogger - Using 'UTF-8' encoding to copy filtered resources.
2026-06-18 00:22:36,425 [Worker-34: Building] INFO  o.e.m.c.i.embedder.EclipseLogger - Using 'UTF-8' encoding to copy filtered properties files.
2026-06-18 00:22:36,425 [Worker-34: Building] INFO  o.e.m.c.i.embedder.EclipseLogger - skip non existing resourceDirectory /Users/krishpal/Major Project/Student-Management-System-main/src/test/resources
2026-06-18 00:22:36,425 [Worker-34: Building] WARN  o.apache.maven.project.MavenProject - Plugin is modifying compileSourceRoots through clear(), which will not work in Maven 4.0.0. Use MavenProject.addCompileSourceRoot()/removeCompileSourceRoot() methods instead. If using a plugin, please upgrade to the latest version or report the issue to the plugin maintainer. To disable these warnings, set -Dmaven.project.sourceRoots.warningsDisabled=true on the command line, in the .mvn/maven.config file, or in project POM properties.
2026-06-18 00:22:36,426 [Worker-34: Building] WARN  o.apache.maven.project.MavenProject - Plugin is modifying compileSourceRoots through add(), which will not work in Maven 4.0.0. Use MavenProject.addCompileSourceRoot()/removeCompileSourceRoot() methods instead. If using a plugin, please upgrade to the latest version or report the issue to the plugin maintainer. To disable these warnings, set -Dmaven.project.sourceRoots.warningsDisabled=true on the command line, in the .mvn/maven.config file, or in project POM properties.
2026-06-18 00:22:36,426 [Worker-34: Building] WARN  o.apache.maven.project.MavenProject - Plugin is modifying testCompileSourceRoots through clear(), which will not work in Maven 4.0.0. Use MavenProject.addTestCompileSourceRoot()/removeTestCompileSourceRoot() methods instead. If using a plugin, please upgrade to the latest version or report the issue to the plugin maintainer. To disable these warnings, set -Dmaven.project.sourceRoots.warningsDisabled=true on the command line, in the .mvn/maven.config file, or in project POM properties.
2026-06-18 00:22:36,426 [Worker-34: Building] WARN  o.apache.maven.project.MavenProject - Plugin is modifying testCompileSourceRoots through add(), which will not work in Maven 4.0.0. Use MavenProject.addTestCompileSourceRoot()/removeTestCompileSourceRoot() methods instead. If using a plugin, please upgrade to the latest version or report the issue to the plugin maintainer. To disable these warnings, set -Dmaven.project.sourceRoots.warningsDisabled=true on the command line, in the .mvn/maven.config file, or in project POM properties.
2026-06-18 00:39:48,264 [Worker-34: Building] INFO  o.e.m.c.i.embedder.EclipseLogger - Using 'UTF-8' encoding to copy filtered resources.
2026-06-18 00:39:48,265 [Worker-34: Building] INFO  o.e.m.c.i.embedder.EclipseLogger - Using 'UTF-8' encoding to copy filtered properties files.
2026-06-18 00:39:48,267 [Worker-34: Building] INFO  o.e.m.c.i.embedder.EclipseLogger - Copying 1 resource
2026-06-18 00:39:48,270 [Worker-34: Building] INFO  o.e.m.c.i.embedder.EclipseLogger - Copying 0 resource
2026-06-18 00:39:48,271 [Worker-34: Building] INFO  o.e.m.c.i.embedder.EclipseLogger - Using 'UTF-8' encoding to copy filtered resources.
2026-06-18 00:39:48,271 [Worker-34: Building] INFO  o.e.m.c.i.embedder.EclipseLogger - Using 'UTF-8' encoding to copy filtered properties files.
2026-06-18 00:39:48,271 [Worker-34: Building] INFO  o.e.m.c.i.embedder.EclipseLogger - skip non existing resourceDirectory /Users/krishpal/Major Project/Student-Management-System-main/src/test/resources
2026-06-18 00:39:48,271 [Worker-34: Building] WARN  o.apache.maven.project.MavenProject - Plugin is modifying compileSourceRoots through clear(), which will not work in Maven 4.0.0. Use MavenProject.addCompileSourceRoot()/removeCompileSourceRoot() methods instead. If using a plugin, please upgrade to the latest version or report the issue to the plugin maintainer. To disable these warnings, set -Dmaven.project.sourceRoots.warningsDisabled=true on the command line, in the .mvn/maven.config file, or in project POM properties.
2026-06-18 00:39:48,272 [Worker-34: Building] WARN  o.apache.maven.project.MavenProject - Plugin is modifying compileSourceRoots through add(), which will not work in Maven 4.0.0. Use MavenProject.addCompileSourceRoot()/removeCompileSourceRoot() methods instead. If using a plugin, please upgrade to the latest version or report the issue to the plugin maintainer. To disable these warnings, set -Dmaven.project.sourceRoots.warningsDisabled=true on the command line, in the .mvn/maven.config file, or in project POM properties.
2026-06-18 00:39:48,272 [Worker-34: Building] WARN  o.apache.maven.project.MavenProject - Plugin is modifying testCompileSourceRoots through clear(), which will not work in Maven 4.0.0. Use MavenProject.addTestCompileSourceRoot()/removeTestCompileSourceRoot() methods instead. If using a plugin, please upgrade to the latest version or report the issue to the plugin maintainer. To disable these warnings, set -Dmaven.project.sourceRoots.warningsDisabled=true on the command line, in the .mvn/maven.config file, or in project POM properties.
2026-06-18 00:39:48,272 [Worker-34: Building] WARN  o.apache.maven.project.MavenProject - Plugin is modifying testCompileSourceRoots through add(), which will not work in Maven 4.0.0. Use MavenProject.addTestCompileSourceRoot()/removeTestCompileSourceRoot() methods instead. If using a plugin, please upgrade to the latest version or report the issue to the plugin maintainer. To disable these warnings, set -Dmaven.project.sourceRoots.warningsDisabled=true on the command line, in the .mvn/maven.config file, or in project POM properties.
2026-06-18 00:55:48,619 [Worker-37: Loading available Gradle versions] INFO  o.e.b.c.i.u.g.PublishedGradleVersions - Gradle version information cache is up-to-date. Trying to read.
2026-06-18 01:27:48,105 [Worker-53: Building] INFO  o.e.m.c.i.embedder.EclipseLogger - Using 'UTF-8' encoding to copy filtered resources.
2026-06-18 01:27:48,106 [Worker-53: Building] INFO  o.e.m.c.i.embedder.EclipseLogger - Using 'UTF-8' encoding to copy filtered properties files.
2026-06-18 01:27:48,108 [Worker-53: Building] INFO  o.e.m.c.i.embedder.EclipseLogger - Copying 1 resource
2026-06-18 01:27:48,112 [Worker-53: Building] INFO  o.e.m.c.i.embedder.EclipseLogger - Copying 49 resources
2026-06-18 01:27:48,114 [Worker-53: Building] INFO  o.e.m.c.i.embedder.EclipseLogger - Using 'UTF-8' encoding to copy filtered resources.
2026-06-18 01:27:48,115 [Worker-53: Building] INFO  o.e.m.c.i.embedder.EclipseLogger - Using 'UTF-8' encoding to copy filtered properties files.
2026-06-18 01:27:48,115 [Worker-53: Building] INFO  o.e.m.c.i.embedder.EclipseLogger - skip non existing resourceDirectory /Users/krishpal/Major Project/Student-Management-System-main/src/test/resources
2026-06-18 01:27:48,115 [Worker-53: Building] WARN  o.apache.maven.project.MavenProject - Plugin is modifying compileSourceRoots through clear(), which will not work in Maven 4.0.0. Use MavenProject.addCompileSourceRoot()/removeCompileSourceRoot() methods instead. If using a plugin, please upgrade to the latest version or report the issue to the plugin maintainer. To disable these warnings, set -Dmaven.project.sourceRoots.warningsDisabled=true on the command line, in the .mvn/maven.config file, or in project POM properties.
2026-06-18 01:27:48,115 [Worker-53: Building] WARN  o.apache.maven.project.MavenProject - Plugin is modifying compileSourceRoots through add(), which will not work in Maven 4.0.0. Use MavenProject.addCompileSourceRoot()/removeCompileSourceRoot() methods instead. If using a plugin, please upgrade to the latest version or report the issue to the plugin maintainer. To disable these warnings, set -Dmaven.project.sourceRoots.warningsDisabled=true on the command line, in the .mvn/maven.config file, or in project POM properties.
2026-06-18 01:27:48,115 [Worker-53: Building] WARN  o.apache.maven.project.MavenProject - Plugin is modifying testCompileSourceRoots through clear(), which will not work in Maven 4.0.0. Use MavenProject.addTestCompileSourceRoot()/removeTestCompileSourceRoot() methods instead. If using a plugin, please upgrade to the latest version or report the issue to the plugin maintainer. To disable these warnings, set -Dmaven.project.sourceRoots.warningsDisabled=true on the command line, in the .mvn/maven.config file, or in project POM properties.
2026-06-18 01:27:48,116 [Worker-53: Building] WARN  o.apache.maven.project.MavenProject - Plugin is modifying testCompileSourceRoots through add(), which will not work in Maven 4.0.0. Use MavenProject.addTestCompileSourceRoot()/removeTestCompileSourceRoot() methods instead. If using a plugin, please upgrade to the latest version or report the issue to the plugin maintainer. To disable these warnings, set -Dmaven.project.sourceRoots.warningsDisabled=true on the command line, in the .mvn/maven.config file, or in project POM properties.
2026-06-18 01:46:26,329 [Worker-57: Building] INFO  o.e.m.c.i.embedder.EclipseLogger - Using 'UTF-8' encoding to copy filtered resources.
2026-06-18 01:46:26,329 [Worker-57: Building] INFO  o.e.m.c.i.embedder.EclipseLogger - Using 'UTF-8' encoding to copy filtered properties files.
2026-06-18 01:46:26,332 [Worker-57: Building] INFO  o.e.m.c.i.embedder.EclipseLogger - Copying 1 resource
2026-06-18 01:46:26,337 [Worker-57: Building] INFO  o.e.m.c.i.embedder.EclipseLogger - Copying 49 resources
2026-06-18 01:46:26,340 [Worker-57: Building] INFO  o.e.m.c.i.embedder.EclipseLogger - Using 'UTF-8' encoding to copy filtered resources.
2026-06-18 01:46:26,340 [Worker-57: Building] INFO  o.e.m.c.i.embedder.EclipseLogger - Using 'UTF-8' encoding to copy filtered properties files.
2026-06-18 01:46:26,340 [Worker-57: Building] INFO  o.e.m.c.i.embedder.EclipseLogger - skip non existing resourceDirectory /Users/krishpal/Major Project/Student-Management-System-main/src/test/resources
2026-06-18 01:46:26,340 [Worker-57: Building] WARN  o.apache.maven.project.MavenProject - Plugin is modifying compileSourceRoots through clear(), which will not work in Maven 4.0.0. Use MavenProject.addCompileSourceRoot()/removeCompileSourceRoot() methods instead. If using a plugin, please upgrade to the latest version or report the issue to the plugin maintainer. To disable these warnings, set -Dmaven.project.sourceRoots.warningsDisabled=true on the command line, in the .mvn/maven.config file, or in project POM properties.
2026-06-18 01:46:26,341 [Worker-57: Building] WARN  o.apache.maven.project.MavenProject - Plugin is modifying compileSourceRoots through add(), which will not work in Maven 4.0.0. Use MavenProject.addCompileSourceRoot()/removeCompileSourceRoot() methods instead. If using a plugin, please upgrade to the latest version or report the issue to the plugin maintainer. To disable these warnings, set -Dmaven.project.sourceRoots.warningsDisabled=true on the command line, in the .mvn/maven.config file, or in project POM properties.
2026-06-18 01:46:26,341 [Worker-57: Building] WARN  o.apache.maven.project.MavenProject - Plugin is modifying testCompileSourceRoots through clear(), which will not work in Maven 4.0.0. Use MavenProject.addTestCompileSourceRoot()/removeTestCompileSourceRoot() methods instead. If using a plugin, please upgrade to the latest version or report the issue to the plugin maintainer. To disable these warnings, set -Dmaven.project.sourceRoots.warningsDisabled=true on the command line, in the .mvn/maven.config file, or in project POM properties.
2026-06-18 01:46:26,341 [Worker-57: Building] WARN  o.apache.maven.project.MavenProject - Plugin is modifying testCompileSourceRoots through add(), which will not work in Maven 4.0.0. Use MavenProject.addTestCompileSourceRoot()/removeTestCompileSourceRoot() methods instead. If using a plugin, please upgrade to the latest version or report the issue to the plugin maintainer. To disable these warnings, set -Dmaven.project.sourceRoots.warningsDisabled=true on the command line, in the .mvn/maven.config file, or in project POM properties.
2026-06-18 01:58:51,023 [Worker-62: Building] INFO  o.e.m.c.i.embedder.EclipseLogger - Using 'UTF-8' encoding to copy filtered resources.
2026-06-18 01:58:51,023 [Worker-62: Building] INFO  o.e.m.c.i.embedder.EclipseLogger - Using 'UTF-8' encoding to copy filtered properties files.
2026-06-18 01:58:51,026 [Worker-62: Building] INFO  o.e.m.c.i.embedder.EclipseLogger - Copying 1 resource
2026-06-18 01:58:51,039 [Worker-62: Building] INFO  o.e.m.c.i.embedder.EclipseLogger - Copying 49 resources
2026-06-18 01:58:51,046 [Worker-62: Building] INFO  o.e.m.c.i.embedder.EclipseLogger - Using 'UTF-8' encoding to copy filtered resources.
2026-06-18 01:58:51,046 [Worker-62: Building] INFO  o.e.m.c.i.embedder.EclipseLogger - Using 'UTF-8' encoding to copy filtered properties files.
2026-06-18 01:58:51,046 [Worker-62: Building] INFO  o.e.m.c.i.embedder.EclipseLogger - skip non existing resourceDirectory /Users/krishpal/Major Project/Student-Management-System-main/src/test/resources
2026-06-18 01:58:51,046 [Worker-62: Building] WARN  o.apache.maven.project.MavenProject - Plugin is modifying compileSourceRoots through clear(), which will not work in Maven 4.0.0. Use MavenProject.addCompileSourceRoot()/removeCompileSourceRoot() methods instead. If using a plugin, please upgrade to the latest version or report the issue to the plugin maintainer. To disable these warnings, set -Dmaven.project.sourceRoots.warningsDisabled=true on the command line, in the .mvn/maven.config file, or in project POM properties.
2026-06-18 01:58:51,047 [Worker-62: Building] WARN  o.apache.maven.project.MavenProject - Plugin is modifying compileSourceRoots through add(), which will not work in Maven 4.0.0. Use MavenProject.addCompileSourceRoot()/removeCompileSourceRoot() methods instead. If using a plugin, please upgrade to the latest version or report the issue to the plugin maintainer. To disable these warnings, set -Dmaven.project.sourceRoots.warningsDisabled=true on the command line, in the .mvn/maven.config file, or in project POM properties.
2026-06-18 01:58:51,047 [Worker-62: Building] WARN  o.apache.maven.project.MavenProject - Plugin is modifying testCompileSourceRoots through clear(), which will not work in Maven 4.0.0. Use MavenProject.addTestCompileSourceRoot()/removeTestCompileSourceRoot() methods instead. If using a plugin, please upgrade to the latest version or report the issue to the plugin maintainer. To disable these warnings, set -Dmaven.project.sourceRoots.warningsDisabled=true on the command line, in the .mvn/maven.config file, or in project POM properties.
2026-06-18 01:58:51,047 [Worker-62: Building] WARN  o.apache.maven.project.MavenProject - Plugin is modifying testCompileSourceRoots through add(), which will not work in Maven 4.0.0. Use MavenProject.addTestCompileSourceRoot()/removeTestCompileSourceRoot() methods instead. If using a plugin, please upgrade to the latest version or report the issue to the plugin maintainer. To disable these warnings, set -Dmaven.project.sourceRoots.warningsDisabled=true on the command line, in the .mvn/maven.config file, or in project POM properties.
2026-06-19 11:55:24,239 [Worker-5: Building] WARN  o.a.m.r.i.DefaultArtifactDescriptorReader - 1 problem was encountered while building the effective model for org.javassist:javassist:jar:3.20.0-GA during dependency collection step for project (use -X to see details)
2026-06-19 11:55:24,447 [Worker-5: Building] INFO  o.e.m.c.i.embedder.EclipseLogger - Using 'UTF-8' encoding to copy filtered resources.
2026-06-19 11:55:24,447 [Worker-5: Building] INFO  o.e.m.c.i.embedder.EclipseLogger - Using 'UTF-8' encoding to copy filtered properties files.
2026-06-19 11:55:24,448 [Worker-5: Building] INFO  o.e.m.c.i.embedder.EclipseLogger - Copying 1 resource
2026-06-19 11:55:24,457 [Worker-5: Building] INFO  o.e.m.c.i.embedder.EclipseLogger - Copying 49 resources
2026-06-19 11:55:24,475 [Worker-5: Building] INFO  o.e.m.c.i.embedder.EclipseLogger - Using 'UTF-8' encoding to copy filtered resources.
2026-06-19 11:55:24,475 [Worker-5: Building] INFO  o.e.m.c.i.embedder.EclipseLogger - Using 'UTF-8' encoding to copy filtered properties files.
2026-06-19 11:55:24,475 [Worker-5: Building] INFO  o.e.m.c.i.embedder.EclipseLogger - skip non existing resourceDirectory /Users/krishpal/Major Project/Student-Management-System-main/src/test/resources
2026-06-19 11:55:24,633 [Worker-5: Building] WARN  o.apache.maven.project.MavenProject - Plugin is modifying compileSourceRoots through clear(), which will not work in Maven 4.0.0. Use MavenProject.addCompileSourceRoot()/removeCompileSourceRoot() methods instead. If using a plugin, please upgrade to the latest version or report the issue to the plugin maintainer. To disable these warnings, set -Dmaven.project.sourceRoots.warningsDisabled=true on the command line, in the .mvn/maven.config file, or in project POM properties.
2026-06-19 11:55:24,634 [Worker-5: Building] WARN  o.apache.maven.project.MavenProject - Plugin is modifying compileSourceRoots through add(), which will not work in Maven 4.0.0. Use MavenProject.addCompileSourceRoot()/removeCompileSourceRoot() methods instead. If using a plugin, please upgrade to the latest version or report the issue to the plugin maintainer. To disable these warnings, set -Dmaven.project.sourceRoots.warningsDisabled=true on the command line, in the .mvn/maven.config file, or in project POM properties.
2026-06-19 11:55:24,634 [Worker-5: Building] WARN  o.apache.maven.project.MavenProject - Plugin is modifying testCompileSourceRoots through clear(), which will not work in Maven 4.0.0. Use MavenProject.addTestCompileSourceRoot()/removeTestCompileSourceRoot() methods instead. If using a plugin, please upgrade to the latest version or report the issue to the plugin maintainer. To disable these warnings, set -Dmaven.project.sourceRoots.warningsDisabled=true on the command line, in the .mvn/maven.config file, or in project POM properties.
2026-06-19 11:55:24,634 [Worker-5: Building] WARN  o.apache.maven.project.MavenProject - Plugin is modifying testCompileSourceRoots through add(), which will not work in Maven 4.0.0. Use MavenProject.addTestCompileSourceRoot()/removeTestCompileSourceRoot() methods instead. If using a plugin, please upgrade to the latest version or report the issue to the plugin maintainer. To disable these warnings, set -Dmaven.project.sourceRoots.warningsDisabled=true on the command line, in the .mvn/maven.config file, or in project POM properties.
2026-06-19 11:55:47,204 [Worker-19: Building] INFO  o.e.m.c.i.embedder.EclipseLogger - Using 'UTF-8' encoding to copy filtered resources.
2026-06-19 11:55:47,205 [Worker-19: Building] INFO  o.e.m.c.i.embedder.EclipseLogger - Using 'UTF-8' encoding to copy filtered properties files.
2026-06-19 11:55:47,206 [Worker-19: Building] INFO  o.e.m.c.i.embedder.EclipseLogger - Copying 1 resource
2026-06-19 11:55:47,210 [Worker-19: Building] INFO  o.e.m.c.i.embedder.EclipseLogger - Copying 0 resource
2026-06-19 11:55:47,212 [Worker-19: Building] INFO  o.e.m.c.i.embedder.EclipseLogger - Using 'UTF-8' encoding to copy filtered resources.
2026-06-19 11:55:47,212 [Worker-19: Building] INFO  o.e.m.c.i.embedder.EclipseLogger - Using 'UTF-8' encoding to copy filtered properties files.
2026-06-19 11:55:47,212 [Worker-19: Building] INFO  o.e.m.c.i.embedder.EclipseLogger - skip non existing resourceDirectory /Users/krishpal/Major Project/Student-Management-System-main/src/test/resources
2026-06-19 11:55:47,212 [Worker-19: Building] WARN  o.apache.maven.project.MavenProject - Plugin is modifying compileSourceRoots through clear(), which will not work in Maven 4.0.0. Use MavenProject.addCompileSourceRoot()/removeCompileSourceRoot() methods instead. If using a plugin, please upgrade to the latest version or report the issue to the plugin maintainer. To disable these warnings, set -Dmaven.project.sourceRoots.warningsDisabled=true on the command line, in the .mvn/maven.config file, or in project POM properties.
2026-06-19 11:55:47,212 [Worker-19: Building] WARN  o.apache.maven.project.MavenProject - Plugin is modifying compileSourceRoots through add(), which will not work in Maven 4.0.0. Use MavenProject.addCompileSourceRoot()/removeCompileSourceRoot() methods instead. If using a plugin, please upgrade to the latest version or report the issue to the plugin maintainer. To disable these warnings, set -Dmaven.project.sourceRoots.warningsDisabled=true on the command line, in the .mvn/maven.config file, or in project POM properties.
2026-06-19 11:55:47,212 [Worker-19: Building] WARN  o.apache.maven.project.MavenProject - Plugin is modifying testCompileSourceRoots through clear(), which will not work in Maven 4.0.0. Use MavenProject.addTestCompileSourceRoot()/removeTestCompileSourceRoot() methods instead. If using a plugin, please upgrade to the latest version or report the issue to the plugin maintainer. To disable these warnings, set -Dmaven.project.sourceRoots.warningsDisabled=true on the command line, in the .mvn/maven.config file, or in project POM properties.
2026-06-19 11:55:47,213 [Worker-19: Building] WARN  o.apache.maven.project.MavenProject - Plugin is modifying testCompileSourceRoots through add(), which will not work in Maven 4.0.0. Use MavenProject.addTestCompileSourceRoot()/removeTestCompileSourceRoot() methods instead. If using a plugin, please upgrade to the latest version or report the issue to the plugin maintainer. To disable these warnings, set -Dmaven.project.sourceRoots.warningsDisabled=true on the command line, in the .mvn/maven.config file, or in project POM properties.
2026-06-19 11:55:52,531 [Worker-18: Loading available Gradle versions] INFO  o.e.b.c.i.u.g.PublishedGradleVersions - Gradle version information cache is out-of-date. Trying to update.
2026-06-19 11:57:56,999 [Worker-17: Loading available Gradle versions] INFO  o.e.b.c.i.u.g.PublishedGradleVersions - Gradle version information cache is up-to-date. Trying to read.
2026-06-19 11:57:57,762 [Worker-24: Launching StudentManagementApplication] WARN  o.a.m.r.i.DefaultArtifactDescriptorReader - 1 problem was encountered while building the effective model for org.javassist:javassist:jar:3.20.0-GA during dependency collection step for project (use -X to see details)
2026-06-19 11:58:52,373 [Worker-16: Building] INFO  o.e.m.c.i.embedder.EclipseLogger - Using 'UTF-8' encoding to copy filtered resources.
2026-06-19 11:58:52,373 [Worker-16: Building] INFO  o.e.m.c.i.embedder.EclipseLogger - Using 'UTF-8' encoding to copy filtered properties files.
2026-06-19 11:58:52,376 [Worker-16: Building] INFO  o.e.m.c.i.embedder.EclipseLogger - Copying 1 resource
2026-06-19 11:58:52,383 [Worker-16: Building] INFO  o.e.m.c.i.embedder.EclipseLogger - Copying 49 resources
2026-06-19 11:58:52,386 [Worker-16: Building] INFO  o.e.m.c.i.embedder.EclipseLogger - Using 'UTF-8' encoding to copy filtered resources.
2026-06-19 11:58:52,386 [Worker-16: Building] INFO  o.e.m.c.i.embedder.EclipseLogger - Using 'UTF-8' encoding to copy filtered properties files.
2026-06-19 11:58:52,386 [Worker-16: Building] INFO  o.e.m.c.i.embedder.EclipseLogger - skip non existing resourceDirectory /Users/krishpal/Major Project/Student-Management-System-main/src/test/resources
2026-06-19 11:58:52,502 [Worker-16: Building] WARN  o.apache.maven.project.MavenProject - Plugin is modifying compileSourceRoots through clear(), which will not work in Maven 4.0.0. Use MavenProject.addCompileSourceRoot()/removeCompileSourceRoot() methods instead. If using a plugin, please upgrade to the latest version or report the issue to the plugin maintainer. To disable these warnings, set -Dmaven.project.sourceRoots.warningsDisabled=true on the command line, in the .mvn/maven.config file, or in project POM properties.
2026-06-19 11:58:52,503 [Worker-16: Building] WARN  o.apache.maven.project.MavenProject - Plugin is modifying compileSourceRoots through add(), which will not work in Maven 4.0.0. Use MavenProject.addCompileSourceRoot()/removeCompileSourceRoot() methods instead. If using a plugin, please upgrade to the latest version or report the issue to the plugin maintainer. To disable these warnings, set -Dmaven.project.sourceRoots.warningsDisabled=true on the command line, in the .mvn/maven.config file, or in project POM properties.
2026-06-19 11:58:52,503 [Worker-16: Building] WARN  o.apache.maven.project.MavenProject - Plugin is modifying testCompileSourceRoots through clear(), which will not work in Maven 4.0.0. Use MavenProject.addTestCompileSourceRoot()/removeTestCompileSourceRoot() methods instead. If using a plugin, please upgrade to the latest version or report the issue to the plugin maintainer. To disable these warnings, set -Dmaven.project.sourceRoots.warningsDisabled=true on the command line, in the .mvn/maven.config file, or in project POM properties.
2026-06-19 11:58:52,503 [Worker-16: Building] WARN  o.apache.maven.project.MavenProject - Plugin is modifying testCompileSourceRoots through add(), which will not work in Maven 4.0.0. Use MavenProject.addTestCompileSourceRoot()/removeTestCompileSourceRoot() methods instead. If using a plugin, please upgrade to the latest version or report the issue to the plugin maintainer. To disable these warnings, set -Dmaven.project.sourceRoots.warningsDisabled=true on the command line, in the .mvn/maven.config file, or in project POM properties.
2026-06-19 11:58:56,624 [Worker-11: Building] INFO  o.e.m.c.i.embedder.EclipseLogger - Using 'UTF-8' encoding to copy filtered resources.
2026-06-19 11:58:56,624 [Worker-11: Building] INFO  o.e.m.c.i.embedder.EclipseLogger - Using 'UTF-8' encoding to copy filtered properties files.
2026-06-19 11:58:56,626 [Worker-11: Building] INFO  o.e.m.c.i.embedder.EclipseLogger - Copying 1 resource
2026-06-19 11:58:56,629 [Worker-11: Building] INFO  o.e.m.c.i.embedder.EclipseLogger - Copying 0 resource
2026-06-19 11:58:56,631 [Worker-11: Building] INFO  o.e.m.c.i.embedder.EclipseLogger - Using 'UTF-8' encoding to copy filtered resources.
2026-06-19 11:58:56,631 [Worker-11: Building] INFO  o.e.m.c.i.embedder.EclipseLogger - Using 'UTF-8' encoding to copy filtered properties files.
2026-06-19 11:58:56,631 [Worker-11: Building] INFO  o.e.m.c.i.embedder.EclipseLogger - skip non existing resourceDirectory /Users/krishpal/Major Project/Student-Management-System-main/src/test/resources
2026-06-19 11:58:56,631 [Worker-11: Building] WARN  o.apache.maven.project.MavenProject - Plugin is modifying compileSourceRoots through clear(), which will not work in Maven 4.0.0. Use MavenProject.addCompileSourceRoot()/removeCompileSourceRoot() methods instead. If using a plugin, please upgrade to the latest version or report the issue to the plugin maintainer. To disable these warnings, set -Dmaven.project.sourceRoots.warningsDisabled=true on the command line, in the .mvn/maven.config file, or in project POM properties.
2026-06-19 11:58:56,631 [Worker-11: Building] WARN  o.apache.maven.project.MavenProject - Plugin is modifying compileSourceRoots through add(), which will not work in Maven 4.0.0. Use MavenProject.addCompileSourceRoot()/removeCompileSourceRoot() methods instead. If using a plugin, please upgrade to the latest version or report the issue to the plugin maintainer. To disable these warnings, set -Dmaven.project.sourceRoots.warningsDisabled=true on the command line, in the .mvn/maven.config file, or in project POM properties.
2026-06-19 11:58:56,631 [Worker-11: Building] WARN  o.apache.maven.project.MavenProject - Plugin is modifying testCompileSourceRoots through clear(), which will not work in Maven 4.0.0. Use MavenProject.addTestCompileSourceRoot()/removeTestCompileSourceRoot() methods instead. If using a plugin, please upgrade to the latest version or report the issue to the plugin maintainer. To disable these warnings, set -Dmaven.project.sourceRoots.warningsDisabled=true on the command line, in the .mvn/maven.config file, or in project POM properties.
2026-06-19 11:58:56,631 [Worker-11: Building] WARN  o.apache.maven.project.MavenProject - Plugin is modifying testCompileSourceRoots through add(), which will not work in Maven 4.0.0. Use MavenProject.addTestCompileSourceRoot()/removeTestCompileSourceRoot() methods instead. If using a plugin, please upgrade to the latest version or report the issue to the plugin maintainer. To disable these warnings, set -Dmaven.project.sourceRoots.warningsDisabled=true on the command line, in the .mvn/maven.config file, or in project POM properties.
2026-06-19 12:42:07,219 [Worker-1: Loading available Gradle versions] INFO  o.e.b.c.i.u.g.PublishedGradleVersions - Gradle version information cache is up-to-date. Trying to read.
2026-06-19 12:42:08,250 [Worker-13: Launching StudentManagementApplication] WARN  o.a.m.r.i.DefaultArtifactDescriptorReader - 1 problem was encountered while building the effective model for org.javassist:javassist:jar:3.20.0-GA during dependency collection step for project (use -X to see details)
2026-06-19 12:52:36,043 [Worker-5: Loading available Gradle versions] INFO  o.e.b.c.i.u.g.PublishedGradleVersions - Gradle version information cache is up-to-date. Trying to read.
2026-06-19 12:52:36,784 [Worker-0: Launching StudentManagementApplication] WARN  o.a.m.r.i.DefaultArtifactDescriptorReader - 1 problem was encountered while building the effective model for org.javassist:javassist:jar:3.20.0-GA during dependency collection step for project (use -X to see details)
2026-06-19 13:31:54,936 [Worker-10: Loading available Gradle versions] INFO  o.e.b.c.i.u.g.PublishedGradleVersions - Gradle version information cache is up-to-date. Trying to read.
2026-06-19 13:47:54,291 [Worker-15: Launching StudentManagementApplication] WARN  o.a.m.r.i.DefaultArtifactDescriptorReader - 1 problem was encountered while building the effective model for org.javassist:javassist:jar:3.20.0-GA during dependency collection step for project (use -X to see details)
2026-06-19 23:19:06,764 [Worker-32: Building] WARN  o.apache.maven.project.MavenProject - Plugin is modifying compileSourceRoots through clear(), which will not work in Maven 4.0.0. Use MavenProject.addCompileSourceRoot()/removeCompileSourceRoot() methods instead. If using a plugin, please upgrade to the latest version or report the issue to the plugin maintainer. To disable these warnings, set -Dmaven.project.sourceRoots.warningsDisabled=true on the command line, in the .mvn/maven.config file, or in project POM properties.
2026-06-19 23:19:06,765 [Worker-32: Building] WARN  o.apache.maven.project.MavenProject - Plugin is modifying compileSourceRoots through add(), which will not work in Maven 4.0.0. Use MavenProject.addCompileSourceRoot()/removeCompileSourceRoot() methods instead. If using a plugin, please upgrade to the latest version or report the issue to the plugin maintainer. To disable these warnings, set -Dmaven.project.sourceRoots.warningsDisabled=true on the command line, in the .mvn/maven.config file, or in project POM properties.
2026-06-19 23:19:06,765 [Worker-32: Building] WARN  o.apache.maven.project.MavenProject - Plugin is modifying testCompileSourceRoots through clear(), which will not work in Maven 4.0.0. Use MavenProject.addTestCompileSourceRoot()/removeTestCompileSourceRoot() methods instead. If using a plugin, please upgrade to the latest version or report the issue to the plugin maintainer. To disable these warnings, set -Dmaven.project.sourceRoots.warningsDisabled=true on the command line, in the .mvn/maven.config file, or in project POM properties.
2026-06-19 23:19:06,765 [Worker-32: Building] WARN  o.apache.maven.project.MavenProject - Plugin is modifying testCompileSourceRoots through add(), which will not work in Maven 4.0.0. Use MavenProject.addTestCompileSourceRoot()/removeTestCompileSourceRoot() methods instead. If using a plugin, please upgrade to the latest version or report the issue to the plugin maintainer. To disable these warnings, set -Dmaven.project.sourceRoots.warningsDisabled=true on the command line, in the .mvn/maven.config file, or in project POM properties.
2026-06-19 23:44:58,851 [Worker-11: Loading available Gradle versions] INFO  o.e.b.c.i.u.g.PublishedGradleVersions - Gradle version information cache is up-to-date. Trying to read.
2026-07-02 13:43:08,982 [Worker-11: Loading available Gradle versions] INFO  o.e.b.c.i.u.g.PublishedGradleVersions - Gradle version information cache is out-of-date. Trying to update.
2026-07-02 14:02:26,114 [Worker-9: Loading available Gradle versions] INFO  o.e.b.c.i.u.g.PublishedGradleVersions - Gradle version information cache is up-to-date. Trying to read.
2026-07-02 14:03:53,802 [Worker-30: Building] WARN  o.a.m.r.i.DefaultArtifactDescriptorReader - 1 problem was encountered while building the effective model for org.javassist:javassist:jar:3.20.0-GA during dependency collection step for project (use -X to see details)
2026-07-02 14:03:54,098 [Worker-30: Building] INFO  o.e.m.c.i.embedder.EclipseLogger - Using 'UTF-8' encoding to copy filtered resources.
2026-07-02 14:03:54,099 [Worker-30: Building] INFO  o.e.m.c.i.embedder.EclipseLogger - Using 'UTF-8' encoding to copy filtered properties files.
2026-07-02 14:03:54,101 [Worker-30: Building] INFO  o.e.m.c.i.embedder.EclipseLogger - Copying 1 resource
2026-07-02 14:03:54,112 [Worker-30: Building] INFO  o.e.m.c.i.embedder.EclipseLogger - Copying 49 resources
2026-07-02 14:03:54,140 [Worker-30: Building] INFO  o.e.m.c.i.embedder.EclipseLogger - Using 'UTF-8' encoding to copy filtered resources.
2026-07-02 14:03:54,141 [Worker-30: Building] INFO  o.e.m.c.i.embedder.EclipseLogger - Using 'UTF-8' encoding to copy filtered properties files.
2026-07-02 14:03:54,141 [Worker-30: Building] INFO  o.e.m.c.i.embedder.EclipseLogger - skip non existing resourceDirectory /Users/krishpal/Major Project/Student-Management-System-main/src/test/resources
2026-07-02 14:03:54,363 [Worker-30: Building] WARN  o.apache.maven.project.MavenProject - Plugin is modifying compileSourceRoots through clear(), which will not work in Maven 4.0.0. Use MavenProject.addCompileSourceRoot()/removeCompileSourceRoot() methods instead. If using a plugin, please upgrade to the latest version or report the issue to the plugin maintainer. To disable these warnings, set -Dmaven.project.sourceRoots.warningsDisabled=true on the command line, in the .mvn/maven.config file, or in project POM properties.
2026-07-02 14:03:54,364 [Worker-30: Building] WARN  o.apache.maven.project.MavenProject - Plugin is modifying compileSourceRoots through add(), which will not work in Maven 4.0.0. Use MavenProject.addCompileSourceRoot()/removeCompileSourceRoot() methods instead. If using a plugin, please upgrade to the latest version or report the issue to the plugin maintainer. To disable these warnings, set -Dmaven.project.sourceRoots.warningsDisabled=true on the command line, in the .mvn/maven.config file, or in project POM properties.
2026-07-02 14:03:54,364 [Worker-30: Building] WARN  o.apache.maven.project.MavenProject - Plugin is modifying testCompileSourceRoots through clear(), which will not work in Maven 4.0.0. Use MavenProject.addTestCompileSourceRoot()/removeTestCompileSourceRoot() methods instead. If using a plugin, please upgrade to the latest version or report the issue to the plugin maintainer. To disable these warnings, set -Dmaven.project.sourceRoots.warningsDisabled=true on the command line, in the .mvn/maven.config file, or in project POM properties.
2026-07-02 14:03:54,364 [Worker-30: Building] WARN  o.apache.maven.project.MavenProject - Plugin is modifying testCompileSourceRoots through add(), which will not work in Maven 4.0.0. Use MavenProject.addTestCompileSourceRoot()/removeTestCompileSourceRoot() methods instead. If using a plugin, please upgrade to the latest version or report the issue to the plugin maintainer. To disable these warnings, set -Dmaven.project.sourceRoots.warningsDisabled=true on the command line, in the .mvn/maven.config file, or in project POM properties.
2026-07-05 13:47:51,832 [Worker-15: Loading available Gradle versions] INFO  o.e.b.c.i.u.g.PublishedGradleVersions - Gradle version information cache is out-of-date. Trying to update.
2026-07-05 22:31:11,031 [Worker-2: Loading available Gradle versions] INFO  o.e.b.c.i.u.g.PublishedGradleVersions - Gradle version information cache is up-to-date. Trying to read.
2026-07-05 22:40:44,419 [Worker-5: Loading available Gradle versions] INFO  o.e.b.c.i.u.g.PublishedGradleVersions - Gradle version information cache is up-to-date. Trying to read.
2026-07-05 22:41:13,305 [Worker-19: Building] WARN  o.a.m.r.i.DefaultArtifactDescriptorReader - 1 problem was encountered while building the effective model for org.javassist:javassist:jar:3.20.0-GA during dependency collection step for project (use -X to see details)
2026-07-05 22:41:13,834 [Worker-19: Building] INFO  o.e.m.c.i.embedder.EclipseLogger - Using 'UTF-8' encoding to copy filtered resources.
2026-07-05 22:41:13,834 [Worker-19: Building] INFO  o.e.m.c.i.embedder.EclipseLogger - Using 'UTF-8' encoding to copy filtered properties files.
2026-07-05 22:41:13,838 [Worker-19: Building] INFO  o.e.m.c.i.embedder.EclipseLogger - Copying 1 resource
2026-07-05 22:41:13,854 [Worker-19: Building] INFO  o.e.m.c.i.embedder.EclipseLogger - Copying 49 resources
2026-07-05 22:41:13,900 [Worker-19: Building] INFO  o.e.m.c.i.embedder.EclipseLogger - Using 'UTF-8' encoding to copy filtered resources.
2026-07-05 22:41:13,900 [Worker-19: Building] INFO  o.e.m.c.i.embedder.EclipseLogger - Using 'UTF-8' encoding to copy filtered properties files.
2026-07-05 22:41:13,901 [Worker-19: Building] INFO  o.e.m.c.i.embedder.EclipseLogger - skip non existing resourceDirectory /Users/krishpal/Major Project/Student-Management-System-main/src/test/resources
2026-07-05 22:41:14,219 [Worker-19: Building] WARN  o.apache.maven.project.MavenProject - Plugin is modifying compileSourceRoots through clear(), which will not work in Maven 4.0.0. Use MavenProject.addCompileSourceRoot()/removeCompileSourceRoot() methods instead. If using a plugin, please upgrade to the latest version or report the issue to the plugin maintainer. To disable these warnings, set -Dmaven.project.sourceRoots.warningsDisabled=true on the command line, in the .mvn/maven.config file, or in project POM properties.
2026-07-05 22:41:14,220 [Worker-19: Building] WARN  o.apache.maven.project.MavenProject - Plugin is modifying compileSourceRoots through add(), which will not work in Maven 4.0.0. Use MavenProject.addCompileSourceRoot()/removeCompileSourceRoot() methods instead. If using a plugin, please upgrade to the latest version or report the issue to the plugin maintainer. To disable these warnings, set -Dmaven.project.sourceRoots.warningsDisabled=true on the command line, in the .mvn/maven.config file, or in project POM properties.
2026-07-05 22:41:14,220 [Worker-19: Building] WARN  o.apache.maven.project.MavenProject - Plugin is modifying testCompileSourceRoots through clear(), which will not work in Maven 4.0.0. Use MavenProject.addTestCompileSourceRoot()/removeTestCompileSourceRoot() methods instead. If using a plugin, please upgrade to the latest version or report the issue to the plugin maintainer. To disable these warnings, set -Dmaven.project.sourceRoots.warningsDisabled=true on the command line, in the .mvn/maven.config file, or in project POM properties.
2026-07-05 22:41:14,220 [Worker-19: Building] WARN  o.apache.maven.project.MavenProject - Plugin is modifying testCompileSourceRoots through add(), which will not work in Maven 4.0.0. Use MavenProject.addTestCompileSourceRoot()/removeTestCompileSourceRoot() methods instead. If using a plugin, please upgrade to the latest version or report the issue to the plugin maintainer. To disable these warnings, set -Dmaven.project.sourceRoots.warningsDisabled=true on the command line, in the .mvn/maven.config file, or in project POM properties.
2026-07-05 22:57:27,071 [Worker-3: Loading available Gradle versions] INFO  o.e.b.c.i.u.g.PublishedGradleVersions - Gradle version information cache is up-to-date. Trying to read.
2026-07-06 11:29:39,045 [Worker-15: Loading available Gradle versions] INFO  o.e.b.c.i.u.g.PublishedGradleVersions - Gradle version information cache is up-to-date. Trying to read.
2026-07-07 11:13:45,438 [Worker-7: Loading available Gradle versions] INFO  o.e.b.c.i.u.g.PublishedGradleVersions - Gradle version information cache is out-of-date. Trying to update.
2026-07-07 11:33:25,343 [Worker-8: Loading available Gradle versions] INFO  o.e.b.c.i.u.g.PublishedGradleVersions - Gradle version information cache is up-to-date. Trying to read.
